policy,sample_id,latency_ms,inference_ms,analyzer_ms
mobilenet_v3_small,e969791171f72413723a,10.057203999849662,5.483735,0.0
mobilenet_v3_small,f164d1a7b2bfad695ace,9.08570100000361,5.791897,0.0
mobilenet_v3_small,44d0e6aade6060dd3a4c,9.10526799998479,5.763389,0.0
mobilenet_v3_small,b25a98271d50629a4f1d,10.742688999926033,6.910688,0.0
mobilenet_v3_small,4820256bcd3e9dc760e4,11.276406999968458,7.300112,0.0
mobilenet_v3_small,b683b233630b42dc4774,10.879054000042744,6.398446,0.0
mobilenet_v3_small,4b193d510c7badf1e9d7,9.321113000169134,5.522672,0.0
mobilenet_v3_small,ead41664127f392d4b3a,8.940953000092122,5.282244,0.0
mobilenet_v3_small,a9ccf20cebb67562b233,8.416050000050745,5.150069,0.0
mobilenet_v3_small,3de5f3a0109d307875a8,8.420609000040713,4.924322,0.0
mobilenet_v3_small,cd042851c41a91dcb39d,8.4056010000495,5.210427,0.0
mobilenet_v3_small,5986b7616a1228b54cf8,8.664366999937556,5.375841,0.0
mobilenet_v3_small,ba3f10e49fa71222a167,7.887815999993109,5.007861,0.0
mobilenet_v3_small,0b8b19a751055a1ec8a0,8.633043999907386,5.261299,0.0
mobilenet_v3_small,30fb16826a0b77fbdaf0,8.69683700011592,5.189723,0.0
mobilenet_v3_small,ddb3b09917f249dbe143,8.61468099992635,5.417396,0.0
mobilenet_v3_small,6d7204950e9ea9baf7eb,8.600082999919323,5.337899,0.0
mobilenet_v3_small,a0917b15d44486760f0e,8.345685999984198,5.158918,0.0
mobilenet_v3_small,f6ff97e8bae06024f9d5,8.63623500003996,5.40814,0.0
mobilenet_v3_small,92770e44f32b0fb3805b,8.983295000007274,5.33285,0.0
mobilenet_v3_small,2620f63214c6d4d53a2e,9.249679999811631,5.854508,0.0
mobilenet_v3_small,344dee6d7742b737b6b8,10.57566700001189,6.338523,0.0
mobilenet_v3_small,9b619751b75c8a6ad1a0,9.765112999957635,6.172541,0.0
mobilenet_v3_small,c502624fc7bb3bb7c430,8.781255999792847,5.433063,0.0
mobilenet_v3_small,f04e6a8cd69749d35aab,8.677611999928558,5.293982,0.0
mobilenet_v3_small,95a6d8332e65a953f807,8.822468000062145,5.554756,0.0
mobilenet_v3_small,417536921c3e9bb251be,9.437305999881572,5.940633,0.0
mobilenet_v3_small,13e3bcc97110094b8448,10.041085000011662,5.760632,0.0
mobilenet_v3_small,fa8dca38dfc9570aba66,8.28126099986548,5.380388,0.0
mobilenet_v3_small,119e22c1bc53d94525dc,8.573038999884375,5.348965,0.0
mobilenet_v3_small,b46523267235e8ce5297,8.586660999981177,5.392784,0.0
mobilenet_v3_small,f53fbb95080335df2c2d,8.698452999851725,5.158022,0.0
mobilenet_v3_small,560c8d4bfd14be3e6a8a,9.10022699986257,5.804887,0.0
mobilenet_v3_small,45bd4d0f4d7478b0cee3,9.03835799999797,5.691873,0.0
mobilenet_v3_small,68ae5f6b4dfe6c710ddc,12.746330000027228,7.110562,0.0
mobilenet_v3_small,6f7809e7f2cc44bd0073,8.660188000021662,5.179069,0.0
mobilenet_v3_small,822ecb098d1efd5cc425,9.857616000090276,5.125796,0.0
mobilenet_v3_small,5930368dd828c298772d,8.318314999996801,5.062892,0.0
mobilenet_v3_small,71e9baf5ea98ffedf5a8,8.31338200009668,5.104944,0.0
mobilenet_v3_small,cabe8ff46702c50e9274,8.236866999823178,5.07304,0.0
mobilenet_v3_small,edec038dc21e45a32a00,8.764768999981243,5.264346,0.0
mobilenet_v3_small,91bd6a57b11a9ffdc7f7,9.466371000144136,5.235944,0.0
mobilenet_v3_small,97909eccc6227b59cdbd,8.066641999903368,5.118133,0.0
mobilenet_v3_small,1fe86a7b0db415dc071c,8.075850000068385,4.917985,0.0
mobilenet_v3_small,073d0199c1f24a40dc5b,10.1971860001413,5.739566,0.0
mobilenet_v3_small,90e1209a31015bd22730,9.739159999980984,6.172542,0.0
mobilenet_v3_small,7c84bae86fda676d4554,9.113251000144372,5.4556,0.0
mobilenet_v3_small,a2ebfa36b363d02c435f,8.50769500016213,5.167238,0.0
mobilenet_v3_small,e1faca667619e6e13dea,7.846977999861338,5.044612,0.0
mobilenet_v3_small,1ce9829c757e18582436,9.317657000110556,5.259344,0.0
mobilenet_v3_small,383867303b559ef23d2d,8.859138999923744,5.348082,0.0
mobilenet_v3_small,1718763bdc51740a7d7a,8.369135000066308,5.10784,0.0
mobilenet_v3_small,2eeed640e4c9f230923b,7.820252999863442,4.90099,0.0
mobilenet_v3_small,e95f8f97b7e36d6619df,8.729477000088082,5.063552,0.0
mobilenet_v3_small,470a9f15033b9d2fc3d8,8.378257000003941,5.048552,0.0
mobilenet_v3_small,7bf919583e8a809b8724,8.240293999961068,5.055721,0.0
mobilenet_v3_small,71d33942636767e8ed5a,8.177180000075168,4.991741,0.0
mobilenet_v3_small,dfafa0b6ed6c5146f025,7.604543000070407,4.719312,0.0
mobilenet_v3_small,8a58d7d2fbec5278ad37,8.59893100005138,5.119081,0.0
mobilenet_v3_small,ce8529c8eee748f146d3,8.580310000070313,4.986557,0.0
mobilenet_v3_small,9fda59f5fd0df9879327,7.814033000158815,4.800572,0.0
mobilenet_v3_small,298fb3d15c1c56aa6a1b,9.223454999983003,5.794864,0.0
mobilenet_v3_small,2f0b56bb43b367cf0737,9.136237000120673,5.861139,0.0
mobilenet_v3_small,050c33a7d7f32fd92ac6,11.703483000019332,6.637386,0.0
mobilenet_v3_small,aca16af98b818790e01b,9.603691999927833,5.498747,0.0
mobilenet_v3_small,a829012efaba7982ccf9,10.879003999889392,7.031569,0.0
mobilenet_v3_small,e164986e7efd9a941c8e,10.067595000009533,5.721015,0.0
mobilenet_v3_small,441b74bb0600359a5ae1,8.841624999831765,5.384113,0.0
mobilenet_v3_small,9663eccdcbe0b346d2fb,8.421129999987897,5.286357,0.0
mobilenet_v3_small,17d5a963eb476a043cf3,8.363912000049822,5.356975,0.0
mobilenet_v3_small,a090cb4a0dea5c618439,8.71132000020225,5.020231,0.0
mobilenet_v3_small,8e0f259737a8cf29adcd,7.827828000017689,4.73891,0.0
mobilenet_v3_small,be5eaa3600e1cc67f394,8.047819000012169,4.978017,0.0
mobilenet_v3_small,c855206e6d49ba4dd808,8.632425000087096,5.04172,0.0
mobilenet_v3_small,d4dcc887e7e10d2bf5fa,7.913823999842862,4.894629,0.0
mobilenet_v3_small,42416e86d762cb8caf7a,10.763661000055436,5.724652,0.0
mobilenet_v3_small,4b548c57634f96cce13f,8.553749999919091,5.322147,0.0
mobilenet_v3_small,2a328ad9ed0463dd8e40,11.675957000079508,7.741742,0.0
mobilenet_v3_small,672289c345c6b157c122,8.775750000040716,5.205461,0.0
mobilenet_v3_small,0038ddc45cbe29596ba9,9.43213300001844,5.57637,0.0
mobilenet_v3_small,c10444f8b888582761a4,9.066975999985516,5.412944,0.0
mobilenet_v3_small,b0bfa88a566c909ba480,9.061263999910809,5.344698,0.0
mobilenet_v3_small,b9dd47e849749a3e01ef,8.545784000034473,5.072799,0.0
mobilenet_v3_small,31d5325988db9f1c752b,10.118940999973349,4.879825,0.0
mobilenet_v3_small,f5b6098226ef6b4d3008,8.584068999880401,5.259877,0.0
mobilenet_v3_small,66ea92408bb1d45e8a80,8.792338999910498,5.218912,0.0
mobilenet_v3_small,ec65f302bff6f50bb8a2,8.020478999924308,4.906825,0.0
mobilenet_v3_small,0d1cfd3c9113ab92d8a9,8.733038999935161,5.566704,0.0
mobilenet_v3_small,971fa9f2047ef0b7580b,9.42644199994902,5.997569,0.0
mobilenet_v3_small,a5cb5dce8fea0d78d48b,12.696156999936647,7.964867,0.0
mobilenet_v3_small,184cfe80bff425a554eb,9.40293600001496,5.838728,0.0
mobilenet_v3_small,b96089f5a0ee8958f842,11.115883000002214,7.517664,0.0
mobilenet_v3_small,5f27fa39b4d1da680538,10.324455000045418,5.435045,0.0
mobilenet_v3_small,3fcb8614fa0697512341,8.822242000178449,5.273125,0.0
mobilenet_v3_small,39bb040fb53a1d176cae,8.293708999872251,5.147778,0.0
mobilenet_v3_small,5722417798e696c036a9,8.591477999971175,5.190316,0.0
mobilenet_v3_small,b3b7d952751637282f6b,8.900359999870489,5.299646,0.0
mobilenet_v3_small,759cbbc8629f7d2e495f,8.287194000104137,5.125382,0.0
mobilenet_v3_small,0be2554779cb63aa7570,8.360472000049413,4.948633,0.0
mobilenet_v3_small,187e3af108481037ef18,8.292483000104767,5.182652,0.0
mobilenet_v3_small,c855206e6d49ba4dd808,8.743297999899369,5.47886,0.0
mobilenet_v3_small,13e3bcc97110094b8448,10.471288999951868,6.833404,0.0
mobilenet_v3_small,b683b233630b42dc4774,10.601224000083675,6.016101,0.0
mobilenet_v3_small,45bd4d0f4d7478b0cee3,8.946496999897136,5.311399,0.0
mobilenet_v3_small,b46523267235e8ce5297,8.31893100007619,5.317855,0.0
mobilenet_v3_small,f04e6a8cd69749d35aab,8.583450999822162,5.333412,0.0
mobilenet_v3_small,417536921c3e9bb251be,8.865095000146539,5.287037,0.0
mobilenet_v3_small,5930368dd828c298772d,8.605293000073289,5.22295,0.0
mobilenet_v3_small,91bd6a57b11a9ffdc7f7,9.66511100000389,4.925933,0.0
mobilenet_v3_small,44d0e6aade6060dd3a4c,8.04853800013916,4.904109,0.0
mobilenet_v3_small,2eeed640e4c9f230923b,7.982887999787636,5.084182,0.0
mobilenet_v3_small,b0bfa88a566c909ba480,8.602372000041214,5.026068,0.0
mobilenet_v3_small,e1faca667619e6e13dea,7.682810000005702,4.929793,0.0
mobilenet_v3_small,ba3f10e49fa71222a167,7.703472000002876,4.918925,0.0
mobilenet_v3_small,66ea92408bb1d45e8a80,8.687761000146565,5.158761,0.0
mobilenet_v3_small,92770e44f32b0fb3805b,7.5923890001377,4.703507,0.0
mobilenet_v3_small,9663eccdcbe0b346d2fb,8.248114000025453,5.199152,0.0
mobilenet_v3_small,344dee6d7742b737b6b8,8.882321000101001,5.028824,0.0
mobilenet_v3_small,5f27fa39b4d1da680538,9.21650099985527,5.202747,0.0
mobilenet_v3_small,4b193d510c7badf1e9d7,7.982644000094297,4.914905,0.0
mobilenet_v3_small,7c84bae86fda676d4554,8.27318100004959,4.980043,0.0
mobilenet_v3_small,184cfe80bff425a554eb,8.129239999789206,4.981825,0.0
mobilenet_v3_small,470a9f15033b9d2fc3d8,8.122215999947002,4.862701,0.0
mobilenet_v3_small,9fda59f5fd0df9879327,8.044626000128119,4.974424,0.0
mobilenet_v3_small,17d5a963eb476a043cf3,8.826883999972779,5.74416,0.0
mobilenet_v3_small,b25a98271d50629a4f1d,8.473654999988867,5.138461,0.0
mobilenet_v3_small,5986b7616a1228b54cf8,8.008668000002217,4.790126,0.0
mobilenet_v3_small,b3b7d952751637282f6b,8.577428999842596,5.055038,0.0
mobilenet_v3_small,95a6d8332e65a953f807,7.737448999932894,4.905938,0.0
mobilenet_v3_small,298fb3d15c1c56aa6a1b,8.23134300003403,4.909148,0.0
mobilenet_v3_small,dfafa0b6ed6c5146f025,8.34923100001106,5.162232,0.0
mobilenet_v3_small,822ecb098d1efd5cc425,9.230886999830544,4.791275,0.0
mobilenet_v3_small,3de5f3a0109d307875a8,8.126509000021542,4.921115,0.0
mobilenet_v3_small,6d7204950e9ea9baf7eb,8.250318000136758,5.083114,0.0
mobilenet_v3_small,a829012efaba7982ccf9,8.528766000154064,5.05107,0.0
mobilenet_v3_small,a9ccf20cebb67562b233,7.91459499987468,4.874219,0.0
mobilenet_v3_small,441b74bb0600359a5ae1,8.198017000040636,4.994883,0.0
mobilenet_v3_small,8a58d7d2fbec5278ad37,7.895361000009871,4.872414,0.0
mobilenet_v3_small,0be2554779cb63aa7570,7.761243999993894,4.604545,0.0
mobilenet_v3_small,ce8529c8eee748f146d3,8.345240999915404,4.804897,0.0
mobilenet_v3_small,a5cb5dce8fea0d78d48b,7.752251000056276,4.784175,0.0
mobilenet_v3_small,4820256bcd3e9dc760e4,8.475409000084255,5.06592,0.0
mobilenet_v3_small,1ce9829c757e18582436,9.750519000135682,5.936693,0.0
mobilenet_v3_small,6f7809e7f2cc44bd0073,8.991658000013558,5.249986,0.0
mobilenet_v3_small,d4dcc887e7e10d2bf5fa,8.654139000100258,5.146239,0.0
mobilenet_v3_small,be5eaa3600e1cc67f394,9.442906999993284,5.33154,0.0
mobilenet_v3_small,383867303b559ef23d2d,8.663515000080224,5.207694,0.0
mobilenet_v3_small,187e3af108481037ef18,8.214995999878738,5.151421,0.0
mobilenet_v3_small,0038ddc45cbe29596ba9,8.07340899996234,4.879605,0.0
mobilenet_v3_small,a2ebfa36b363d02c435f,8.74769400002151,5.235259,0.0
mobilenet_v3_small,8e0f259737a8cf29adcd,8.79419400007464,5.428851,0.0
mobilenet_v3_small,672289c345c6b157c122,10.655106000058367,5.579009,0.0
mobilenet_v3_small,97909eccc6227b59cdbd,8.578908999879786,5.559338,0.0
mobilenet_v3_small,ead41664127f392d4b3a,8.792052999979205,5.539126,0.0
mobilenet_v3_small,e95f8f97b7e36d6619df,9.99761100001706,6.429707,0.0
mobilenet_v3_small,4b548c57634f96cce13f,11.82686900006047,7.387264,0.0
mobilenet_v3_small,971fa9f2047ef0b7580b,15.292374999944514,11.095312,0.0
mobilenet_v3_small,2620f63214c6d4d53a2e,21.20829300019977,12.10369,0.0
mobilenet_v3_small,cd042851c41a91dcb39d,20.89980799996738,12.014202,0.0
mobilenet_v3_small,560c8d4bfd14be3e6a8a,20.677178999903845,12.080289,0.0
mobilenet_v3_small,71d33942636767e8ed5a,17.856787000027907,9.704805,0.0
mobilenet_v3_small,f6ff97e8bae06024f9d5,25.541499999917505,16.121895,0.0
mobilenet_v3_small,71e9baf5ea98ffedf5a8,14.799005999975634,7.833332,0.0
mobilenet_v3_small,30fb16826a0b77fbdaf0,13.286599999901227,8.627873,0.0
mobilenet_v3_small,073d0199c1f24a40dc5b,15.249844999971174,9.161155,0.0
mobilenet_v3_small,b9dd47e849749a3e01ef,10.618552999858366,5.867429,0.0
mobilenet_v3_small,050c33a7d7f32fd92ac6,8.486145999995642,5.156336,0.0
mobilenet_v3_small,5722417798e696c036a9,9.830512999997154,5.312643,0.0
mobilenet_v3_small,0b8b19a751055a1ec8a0,8.697339999798714,5.292067,0.0
mobilenet_v3_small,9b619751b75c8a6ad1a0,9.164051999960066,5.544271,0.0
mobilenet_v3_small,31d5325988db9f1c752b,10.588566000024002,4.982662,0.0
mobilenet_v3_small,b96089f5a0ee8958f842,8.088318999853072,5.07603,0.0
mobilenet_v3_small,3fcb8614fa0697512341,9.514946999843232,5.323464,0.0
mobilenet_v3_small,f164d1a7b2bfad695ace,8.405214999811506,5.17646,0.0
mobilenet_v3_small,f53fbb95080335df2c2d,7.726822999984506,4.688356,0.0
mobilenet_v3_small,68ae5f6b4dfe6c710ddc,8.509540999966703,4.919986,0.0
mobilenet_v3_small,2a328ad9ed0463dd8e40,8.35296099990046,5.039234,0.0
mobilenet_v3_small,e164986e7efd9a941c8e,8.73618900004658,5.476786,0.0
mobilenet_v3_small,edec038dc21e45a32a00,8.197079000183294,5.095903,0.0
mobilenet_v3_small,c502624fc7bb3bb7c430,8.351655000069513,5.050044,0.0
mobilenet_v3_small,cabe8ff46702c50e9274,8.153703000061796,5.037913,0.0
mobilenet_v3_small,759cbbc8629f7d2e495f,8.023497000067437,4.96773,0.0
mobilenet_v3_small,aca16af98b818790e01b,8.262175000027128,5.02358,0.0
mobilenet_v3_small,0d1cfd3c9113ab92d8a9,8.1055620000825,4.951192,0.0
mobilenet_v3_small,39bb040fb53a1d176cae,8.147742999881302,4.976876,0.0
mobilenet_v3_small,a0917b15d44486760f0e,8.345362000000023,5.044952,0.0
mobilenet_v3_small,ddb3b09917f249dbe143,8.24713899987728,5.213177,0.0
mobilenet_v3_small,1fe86a7b0db415dc071c,10.50702500015177,6.686985,0.0
mobilenet_v3_small,f5b6098226ef6b4d3008,8.522464999941803,5.130509,0.0
mobilenet_v3_small,e969791171f72413723a,9.781552999811538,4.862235,0.0
mobilenet_v3_small,2f0b56bb43b367cf0737,8.636699999897246,5.395027,0.0
mobilenet_v3_small,42416e86d762cb8caf7a,8.700428999873111,5.170633,0.0
mobilenet_v3_small,7bf919583e8a809b8724,7.872020999911911,4.796101,0.0
mobilenet_v3_small,1718763bdc51740a7d7a,8.288685000024998,5.026338,0.0
mobilenet_v3_small,c10444f8b888582761a4,8.540885000002163,5.357865,0.0
mobilenet_v3_small,90e1209a31015bd22730,7.5580739999168145,4.847186,0.0
mobilenet_v3_small,fa8dca38dfc9570aba66,8.539773999928002,5.544368,0.0
mobilenet_v3_small,ec65f302bff6f50bb8a2,10.233994999907736,5.811511,0.0
mobilenet_v3_small,119e22c1bc53d94525dc,9.1462949999368,5.980778,0.0
mobilenet_v3_small,a090cb4a0dea5c618439,9.683448000032511,5.72242,0.0
mobilenet_v3_small,4b548c57634f96cce13f,8.40860099992824,5.119852,0.0
mobilenet_v3_small,9fda59f5fd0df9879327,8.3020370000213,5.040103,0.0
mobilenet_v3_small,a0917b15d44486760f0e,8.867240000199672,5.439244,0.0
mobilenet_v3_small,edec038dc21e45a32a00,8.27588599986484,4.994838,0.0
mobilenet_v3_small,b9dd47e849749a3e01ef,8.64865399989867,5.222224,0.0
mobilenet_v3_small,13e3bcc97110094b8448,8.72185899993383,5.182582,0.0
mobilenet_v3_small,417536921c3e9bb251be,8.740694999914922,5.331665,0.0
mobilenet_v3_small,2a328ad9ed0463dd8e40,8.6048389998723,5.148547,0.0
mobilenet_v3_small,0d1cfd3c9113ab92d8a9,9.406651000062991,5.534081,0.0
mobilenet_v3_small,560c8d4bfd14be3e6a8a,9.815335999974195,5.946019,0.0
mobilenet_v3_small,1fe86a7b0db415dc071c,9.020417000101588,5.337669,0.0
mobilenet_v3_small,17d5a963eb476a043cf3,8.347131999926205,5.277297,0.0
mobilenet_v3_small,31d5325988db9f1c752b,10.612422000122024,4.937655,0.0
mobilenet_v3_small,45bd4d0f4d7478b0cee3,8.376855000051364,5.09952,0.0
mobilenet_v3_small,4820256bcd3e9dc760e4,8.268138999937946,5.080901,0.0
mobilenet_v3_small,383867303b559ef23d2d,7.997094999836918,4.816988,0.0
mobilenet_v3_small,0be2554779cb63aa7570,8.633347000113645,5.091172,0.0
mobilenet_v3_small,6d7204950e9ea9baf7eb,8.118906000163406,4.970172,0.0
mobilenet_v3_small,672289c345c6b157c122,8.713136999858762,5.2406,0.0
mobilenet_v3_small,cabe8ff46702c50e9274,8.419859000014185,5.063533,0.0
mobilenet_v3_small,3de5f3a0109d307875a8,8.19040400006088,5.008131,0.0
mobilenet_v3_small,b3b7d952751637282f6b,8.43937299987374,4.995408,0.0
mobilenet_v3_small,ddb3b09917f249dbe143,8.097261999864713,4.953936,0.0
mobilenet_v3_small,e969791171f72413723a,10.69269799995709,5.55686,0.0
mobilenet_v3_small,298fb3d15c1c56aa6a1b,8.702881000090201,5.165876,0.0
mobilenet_v3_small,68ae5f6b4dfe6c710ddc,8.456866999949852,5.055325,0.0
mobilenet_v3_small,f53fbb95080335df2c2d,8.357600000181264,5.133139,0.0
mobilenet_v3_small,a5cb5dce8fea0d78d48b,9.381250999922486,6.226434,0.0
mobilenet_v3_small,ec65f302bff6f50bb8a2,9.731004000059327,5.896225,0.0
mobilenet_v3_small,a9ccf20cebb67562b233,8.8758870001584,5.509123,0.0
mobilenet_v3_small,b25a98271d50629a4f1d,9.24151500021253,5.798695,0.0
mobilenet_v3_small,3fcb8614fa0697512341,12.085777000038432,7.97452,0.0
mobilenet_v3_small,4b193d510c7badf1e9d7,10.107913999945596,6.176263,0.0
mobilenet_v3_small,b683b233630b42dc4774,12.595543999850634,8.196589,0.0
mobilenet_v3_small,c855206e6d49ba4dd808,10.85225699989678,5.94577,0.0
mobilenet_v3_small,050c33a7d7f32fd92ac6,8.990100999881179,5.425317,0.0
mobilenet_v3_small,f6ff97e8bae06024f9d5,9.019965000106822,5.394667,0.0
mobilenet_v3_small,6f7809e7f2cc44bd0073,9.285212999884608,5.675926,0.0
mobilenet_v3_small,b0bfa88a566c909ba480,8.882511999900089,5.357663,0.0
mobilenet_v3_small,b96089f5a0ee8958f842,8.594354000024396,5.219166,0.0
mobilenet_v3_small,1ce9829c757e18582436,9.03062499992302,5.573484,0.0
mobilenet_v3_small,2eeed640e4c9f230923b,8.690541999840207,5.476912,0.0
mobilenet_v3_small,a2ebfa36b363d02c435f,8.946125000193206,5.649819,0.0
mobilenet_v3_small,073d0199c1f24a40dc5b,9.809356999994634,6.151752,0.0
mobilenet_v3_small,c10444f8b888582761a4,12.488965000102326,6.918736,0.0
mobilenet_v3_small,cd042851c41a91dcb39d,9.072844999991505,5.437047,0.0
mobilenet_v3_small,e95f8f97b7e36d6619df,8.850601000176539,5.219254,0.0
mobilenet_v3_small,be5eaa3600e1cc67f394,8.266132000017024,5.063322,0.0
mobilenet_v3_small,95a6d8332e65a953f807,8.075437999877977,5.104814,0.0
mobilenet_v3_small,9663eccdcbe0b346d2fb,8.572727000000668,5.31514,0.0
mobilenet_v3_small,5986b7616a1228b54cf8,8.638633999908052,5.221963,0.0
mobilenet_v3_small,c502624fc7bb3bb7c430,8.496790999970472,5.227325,0.0
mobilenet_v3_small,2f0b56bb43b367cf0737,8.686592999993081,5.509248,0.0
mobilenet_v3_small,b46523267235e8ce5297,8.54692600000817,5.500025,0.0
mobilenet_v3_small,ce8529c8eee748f146d3,9.57922099996722,5.661137,0.0
mobilenet_v3_small,44d0e6aade6060dd3a4c,11.550790999990568,7.754633,0.0
mobilenet_v3_small,dfafa0b6ed6c5146f025,10.585939000065991,6.118771,0.0
mobilenet_v3_small,ba3f10e49fa71222a167,8.477369000047474,5.36469,0.0
mobilenet_v3_small,30fb16826a0b77fbdaf0,8.999295999956303,5.272519,0.0
mobilenet_v3_small,5930368dd828c298772d,9.763945000031526,6.222779,0.0
mobilenet_v3_small,91bd6a57b11a9ffdc7f7,10.67800700002408,5.765283,0.0
mobilenet_v3_small,e1faca667619e6e13dea,8.586069000102725,5.336275,0.0
mobilenet_v3_small,9b619751b75c8a6ad1a0,8.650354000110383,5.258021,0.0
mobilenet_v3_small,971fa9f2047ef0b7580b,9.102962999804731,5.834447,0.0
mobilenet_v3_small,8e0f259737a8cf29adcd,8.90795700001945,5.619848,0.0
mobilenet_v3_small,0b8b19a751055a1ec8a0,9.892423000110284,6.224752,0.0
mobilenet_v3_small,7bf919583e8a809b8724,12.018613000009282,8.060806,0.0
mobilenet_v3_small,7c84bae86fda676d4554,9.257123999987016,5.516907,0.0
mobilenet_v3_small,fa8dca38dfc9570aba66,9.375649000048725,5.822589,0.0
mobilenet_v3_small,759cbbc8629f7d2e495f,9.03514400010863,5.448133,0.0
mobilenet_v3_small,2620f63214c6d4d53a2e,8.676661000208696,5.367971,0.0
mobilenet_v3_small,71e9baf5ea98ffedf5a8,8.426208000173574,5.15402,0.0
mobilenet_v3_small,a829012efaba7982ccf9,9.09569600003124,5.363651,0.0
mobilenet_v3_small,f164d1a7b2bfad695ace,8.773333000135608,5.293066,0.0
mobilenet_v3_small,97909eccc6227b59cdbd,8.046633000049042,5.066499,0.0
mobilenet_v3_small,822ecb098d1efd5cc425,10.00150000004396,4.842471,0.0
mobilenet_v3_small,344dee6d7742b737b6b8,8.638629999950354,5.142796,0.0
mobilenet_v3_small,a090cb4a0dea5c618439,9.478861999923538,5.398297,0.0
mobilenet_v3_small,0038ddc45cbe29596ba9,9.512739999991028,5.286486,0.0
mobilenet_v3_small,92770e44f32b0fb3805b,8.414913000024171,5.033683,0.0
mobilenet_v3_small,e164986e7efd9a941c8e,8.656674000121711,5.249664,0.0
mobilenet_v3_small,66ea92408bb1d45e8a80,8.982908000007228,5.286083,0.0
mobilenet_v3_small,5f27fa39b4d1da680538,9.130873999993128,5.011739,0.0
mobilenet_v3_small,39bb040fb53a1d176cae,8.057067999970968,4.902346,0.0
mobilenet_v3_small,5722417798e696c036a9,8.219734000022072,4.808706,0.0
mobilenet_v3_small,470a9f15033b9d2fc3d8,8.181059999969875,4.957274,0.0
mobilenet_v3_small,8a58d7d2fbec5278ad37,8.117615000173828,5.076235,0.0
mobilenet_v3_small,d4dcc887e7e10d2bf5fa,8.255546000100367,5.065651,0.0
mobilenet_v3_small,187e3af108481037ef18,8.454695999944306,5.311634,0.0
mobilenet_v3_small,441b74bb0600359a5ae1,8.85505699989153,5.372651,0.0
mobilenet_v3_small,119e22c1bc53d94525dc,7.967789000076664,4.919946,0.0
mobilenet_v3_small,184cfe80bff425a554eb,8.21913400000085,4.988347,0.0
mobilenet_v3_small,f5b6098226ef6b4d3008,8.435185000053025,5.02332,0.0
mobilenet_v3_small,1718763bdc51740a7d7a,7.662470000013855,4.701782,0.0
mobilenet_v3_small,42416e86d762cb8caf7a,8.216902999947706,4.884607,0.0
mobilenet_v3_small,f04e6a8cd69749d35aab,8.268115999953807,5.161514,0.0
mobilenet_v3_small,ead41664127f392d4b3a,8.096319000060248,4.854052,0.0
mobilenet_v3_small,90e1209a31015bd22730,7.852228000047035,5.083912,0.0
mobilenet_v3_small,71d33942636767e8ed5a,8.589289999918037,5.317463,0.0
mobilenet_v3_small,aca16af98b818790e01b,8.461758000066766,5.203283,0.0
resnet50,e969791171f72413723a,146.05906299993876,141.882639,0.0
resnet50,f164d1a7b2bfad695ace,145.1238239999384,140.841432,0.0
resnet50,44d0e6aade6060dd3a4c,144.90861800004495,141.188071,0.0
resnet50,b25a98271d50629a4f1d,149.69021499996416,145.94283,0.0
resnet50,4820256bcd3e9dc760e4,141.98830899999848,137.556067,0.0
resnet50,b683b233630b42dc4774,142.96817599984024,139.062336,0.0
resnet50,4b193d510c7badf1e9d7,166.70244299984915,162.409524,0.0
resnet50,ead41664127f392d4b3a,141.54011499999797,137.131838,0.0
resnet50,a9ccf20cebb67562b233,141.60367699992094,138.312323,0.0
resnet50,3de5f3a0109d307875a8,144.31781500002216,140.978967,0.0
resnet50,cd042851c41a91dcb39d,143.22211700005028,139.093817,0.0
resnet50,5986b7616a1228b54cf8,143.53708599992387,139.944674,0.0
resnet50,ba3f10e49fa71222a167,147.51954600001227,143.578272,0.0
resnet50,0b8b19a751055a1ec8a0,146.1096749999342,141.33502,0.0
resnet50,30fb16826a0b77fbdaf0,144.60910499997226,140.747196,0.0
resnet50,ddb3b09917f249dbe143,146.34501499995167,142.450231,0.0
resnet50,6d7204950e9ea9baf7eb,142.65841900009946,138.301232,0.0
resnet50,a0917b15d44486760f0e,139.44329999981164,135.818038,0.0
resnet50,f6ff97e8bae06024f9d5,145.65561400013394,141.073369,0.0
resnet50,92770e44f32b0fb3805b,157.45642599995335,154.055938,0.0
resnet50,2620f63214c6d4d53a2e,141.5920379999989,137.147666,0.0
resnet50,344dee6d7742b737b6b8,153.78444500015576,149.060818,0.0
resnet50,9b619751b75c8a6ad1a0,197.76384900001176,193.974152,0.0
resnet50,c502624fc7bb3bb7c430,178.93091099995218,175.398751,0.0
resnet50,f04e6a8cd69749d35aab,175.79070800002228,172.436932,0.0
resnet50,95a6d8332e65a953f807,167.95851500000936,165.054068,0.0
resnet50,417536921c3e9bb251be,183.6654080000244,179.946351,0.0
resnet50,13e3bcc97110094b8448,180.1715889998832,176.618151,0.0
resnet50,fa8dca38dfc9570aba66,230.4283850000957,217.466849,0.0
resnet50,119e22c1bc53d94525dc,176.34709399999338,172.246878,0.0
resnet50,b46523267235e8ce5297,168.47944100004497,165.582686,0.0
resnet50,f53fbb95080335df2c2d,174.07415000002402,170.774635,0.0
resnet50,560c8d4bfd14be3e6a8a,170.1131280001391,166.743836,0.0
resnet50,45bd4d0f4d7478b0cee3,173.60908000000563,170.055069,0.0
resnet50,68ae5f6b4dfe6c710ddc,173.7099730000864,170.293095,0.0
resnet50,6f7809e7f2cc44bd0073,210.5386890000318,206.519552,0.0
resnet50,822ecb098d1efd5cc425,188.4374389999266,182.747163,0.0
resnet50,5930368dd828c298772d,174.13513899987265,170.866038,0.0
resnet50,71e9baf5ea98ffedf5a8,146.87925700013693,143.781797,0.0
resnet50,cabe8ff46702c50e9274,139.5747639999172,136.584784,0.0
resnet50,edec038dc21e45a32a00,141.9523780000418,138.351119,0.0
resnet50,91bd6a57b11a9ffdc7f7,150.30182600003172,146.286586,0.0
resnet50,97909eccc6227b59cdbd,139.7069580000334,136.699316,0.0
resnet50,1fe86a7b0db415dc071c,142.19438400004947,138.932467,0.0
resnet50,073d0199c1f24a40dc5b,145.26190300011876,142.163647,0.0
resnet50,90e1209a31015bd22730,146.80083100006414,143.849566,0.0
resnet50,7c84bae86fda676d4554,142.20074099989688,138.941922,0.0
resnet50,a2ebfa36b363d02c435f,143.15453399990474,139.693084,0.0
resnet50,e1faca667619e6e13dea,143.1136000001061,139.752484,0.0
resnet50,1ce9829c757e18582436,152.76228200013975,149.39072,0.0
resnet50,383867303b559ef23d2d,136.3594369997827,133.301124,0.0
resnet50,1718763bdc51740a7d7a,142.82816500008266,139.620021,0.0
resnet50,2eeed640e4c9f230923b,146.9006319998698,144.132404,0.0
resnet50,e95f8f97b7e36d6619df,143.9074319998781,140.655464,0.0
resnet50,470a9f15033b9d2fc3d8,147.94576199983567,144.557196,0.0
resnet50,7bf919583e8a809b8724,140.33473399990726,136.952089,0.0
resnet50,71d33942636767e8ed5a,151.6990730001453,148.359024,0.0
resnet50,dfafa0b6ed6c5146f025,145.6816299998991,142.148422,0.0
resnet50,8a58d7d2fbec5278ad37,143.53242699985458,140.464787,0.0
resnet50,ce8529c8eee748f146d3,142.08162099998844,138.306177,0.0
resnet50,9fda59f5fd0df9879327,143.28066899997793,139.844228,0.0
resnet50,298fb3d15c1c56aa6a1b,147.4379419998968,144.212265,0.0
resnet50,2f0b56bb43b367cf0737,138.296088000061,135.243651,0.0
resnet50,050c33a7d7f32fd92ac6,136.38066800012894,133.462722,0.0
resnet50,aca16af98b818790e01b,136.070817000018,132.832029,0.0
resnet50,a829012efaba7982ccf9,175.35096699998576,170.844981,0.0
resnet50,e164986e7efd9a941c8e,160.00512499999786,152.9814,0.0
resnet50,441b74bb0600359a5ae1,141.10229600009916,137.595618,0.0
resnet50,9663eccdcbe0b346d2fb,143.24215900001036,139.970499,0.0
resnet50,17d5a963eb476a043cf3,143.55640299982042,140.869901,0.0
resnet50,a090cb4a0dea5c618439,142.16584100017826,138.735973,0.0
resnet50,8e0f259737a8cf29adcd,143.86811200006375,140.891592,0.0
resnet50,be5eaa3600e1cc67f394,140.33904999996594,137.353014,0.0
resnet50,c855206e6d49ba4dd808,144.31367399993178,140.634546,0.0
resnet50,d4dcc887e7e10d2bf5fa,142.1465389998957,139.085727,0.0
resnet50,42416e86d762cb8caf7a,139.97175100007553,136.737127,0.0
resnet50,4b548c57634f96cce13f,136.64025000002766,133.63979,0.0
resnet50,2a328ad9ed0463dd8e40,138.22960200013767,135.144325,0.0
resnet50,672289c345c6b157c122,140.1974620000601,137.051144,0.0
resnet50,0038ddc45cbe29596ba9,135.33223500007807,132.127456,0.0
resnet50,c10444f8b888582761a4,144.39803400000528,141.061527,0.0
resnet50,b0bfa88a566c909ba480,145.55263399984142,141.731821,0.0
resnet50,b9dd47e849749a3e01ef,149.9895429999469,146.540338,0.0
resnet50,31d5325988db9f1c752b,141.33208399994146,135.600452,0.0
resnet50,f5b6098226ef6b4d3008,136.8055309999363,133.446843,0.0
resnet50,66ea92408bb1d45e8a80,143.44065599993883,139.928898,0.0
resnet50,ec65f302bff6f50bb8a2,141.38883599980545,138.131792,0.0
resnet50,0d1cfd3c9113ab92d8a9,154.11725599983583,151.029626,0.0
resnet50,971fa9f2047ef0b7580b,142.24343499995484,138.658849,0.0
resnet50,a5cb5dce8fea0d78d48b,138.232465000101,134.822823,0.0
resnet50,184cfe80bff425a554eb,141.8189139999413,138.667136,0.0
resnet50,b96089f5a0ee8958f842,141.0635130000628,137.937861,0.0
resnet50,5f27fa39b4d1da680538,138.2427139999436,134.137619,0.0
resnet50,3fcb8614fa0697512341,137.27871099990807,134.137211,0.0
resnet50,39bb040fb53a1d176cae,147.0843760000662,143.888573,0.0
resnet50,5722417798e696c036a9,145.3504169999178,142.023126,0.0
resnet50,b3b7d952751637282f6b,139.81965099992522,136.443729,0.0
resnet50,759cbbc8629f7d2e495f,155.73904500001845,152.454445,0.0
resnet50,0be2554779cb63aa7570,153.15030800002205,149.616261,0.0
resnet50,187e3af108481037ef18,139.35950800009778,136.17788,0.0
resnet50,c855206e6d49ba4dd808,135.63602299996091,132.564217,0.0
resnet50,13e3bcc97110094b8448,140.52503800007798,137.252765,0.0
resnet50,b683b233630b42dc4774,146.08236200001556,142.663498,0.0
resnet50,45bd4d0f4d7478b0cee3,137.20574299986765,133.998158,0.0
resnet50,b46523267235e8ce5297,144.83577999999395,142.067258,0.0
resnet50,f04e6a8cd69749d35aab,140.34849300014685,137.372953,0.0
resnet50,417536921c3e9bb251be,145.66905099991345,142.465062,0.0
resnet50,5930368dd828c298772d,141.6518559999531,138.782559,0.0
resnet50,91bd6a57b11a9ffdc7f7,145.93166500003463,142.087178,0.0
resnet50,44d0e6aade6060dd3a4c,141.62912000006145,138.403999,0.0
resnet50,2eeed640e4c9f230923b,141.8498840000666,138.881249,0.0
resnet50,b0bfa88a566c909ba480,138.70656199992482,135.467009,0.0
resnet50,e1faca667619e6e13dea,144.96893299997282,142.264192,0.0
resnet50,ba3f10e49fa71222a167,145.12224800000695,142.273182,0.0
resnet50,66ea92408bb1d45e8a80,307.8158379998968,304.244727,0.0
resnet50,92770e44f32b0fb3805b,163.2101039999725,159.760911,0.0
resnet50,9663eccdcbe0b346d2fb,152.9475919999186,149.951049,0.0
resnet50,344dee6d7742b737b6b8,137.83820099979494,134.205128,0.0
resnet50,5f27fa39b4d1da680538,157.03862899999876,152.538633,0.0
resnet50,4b193d510c7badf1e9d7,141.62132799992833,138.24057,0.0
resnet50,7c84bae86fda676d4554,149.04922000005172,145.632519,0.0
resnet50,184cfe80bff425a554eb,187.99907900006477,184.563681,0.0
resnet50,470a9f15033b9d2fc3d8,172.19667500012292,168.077195,0.0
resnet50,9fda59f5fd0df9879327,140.46497699996507,137.186373,0.0
resnet50,17d5a963eb476a043cf3,160.6545439999536,157.360895,0.0
resnet50,b25a98271d50629a4f1d,191.0385270000461,187.396122,0.0
resnet50,5986b7616a1228b54cf8,196.81596999998877,193.469805,0.0
resnet50,b3b7d952751637282f6b,161.62410499987345,156.91174,0.0
resnet50,95a6d8332e65a953f807,140.46801599988612,137.60427,0.0
resnet50,298fb3d15c1c56aa6a1b,139.74339499986854,136.488738,0.0
resnet50,dfafa0b6ed6c5146f025,143.14607999995133,139.644325,0.0
resnet50,822ecb098d1efd5cc425,164.19781199988392,159.219359,0.0
resnet50,3de5f3a0109d307875a8,197.26245499987272,193.603067,0.0
resnet50,6d7204950e9ea9baf7eb,155.7929640000566,152.277128,0.0
resnet50,a829012efaba7982ccf9,142.97344399983558,139.214133,0.0
resnet50,a9ccf20cebb67562b233,144.14426799999092,140.95925,0.0
resnet50,441b74bb0600359a5ae1,138.70109899994532,135.581105,0.0
resnet50,8a58d7d2fbec5278ad37,139.8859660000653,136.853565,0.0
resnet50,0be2554779cb63aa7570,140.26385900001517,136.991688,0.0
resnet50,ce8529c8eee748f146d3,162.48157399991214,158.778337,0.0
resnet50,a5cb5dce8fea0d78d48b,149.68642999997428,145.477081,0.0
resnet50,4820256bcd3e9dc760e4,165.6728610000755,162.229276,0.0
resnet50,1ce9829c757e18582436,142.3896710000463,137.657692,0.0
resnet50,6f7809e7f2cc44bd0073,147.33232000003227,143.640945,0.0
resnet50,d4dcc887e7e10d2bf5fa,171.11030000000935,166.766245,0.0
resnet50,be5eaa3600e1cc67f394,146.4038139999957,142.809096,0.0
resnet50,383867303b559ef23d2d,226.78435900002117,222.360109,0.0
resnet50,187e3af108481037ef18,200.12979200009795,191.925758,0.0
resnet50,0038ddc45cbe29596ba9,171.09842300010314,167.307751,0.0
resnet50,a2ebfa36b363d02c435f,160.2847929998461,156.598927,0.0
resnet50,8e0f259737a8cf29adcd,168.02161700002216,164.115378,0.0
resnet50,672289c345c6b157c122,148.94514299999173,145.527706,0.0
resnet50,97909eccc6227b59cdbd,147.47342299983757,144.462244,0.0
resnet50,ead41664127f392d4b3a,171.00460200003909,167.409383,0.0
resnet50,e95f8f97b7e36d6619df,173.81959700014704,169.944741,0.0
resnet50,4b548c57634f96cce13f,160.8942399998341,157.388854,0.0
resnet50,971fa9f2047ef0b7580b,154.2664500000228,150.874635,0.0
resnet50,2620f63214c6d4d53a2e,153.22084200010977,149.52391,0.0
resnet50,cd042851c41a91dcb39d,199.776287000077,192.19964,0.0
resnet50,560c8d4bfd14be3e6a8a,140.3301069999543,137.001652,0.0
resnet50,71d33942636767e8ed5a,160.62650399999256,157.713651,0.0
resnet50,f6ff97e8bae06024f9d5,150.60133599990877,146.781813,0.0
resnet50,71e9baf5ea98ffedf5a8,151.5676159999657,148.114112,0.0
resnet50,30fb16826a0b77fbdaf0,141.66049200002817,138.084002,0.0
resnet50,073d0199c1f24a40dc5b,163.39068900015263,159.566554,0.0
resnet50,b9dd47e849749a3e01ef,145.80567200005137,141.838014,0.0
resnet50,050c33a7d7f32fd92ac6,170.23558799996863,167.132846,0.0
resnet50,5722417798e696c036a9,141.44607299999734,137.925089,0.0
resnet50,0b8b19a751055a1ec8a0,139.9653999999373,136.286699,0.0
resnet50,9b619751b75c8a6ad1a0,145.71284099997683,142.521415,0.0
resnet50,31d5325988db9f1c752b,143.46858900012194,138.146943,0.0
resnet50,b96089f5a0ee8958f842,138.94944000003306,136.072209,0.0
resnet50,3fcb8614fa0697512341,142.40643900006944,139.327636,0.0
resnet50,f164d1a7b2bfad695ace,138.28943799990157,134.99927,0.0
resnet50,f53fbb95080335df2c2d,150.19409800015637,147.229527,0.0
resnet50,68ae5f6b4dfe6c710ddc,140.5664720000459,136.726822,0.0
resnet50,2a328ad9ed0463dd8e40,146.40786799986927,143.09046,0.0
resnet50,e164986e7efd9a941c8e,137.6336349999292,134.417835,0.0
resnet50,edec038dc21e45a32a00,142.9918329999964,139.884915,0.0
resnet50,c502624fc7bb3bb7c430,144.0019530000427,140.793756,0.0
resnet50,cabe8ff46702c50e9274,176.85713400010172,173.315071,0.0
resnet50,759cbbc8629f7d2e495f,180.96856700003627,177.427203,0.0
resnet50,aca16af98b818790e01b,141.49235199988652,138.200567,0.0
resnet50,0d1cfd3c9113ab92d8a9,143.96084499981043,140.126621,0.0
resnet50,39bb040fb53a1d176cae,146.93054300005315,143.725878,0.0
resnet50,a0917b15d44486760f0e,179.92838800000754,176.746524,0.0
resnet50,ddb3b09917f249dbe143,152.7196859999549,149.272378,0.0
resnet50,1fe86a7b0db415dc071c,186.0184450001725,182.410636,0.0
resnet50,f5b6098226ef6b4d3008,263.387234999982,259.784235,0.0
resnet50,e969791171f72413723a,159.69707699991886,154.403376,0.0
resnet50,2f0b56bb43b367cf0737,138.59903499997017,135.32971,0.0
resnet50,42416e86d762cb8caf7a,147.6024870000856,143.7957,0.0
resnet50,7bf919583e8a809b8724,150.38805300014246,145.424155,0.0
resnet50,1718763bdc51740a7d7a,155.85371399993164,152.565048,0.0
resnet50,c10444f8b888582761a4,142.6363550001497,139.205801,0.0
resnet50,90e1209a31015bd22730,137.55230199990365,134.823798,0.0
resnet50,fa8dca38dfc9570aba66,145.4998379999779,142.851118,0.0
resnet50,ec65f302bff6f50bb8a2,141.56325399994785,138.315918,0.0
resnet50,119e22c1bc53d94525dc,135.9047380001357,133.31167,0.0
resnet50,a090cb4a0dea5c618439,164.9810559999878,161.737354,0.0
resnet50,4b548c57634f96cce13f,151.93125600012536,148.351596,0.0
resnet50,9fda59f5fd0df9879327,150.0967849999597,145.504656,0.0
resnet50,a0917b15d44486760f0e,147.01573100001042,142.822887,0.0
resnet50,edec038dc21e45a32a00,164.93001100002402,160.620916,0.0
resnet50,b9dd47e849749a3e01ef,140.64017300006526,137.178116,0.0
resnet50,13e3bcc97110094b8448,164.58133599985558,161.026235,0.0
resnet50,417536921c3e9bb251be,173.3689630000299,169.661195,0.0
resnet50,2a328ad9ed0463dd8e40,163.2379640000181,159.932327,0.0
resnet50,0d1cfd3c9113ab92d8a9,163.5821129998476,160.18631,0.0
resnet50,560c8d4bfd14be3e6a8a,165.21220399999947,161.392401,0.0
resnet50,1fe86a7b0db415dc071c,139.22315700006038,135.867249,0.0
resnet50,17d5a963eb476a043cf3,138.58747100016444,135.20007,0.0
resnet50,31d5325988db9f1c752b,150.89541899988035,145.300541,0.0
resnet50,45bd4d0f4d7478b0cee3,162.3629069999879,158.935994,0.0
resnet50,4820256bcd3e9dc760e4,157.95411599992804,154.475888,0.0
resnet50,383867303b559ef23d2d,153.00621800020053,147.173099,0.0
resnet50,0be2554779cb63aa7570,140.4911810000158,137.179364,0.0
resnet50,6d7204950e9ea9baf7eb,148.73699199984003,145.609637,0.0
resnet50,672289c345c6b157c122,150.00198200004888,145.606232,0.0
resnet50,cabe8ff46702c50e9274,141.1416509999981,137.611822,0.0
resnet50,3de5f3a0109d307875a8,138.22997099987333,134.971194,0.0
resnet50,b3b7d952751637282f6b,144.37341300003936,141.109056,0.0
resnet50,ddb3b09917f249dbe143,142.16497999996136,139.466925,0.0
resnet50,e969791171f72413723a,138.82064399990668,134.204085,0.0
resnet50,298fb3d15c1c56aa6a1b,143.97001100019224,140.754307,0.0
resnet50,68ae5f6b4dfe6c710ddc,142.44088200007354,139.180957,0.0
resnet50,f53fbb95080335df2c2d,139.61498100002245,136.506287,0.0
resnet50,a5cb5dce8fea0d78d48b,142.95773399999234,139.708327,0.0
resnet50,ec65f302bff6f50bb8a2,148.72376599987547,145.632307,0.0
resnet50,a9ccf20cebb67562b233,140.38045100005547,137.452263,0.0
resnet50,b25a98271d50629a4f1d,137.08773000007568,134.080967,0.0
resnet50,3fcb8614fa0697512341,147.17919500003518,143.996704,0.0
resnet50,4b193d510c7badf1e9d7,140.90814700011833,137.780835,0.0
resnet50,b683b233630b42dc4774,141.9578330001059,138.538949,0.0
resnet50,c855206e6d49ba4dd808,302.3057279999648,297.366888,0.0
resnet50,050c33a7d7f32fd92ac6,346.6644540001198,340.500497,0.0
resnet50,f6ff97e8bae06024f9d5,290.6110300000364,285.061572,0.0
resnet50,6f7809e7f2cc44bd0073,335.1593820000289,328.538952,0.0
resnet50,b0bfa88a566c909ba480,233.62217900012183,227.382718,0.0
resnet50,b96089f5a0ee8958f842,208.53707299988852,204.793081,0.0
resnet50,1ce9829c757e18582436,149.44360899994535,145.40031,0.0
resnet50,2eeed640e4c9f230923b,161.35489499993128,158.128411,0.0
resnet50,a2ebfa36b363d02c435f,172.67867600003228,168.474596,0.0
resnet50,073d0199c1f24a40dc5b,196.47971700010203,192.127935,0.0
resnet50,c10444f8b888582761a4,304.7551760000715,296.123305,0.0
resnet50,cd042851c41a91dcb39d,179.6050190000642,170.345693,0.0
resnet50,e95f8f97b7e36d6619df,151.6460840000491,147.67068,0.0
resnet50,be5eaa3600e1cc67f394,141.4451390000977,138.006463,0.0
resnet50,95a6d8332e65a953f807,137.6628929999697,134.412386,0.0
resnet50,9663eccdcbe0b346d2fb,147.2095840001657,144.139633,0.0
resnet50,5986b7616a1228b54cf8,141.4056260000507,137.684981,0.0
resnet50,c502624fc7bb3bb7c430,143.4218150000106,140.286584,0.0
resnet50,2f0b56bb43b367cf0737,165.5994609998288,162.377227,0.0
resnet50,b46523267235e8ce5297,154.16324400007397,150.107255,0.0
resnet50,ce8529c8eee748f146d3,146.7171170002075,142.160098,0.0
resnet50,44d0e6aade6060dd3a4c,160.29056400020636,157.382965,0.0
resnet50,dfafa0b6ed6c5146f025,153.61981099999866,150.622935,0.0
resnet50,ba3f10e49fa71222a167,139.2730309999024,136.17966,0.0
resnet50,30fb16826a0b77fbdaf0,165.82513200000903,162.333714,0.0
resnet50,5930368dd828c298772d,144.38077499994506,141.131756,0.0
resnet50,91bd6a57b11a9ffdc7f7,172.809683999958,168.565175,0.0
resnet50,e1faca667619e6e13dea,164.07741700004408,160.929018,0.0
resnet50,9b619751b75c8a6ad1a0,146.39330599993627,143.025279,0.0
resnet50,971fa9f2047ef0b7580b,183.43736300016644,179.57792,0.0
resnet50,8e0f259737a8cf29adcd,250.8741330000248,242.213268,0.0
resnet50,0b8b19a751055a1ec8a0,171.93973100006588,167.556237,0.0
resnet50,7bf919583e8a809b8724,138.01090499987367,134.679965,0.0
resnet50,7c84bae86fda676d4554,139.6771610000087,136.418541,0.0
resnet50,fa8dca38dfc9570aba66,144.78267000004053,141.85825,0.0
resnet50,759cbbc8629f7d2e495f,146.73165899989726,143.65414,0.0
resnet50,2620f63214c6d4d53a2e,139.7006939998846,136.5658,0.0
resnet50,71e9baf5ea98ffedf5a8,160.2122369999961,156.846225,0.0
resnet50,a829012efaba7982ccf9,148.76394900011292,144.956996,0.0
resnet50,f164d1a7b2bfad695ace,164.5113490001222,161.335754,0.0
resnet50,97909eccc6227b59cdbd,161.19019200004914,158.196347,0.0
resnet50,822ecb098d1efd5cc425,147.16141100007007,142.163689,0.0
resnet50,344dee6d7742b737b6b8,159.62644899991574,155.779427,0.0
resnet50,a090cb4a0dea5c618439,138.92654999995102,135.065432,0.0
resnet50,0038ddc45cbe29596ba9,185.18061899999336,181.326697,0.0
resnet50,92770e44f32b0fb3805b,159.44991099991057,155.20782,0.0
resnet50,e164986e7efd9a941c8e,137.3898869999266,134.108464,0.0
resnet50,66ea92408bb1d45e8a80,137.7212499999132,134.407332,0.0
resnet50,5f27fa39b4d1da680538,140.31561300021167,136.207846,0.0
resnet50,39bb040fb53a1d176cae,157.6017380000394,154.000594,0.0
resnet50,5722417798e696c036a9,139.393931000086,135.621246,0.0
resnet50,470a9f15033b9d2fc3d8,197.65744100004667,193.709338,0.0
resnet50,8a58d7d2fbec5278ad37,163.17651200006367,159.439803,0.0
resnet50,d4dcc887e7e10d2bf5fa,141.30224500013355,137.876432,0.0
resnet50,187e3af108481037ef18,142.74519500008864,139.589133,0.0
resnet50,441b74bb0600359a5ae1,167.30803000018568,163.414118,0.0
resnet50,119e22c1bc53d94525dc,152.5381640001342,149.346986,0.0
resnet50,184cfe80bff425a554eb,160.31510200014054,156.58764,0.0
resnet50,f5b6098226ef6b4d3008,159.8210319998543,155.662228,0.0
resnet50,1718763bdc51740a7d7a,148.238167000045,144.754788,0.0
resnet50,42416e86d762cb8caf7a,140.40749099990535,136.97761,0.0
resnet50,f04e6a8cd69749d35aab,159.5851650001805,156.35648,0.0
resnet50,ead41664127f392d4b3a,144.10087400005978,139.775111,0.0
resnet50,90e1209a31015bd22730,163.43008600006215,160.416244,0.0
resnet50,71d33942636767e8ed5a,171.56396299992593,168.156603,0.0
resnet50,aca16af98b818790e01b,140.4976879998685,137.292868,0.0
efficientnet_b0,e969791171f72413723a,45.43156199997611,38.582629,0.0
efficientnet_b0,f164d1a7b2bfad695ace,56.41682200007381,49.273974,0.0
efficientnet_b0,44d0e6aade6060dd3a4c,73.46316899997873,66.93835,0.0
efficientnet_b0,b25a98271d50629a4f1d,81.2958599999547,70.101041,0.0
efficientnet_b0,4820256bcd3e9dc760e4,41.724655000052735,36.356185,0.0
efficientnet_b0,b683b233630b42dc4774,40.74712500005262,35.520099,0.0
efficientnet_b0,4b193d510c7badf1e9d7,40.68264400007138,35.917928,0.0
efficientnet_b0,ead41664127f392d4b3a,62.79547700000876,57.589263,0.0
efficientnet_b0,a9ccf20cebb67562b233,76.66397499997402,69.012677,0.0
efficientnet_b0,3de5f3a0109d307875a8,49.92460500011475,41.914268,0.0
efficientnet_b0,cd042851c41a91dcb39d,56.36392099995646,50.592926,0.0
efficientnet_b0,5986b7616a1228b54cf8,49.11401799995474,41.39984,0.0
efficientnet_b0,ba3f10e49fa71222a167,44.72071000009237,40.2306,0.0
efficientnet_b0,0b8b19a751055a1ec8a0,38.37663600006636,33.882986,0.0
efficientnet_b0,30fb16826a0b77fbdaf0,42.93172000006962,38.76042,0.0
efficientnet_b0,ddb3b09917f249dbe143,36.852360000011686,32.290585,0.0
efficientnet_b0,6d7204950e9ea9baf7eb,35.807239000178015,30.611388,0.0
efficientnet_b0,a0917b15d44486760f0e,36.75327699988884,31.729048,0.0
efficientnet_b0,f6ff97e8bae06024f9d5,36.9902469999488,32.400889,0.0
efficientnet_b0,92770e44f32b0fb3805b,36.67194299987386,31.823449,0.0
efficientnet_b0,2620f63214c6d4d53a2e,47.276677000127165,42.604282,0.0
efficientnet_b0,344dee6d7742b737b6b8,38.873051000109626,32.450262,0.0
efficientnet_b0,9b619751b75c8a6ad1a0,40.63280500008659,35.945963,0.0
efficientnet_b0,c502624fc7bb3bb7c430,50.259758000038346,45.492208,0.0
efficientnet_b0,f04e6a8cd69749d35aab,68.61024299996643,62.031475,0.0
efficientnet_b0,95a6d8332e65a953f807,74.29357700016226,67.622021,0.0
efficientnet_b0,417536921c3e9bb251be,52.18969499992454,45.215622,0.0
efficientnet_b0,13e3bcc97110094b8448,71.81710899999416,64.440306,0.0
efficientnet_b0,fa8dca38dfc9570aba66,68.87617899997167,62.326839,0.0
efficientnet_b0,119e22c1bc53d94525dc,74.8023240000748,68.081886,0.0
efficientnet_b0,b46523267235e8ce5297,76.00971100009701,68.031026,0.0
efficientnet_b0,f53fbb95080335df2c2d,75.48167000004469,67.828771,0.0
efficientnet_b0,560c8d4bfd14be3e6a8a,78.58555400002842,72.055691,0.0
efficientnet_b0,45bd4d0f4d7478b0cee3,77.67164000006233,69.662507,0.0
efficientnet_b0,68ae5f6b4dfe6c710ddc,63.72491000001901,56.355483,0.0
efficientnet_b0,6f7809e7f2cc44bd0073,65.84262799992757,58.160557,0.0
efficientnet_b0,822ecb098d1efd5cc425,64.3447610000294,53.394958,0.0
efficientnet_b0,5930368dd828c298772d,67.31080300005488,59.933597,0.0
efficientnet_b0,71e9baf5ea98ffedf5a8,67.72774399996706,59.833974,0.0
efficientnet_b0,cabe8ff46702c50e9274,59.91733399991972,53.848496,0.0
efficientnet_b0,edec038dc21e45a32a00,64.30394199992406,57.52146,0.0
efficientnet_b0,91bd6a57b11a9ffdc7f7,66.81976899994879,58.703657,0.0
efficientnet_b0,97909eccc6227b59cdbd,64.42493099984858,57.477137,0.0
efficientnet_b0,1fe86a7b0db415dc071c,71.21305500004382,64.423263,0.0
efficientnet_b0,073d0199c1f24a40dc5b,66.45771800003786,58.984379,0.0
efficientnet_b0,90e1209a31015bd22730,66.74199100007172,59.933507,0.0
efficientnet_b0,7c84bae86fda676d4554,60.21076399997583,52.428476,0.0
efficientnet_b0,a2ebfa36b363d02c435f,62.912417000006826,57.475655,0.0
efficientnet_b0,e1faca667619e6e13dea,73.25793900008648,64.449878,0.0
efficientnet_b0,1ce9829c757e18582436,82.1540219999406,72.615441,0.0
efficientnet_b0,383867303b559ef23d2d,76.7981910000799,68.226389,0.0
efficientnet_b0,1718763bdc51740a7d7a,78.33008600005087,70.067479,0.0
efficientnet_b0,2eeed640e4c9f230923b,78.02892899985636,71.093191,0.0
efficientnet_b0,e95f8f97b7e36d6619df,96.59337500011134,87.673122,0.0
efficientnet_b0,470a9f15033b9d2fc3d8,88.48825400013993,79.442336,0.0
efficientnet_b0,7bf919583e8a809b8724,96.01656599988928,86.496096,0.0
efficientnet_b0,71d33942636767e8ed5a,93.6745719998271,80.484049,0.0
efficientnet_b0,dfafa0b6ed6c5146f025,81.04387799994583,73.587458,0.0
efficientnet_b0,8a58d7d2fbec5278ad37,80.3454449999208,72.754945,0.0
efficientnet_b0,ce8529c8eee748f146d3,85.58427200000551,76.24156,0.0
efficientnet_b0,9fda59f5fd0df9879327,80.47426600001018,72.655747,0.0
efficientnet_b0,298fb3d15c1c56aa6a1b,80.28873200009912,71.608043,0.0
efficientnet_b0,2f0b56bb43b367cf0737,82.82730899986745,74.953428,0.0
efficientnet_b0,050c33a7d7f32fd92ac6,63.98822599999221,56.274446,0.0
efficientnet_b0,aca16af98b818790e01b,69.41194000000905,62.875441,0.0
efficientnet_b0,a829012efaba7982ccf9,61.82540199984032,54.141109,0.0
efficientnet_b0,e164986e7efd9a941c8e,68.80105499999445,61.720525,0.0
efficientnet_b0,441b74bb0600359a5ae1,64.90930399991157,58.097972,0.0
efficientnet_b0,9663eccdcbe0b346d2fb,66.16353200001868,59.526447,0.0
efficientnet_b0,17d5a963eb476a043cf3,78.69839600016348,70.060159,0.0
efficientnet_b0,a090cb4a0dea5c618439,69.70103300000119,62.127425,0.0
efficientnet_b0,8e0f259737a8cf29adcd,77.98590600009447,70.315009,0.0
efficientnet_b0,be5eaa3600e1cc67f394,82.92175299993687,75.199924,0.0
efficientnet_b0,c855206e6d49ba4dd808,81.36358000001565,72.497502,0.0
efficientnet_b0,d4dcc887e7e10d2bf5fa,85.65810200002488,77.197165,0.0
efficientnet_b0,42416e86d762cb8caf7a,70.36827599995377,61.009092,0.0
efficientnet_b0,4b548c57634f96cce13f,70.31370100003187,63.050538,0.0
efficientnet_b0,2a328ad9ed0463dd8e40,61.000115000069854,53.706164,0.0
efficientnet_b0,672289c345c6b157c122,56.54104099994584,50.422699,0.0
efficientnet_b0,0038ddc45cbe29596ba9,57.65173700001469,51.134546,0.0
efficientnet_b0,c10444f8b888582761a4,57.6685930000167,50.471137,0.0
efficientnet_b0,b0bfa88a566c909ba480,59.443359999932,52.134875,0.0
efficientnet_b0,b9dd47e849749a3e01ef,58.45109200004117,52.162004,0.0
efficientnet_b0,31d5325988db9f1c752b,64.78919300002417,52.554261,0.0
efficientnet_b0,f5b6098226ef6b4d3008,60.15266200006408,53.288933,0.0
efficientnet_b0,66ea92408bb1d45e8a80,61.395377000053486,53.857414,0.0
efficientnet_b0,ec65f302bff6f50bb8a2,64.32956000003287,57.801044,0.0
efficientnet_b0,0d1cfd3c9113ab92d8a9,71.91875600005915,65.260966,0.0
efficientnet_b0,971fa9f2047ef0b7580b,65.49012100003893,59.455207,0.0
efficientnet_b0,a5cb5dce8fea0d78d48b,58.29626600007032,51.889174,0.0
efficientnet_b0,184cfe80bff425a554eb,65.55726800002049,58.535691,0.0
efficientnet_b0,b96089f5a0ee8958f842,62.84151400018345,56.505144,0.0
efficientnet_b0,5f27fa39b4d1da680538,68.2799270000487,58.469628,0.0
efficientnet_b0,3fcb8614fa0697512341,61.24741700000413,54.523913,0.0
efficientnet_b0,39bb040fb53a1d176cae,62.7437480000026,55.940203,0.0
efficientnet_b0,5722417798e696c036a9,61.73419200013086,55.660855,0.0
efficientnet_b0,b3b7d952751637282f6b,62.01238199992076,55.400502,0.0
efficientnet_b0,759cbbc8629f7d2e495f,58.66925600003015,52.461749,0.0
efficientnet_b0,0be2554779cb63aa7570,64.0958070000579,55.783632,0.0
efficientnet_b0,187e3af108481037ef18,53.240356000060274,47.10129,0.0
efficientnet_b0,c855206e6d49ba4dd808,63.61571100001129,57.341041,0.0
efficientnet_b0,13e3bcc97110094b8448,69.39548299988019,61.894048,0.0
efficientnet_b0,b683b233630b42dc4774,66.5280419998453,60.1292,0.0
efficientnet_b0,45bd4d0f4d7478b0cee3,70.2054619998762,62.815007,0.0
efficientnet_b0,b46523267235e8ce5297,79.12567800008219,72.391089,0.0
efficientnet_b0,f04e6a8cd69749d35aab,85.18400299999485,76.990265,0.0
efficientnet_b0,417536921c3e9bb251be,65.0259950000418,58.092127,0.0
efficientnet_b0,5930368dd828c298772d,68.51585899994461,61.152052,0.0
efficientnet_b0,91bd6a57b11a9ffdc7f7,62.36155999999937,54.25951,0.0
efficientnet_b0,44d0e6aade6060dd3a4c,62.78990300006626,56.827097,0.0
efficientnet_b0,2eeed640e4c9f230923b,63.445166000065,58.440486,0.0
efficientnet_b0,b0bfa88a566c909ba480,61.58314499998596,55.230657,0.0
efficientnet_b0,e1faca667619e6e13dea,59.93108699999539,54.143334,0.0
efficientnet_b0,ba3f10e49fa71222a167,65.11500700003126,59.000678,0.0
efficientnet_b0,66ea92408bb1d45e8a80,81.46749200000158,73.773569,0.0
efficientnet_b0,92770e44f32b0fb3805b,74.10279900000205,64.687624,0.0
efficientnet_b0,9663eccdcbe0b346d2fb,79.96504900006585,72.887829,0.0
efficientnet_b0,344dee6d7742b737b6b8,77.3290290001114,68.550954,0.0
efficientnet_b0,5f27fa39b4d1da680538,76.28883999996106,66.046192,0.0
efficientnet_b0,4b193d510c7badf1e9d7,81.7176880000261,74.139049,0.0
efficientnet_b0,7c84bae86fda676d4554,120.07599100002152,108.647869,0.0
efficientnet_b0,184cfe80bff425a554eb,76.07250999990356,68.530931,0.0
efficientnet_b0,470a9f15033b9d2fc3d8,72.6059080000141,65.107308,0.0
efficientnet_b0,9fda59f5fd0df9879327,74.30912800009537,67.525937,0.0
efficientnet_b0,17d5a963eb476a043cf3,63.49478899983296,56.579664,0.0
efficientnet_b0,b25a98271d50629a4f1d,63.48097799991592,56.604599,0.0
efficientnet_b0,5986b7616a1228b54cf8,67.63403199988716,60.390074,0.0
efficientnet_b0,b3b7d952751637282f6b,62.89638799989916,56.354492,0.0
efficientnet_b0,95a6d8332e65a953f807,70.8361199999672,64.496863,0.0
efficientnet_b0,298fb3d15c1c56aa6a1b,67.65956499998538,60.279173,0.0
efficientnet_b0,dfafa0b6ed6c5146f025,65.45424099999764,59.167655,0.0
efficientnet_b0,822ecb098d1efd5cc425,83.19598999992195,71.136197,0.0
efficientnet_b0,3de5f3a0109d307875a8,84.53367600009187,75.598717,0.0
efficientnet_b0,6d7204950e9ea9baf7eb,80.80304199984312,72.7387,0.0
efficientnet_b0,a829012efaba7982ccf9,78.53677100001732,70.098817,0.0
efficientnet_b0,a9ccf20cebb67562b233,59.51242599985562,53.816689,0.0
efficientnet_b0,441b74bb0600359a5ae1,50.94486000007237,45.026983,0.0
efficientnet_b0,8a58d7d2fbec5278ad37,57.85854299983839,51.647644,0.0
efficientnet_b0,0be2554779cb63aa7570,70.89036299998952,62.478334,0.0
efficientnet_b0,ce8529c8eee748f146d3,68.00932700002704,60.214447,0.0
efficientnet_b0,a5cb5dce8fea0d78d48b,64.45239699996819,58.182231,0.0
efficientnet_b0,4820256bcd3e9dc760e4,83.17172499982917,75.374237,0.0
efficientnet_b0,1ce9829c757e18582436,79.582696999978,71.782106,0.0
efficientnet_b0,6f7809e7f2cc44bd0073,85.65311799998199,77.073092,0.0
efficientnet_b0,d4dcc887e7e10d2bf5fa,73.87933299992255,66.049925,0.0
efficientnet_b0,be5eaa3600e1cc67f394,79.03859999987617,71.798816,0.0
efficientnet_b0,383867303b559ef23d2d,74.5461719998275,65.898679,0.0
efficientnet_b0,187e3af108481037ef18,72.30688499998905,65.531833,0.0
efficientnet_b0,0038ddc45cbe29596ba9,79.38573999990695,71.105921,0.0
efficientnet_b0,a2ebfa36b363d02c435f,78.51442399987718,70.751356,0.0
efficientnet_b0,8e0f259737a8cf29adcd,79.96825599980184,71.582181,0.0
efficientnet_b0,672289c345c6b157c122,78.22719199998573,70.496665,0.0
efficientnet_b0,97909eccc6227b59cdbd,82.80580399991777,75.612722,0.0
efficientnet_b0,ead41664127f392d4b3a,78.98528900000201,71.038991,0.0
efficientnet_b0,e95f8f97b7e36d6619df,83.10946899996452,74.619507,0.0
efficientnet_b0,4b548c57634f96cce13f,74.64894200006711,67.219342,0.0
efficientnet_b0,971fa9f2047ef0b7580b,79.68992600012825,72.059142,0.0
efficientnet_b0,2620f63214c6d4d53a2e,80.96069299995179,73.380321,0.0
efficientnet_b0,cd042851c41a91dcb39d,77.81815999987884,69.734715,0.0
efficientnet_b0,560c8d4bfd14be3e6a8a,84.5458830001462,76.290812,0.0
efficientnet_b0,71d33942636767e8ed5a,80.65986399992653,71.960333,0.0
efficientnet_b0,f6ff97e8bae06024f9d5,83.50960599977952,75.894325,0.0
efficientnet_b0,71e9baf5ea98ffedf5a8,72.06881299998713,66.217203,0.0
efficientnet_b0,30fb16826a0b77fbdaf0,70.2541040000142,62.730598,0.0
efficientnet_b0,073d0199c1f24a40dc5b,71.86434300001565,64.14324,0.0
efficientnet_b0,b9dd47e849749a3e01ef,69.63370800008306,62.056798,0.0
efficientnet_b0,050c33a7d7f32fd92ac6,78.97676099992168,71.267729,0.0
efficientnet_b0,5722417798e696c036a9,84.40357900008166,75.520192,0.0
efficientnet_b0,0b8b19a751055a1ec8a0,79.34076900005493,71.160788,0.0
efficientnet_b0,9b619751b75c8a6ad1a0,88.1544839999151,79.757537,0.0
efficientnet_b0,31d5325988db9f1c752b,92.69918899985896,76.923271,0.0
efficientnet_b0,b96089f5a0ee8958f842,79.17934400006743,71.201687,0.0
efficientnet_b0,3fcb8614fa0697512341,74.06408699989697,66.338668,0.0
efficientnet_b0,f164d1a7b2bfad695ace,64.33566199984853,57.520106,0.0
efficientnet_b0,f53fbb95080335df2c2d,62.37034199989466,55.963428,0.0
efficientnet_b0,68ae5f6b4dfe6c710ddc,42.6682830000118,37.643271,0.0
efficientnet_b0,2a328ad9ed0463dd8e40,44.35200600005373,39.682143,0.0
efficientnet_b0,e164986e7efd9a941c8e,52.61852099988573,46.693764,0.0
efficientnet_b0,edec038dc21e45a32a00,58.502536000105465,52.755254,0.0
efficientnet_b0,c502624fc7bb3bb7c430,63.95814400002564,57.617181,0.0
efficientnet_b0,cabe8ff46702c50e9274,68.35417399997823,61.448401,0.0
efficientnet_b0,759cbbc8629f7d2e495f,65.23399200000313,58.543128,0.0
efficientnet_b0,aca16af98b818790e01b,70.49435500016443,63.153063,0.0
efficientnet_b0,0d1cfd3c9113ab92d8a9,65.275192999934,59.057926,0.0
efficientnet_b0,39bb040fb53a1d176cae,46.83822599986343,41.417303,0.0
efficientnet_b0,a0917b15d44486760f0e,49.5488619999378,44.144591,0.0
efficientnet_b0,ddb3b09917f249dbe143,60.29106100004356,54.985094,0.0
efficientnet_b0,1fe86a7b0db415dc071c,73.04228599991802,65.276224,0.0
efficientnet_b0,f5b6098226ef6b4d3008,78.29453099998318,70.272099,0.0
efficientnet_b0,e969791171f72413723a,81.68890100000681,69.189438,0.0
efficientnet_b0,2f0b56bb43b367cf0737,47.54118699997889,40.804747,0.0
efficientnet_b0,42416e86d762cb8caf7a,35.711796999976286,31.108948,0.0
efficientnet_b0,7bf919583e8a809b8724,35.246176999862655,31.045775,0.0
efficientnet_b0,1718763bdc51740a7d7a,33.36223500014057,29.59794,0.0
efficientnet_b0,c10444f8b888582761a4,33.445222999944235,29.456467,0.0
efficientnet_b0,90e1209a31015bd22730,34.22311000008449,30.743714,0.0
efficientnet_b0,fa8dca38dfc9570aba66,34.70220799999879,31.171645,0.0
efficientnet_b0,ec65f302bff6f50bb8a2,36.17656300002636,31.50906,0.0
efficientnet_b0,119e22c1bc53d94525dc,43.3899229999497,39.570674,0.0
efficientnet_b0,a090cb4a0dea5c618439,57.53199800005859,50.602695,0.0
efficientnet_b0,4b548c57634f96cce13f,40.01963199993952,34.807385,0.0
efficientnet_b0,9fda59f5fd0df9879327,37.74609399988549,33.50355,0.0
efficientnet_b0,a0917b15d44486760f0e,49.712612000121226,45.004151,0.0
efficientnet_b0,edec038dc21e45a32a00,55.51814899990859,47.9993,0.0
efficientnet_b0,b9dd47e849749a3e01ef,42.06226399992374,36.70941,0.0
efficientnet_b0,13e3bcc97110094b8448,36.71319599993694,32.194659,0.0
efficientnet_b0,417536921c3e9bb251be,37.05364500001451,32.777737,0.0
efficientnet_b0,2a328ad9ed0463dd8e40,35.820764999925814,31.369641,0.0
efficientnet_b0,0d1cfd3c9113ab92d8a9,48.369780999792056,44.367156,0.0
efficientnet_b0,560c8d4bfd14be3e6a8a,37.115193000090585,32.801282,0.0
efficientnet_b0,1fe86a7b0db415dc071c,36.62195000015345,32.700161,0.0
efficientnet_b0,17d5a963eb476a043cf3,37.1363100000508,32.808924,0.0
efficientnet_b0,31d5325988db9f1c752b,38.46529299994472,30.174475,0.0
efficientnet_b0,45bd4d0f4d7478b0cee3,34.7144049999315,30.815768,0.0
efficientnet_b0,4820256bcd3e9dc760e4,34.225643999889144,30.412257,0.0
efficientnet_b0,383867303b559ef23d2d,34.850545999915994,30.612497,0.0
efficientnet_b0,0be2554779cb63aa7570,34.92165400007252,30.350588,0.0
efficientnet_b0,6d7204950e9ea9baf7eb,33.051246000013634,29.155124,0.0
efficientnet_b0,672289c345c6b157c122,32.071683999902234,28.54508,0.0
efficientnet_b0,cabe8ff46702c50e9274,33.090681999965454,29.416404,0.0
efficientnet_b0,3de5f3a0109d307875a8,35.2265039998656,30.579273,0.0
efficientnet_b0,b3b7d952751637282f6b,34.84953900010623,30.134222,0.0
efficientnet_b0,ddb3b09917f249dbe143,35.67095099992912,32.162239,0.0
efficientnet_b0,e969791171f72413723a,36.55993999996099,29.994487,0.0
efficientnet_b0,298fb3d15c1c56aa6a1b,34.416188000022885,30.131659,0.0
efficientnet_b0,68ae5f6b4dfe6c710ddc,36.2442429998282,31.752277,0.0
efficientnet_b0,f53fbb95080335df2c2d,46.14311199998156,41.788734,0.0
efficientnet_b0,a5cb5dce8fea0d78d48b,53.18298399993182,46.393143,0.0
efficientnet_b0,ec65f302bff6f50bb8a2,45.21926400002485,40.353571,0.0
efficientnet_b0,a9ccf20cebb67562b233,42.07566299987775,37.557888,0.0
efficientnet_b0,b25a98271d50629a4f1d,39.81024500012609,35.155272,0.0
efficientnet_b0,3fcb8614fa0697512341,36.202559999992445,31.981367,0.0
efficientnet_b0,4b193d510c7badf1e9d7,34.97867600003701,30.510635,0.0
efficientnet_b0,b683b233630b42dc4774,33.53748899985476,29.547238,0.0
efficientnet_b0,c855206e6d49ba4dd808,34.72975299996506,30.468657,0.0
efficientnet_b0,050c33a7d7f32fd92ac6,35.00508000001901,31.047722,0.0
efficientnet_b0,f6ff97e8bae06024f9d5,35.13464399998156,31.227161,0.0
efficientnet_b0,6f7809e7f2cc44bd0073,36.11519299988686,31.831979,0.0
efficientnet_b0,b0bfa88a566c909ba480,38.7078390001534,34.493593,0.0
efficientnet_b0,b96089f5a0ee8958f842,34.77289800002836,30.996377,0.0
efficientnet_b0,1ce9829c757e18582436,34.425451000061,30.301677,0.0
efficientnet_b0,2eeed640e4c9f230923b,34.02932900007727,30.58149,0.0
efficientnet_b0,a2ebfa36b363d02c435f,32.60327599991797,28.925759,0.0
efficientnet_b0,073d0199c1f24a40dc5b,37.11766699984764,33.42529,0.0
efficientnet_b0,c10444f8b888582761a4,33.73943299993698,29.567312,0.0
efficientnet_b0,cd042851c41a91dcb39d,33.53411400007644,29.485983,0.0
efficientnet_b0,e95f8f97b7e36d6619df,34.251631999950405,30.182934,0.0
efficientnet_b0,be5eaa3600e1cc67f394,36.53500699988399,32.449107,0.0
efficientnet_b0,95a6d8332e65a953f807,35.25453099996412,31.861484,0.0
efficientnet_b0,9663eccdcbe0b346d2fb,35.35957999997663,31.52567,0.0
efficientnet_b0,5986b7616a1228b54cf8,37.080732000049466,32.68393,0.0
efficientnet_b0,c502624fc7bb3bb7c430,37.20999600000141,33.147541,0.0
efficientnet_b0,2f0b56bb43b367cf0737,35.606099000006,31.579879,0.0
efficientnet_b0,b46523267235e8ce5297,33.78301299994746,30.386329,0.0
efficientnet_b0,ce8529c8eee748f146d3,34.6191670000735,30.170282,0.0
efficientnet_b0,44d0e6aade6060dd3a4c,40.36635299985392,36.307672,0.0
efficientnet_b0,dfafa0b6ed6c5146f025,34.53626400005305,29.900895,0.0
efficientnet_b0,ba3f10e49fa71222a167,33.69773700001133,30.279568,0.0
efficientnet_b0,30fb16826a0b77fbdaf0,35.409177000019554,30.765767,0.0
efficientnet_b0,5930368dd828c298772d,35.70631200000207,31.712195,0.0
efficientnet_b0,91bd6a57b11a9ffdc7f7,33.92546100008076,28.889716,0.0
efficientnet_b0,e1faca667619e6e13dea,33.160803000100714,29.72308,0.0
efficientnet_b0,9b619751b75c8a6ad1a0,32.898918000000776,28.970385,0.0
efficientnet_b0,971fa9f2047ef0b7580b,34.19323100001748,30.580096,0.0
efficientnet_b0,8e0f259737a8cf29adcd,34.87288500014074,30.897965,0.0
efficientnet_b0,0b8b19a751055a1ec8a0,34.19799700009207,30.286937,0.0
efficientnet_b0,7bf919583e8a809b8724,38.16801099992517,32.980953,0.0
efficientnet_b0,7c84bae86fda676d4554,37.3924390000866,33.217206,0.0
efficientnet_b0,fa8dca38dfc9570aba66,124.8216339999999,118.117272,0.0
efficientnet_b0,759cbbc8629f7d2e495f,87.09284099995784,78.712882,0.0
efficientnet_b0,2620f63214c6d4d53a2e,73.26812199994492,66.699498,0.0
efficientnet_b0,71e9baf5ea98ffedf5a8,76.01784299981773,67.776324,0.0
efficientnet_b0,a829012efaba7982ccf9,79.13967900003627,70.904714,0.0
efficientnet_b0,f164d1a7b2bfad695ace,82.679791000146,73.922428,0.0
efficientnet_b0,97909eccc6227b59cdbd,77.33576000009634,70.455374,0.0
efficientnet_b0,822ecb098d1efd5cc425,82.93653500004439,70.422614,0.0
efficientnet_b0,344dee6d7742b737b6b8,81.80932999994184,72.263713,0.0
efficientnet_b0,a090cb4a0dea5c618439,85.52730700012035,76.196234,0.0
efficientnet_b0,0038ddc45cbe29596ba9,81.34657199980211,72.542847,0.0
efficientnet_b0,92770e44f32b0fb3805b,48.02113899995675,42.478482,0.0
efficientnet_b0,e164986e7efd9a941c8e,48.46696699996755,42.97956,0.0
efficientnet_b0,66ea92408bb1d45e8a80,39.11891000007017,34.332155,0.0
efficientnet_b0,5f27fa39b4d1da680538,36.85816500001238,31.211493,0.0
efficientnet_b0,39bb040fb53a1d176cae,35.58881300000394,31.415474,0.0
efficientnet_b0,5722417798e696c036a9,36.31238399998438,31.73599,0.0
efficientnet_b0,470a9f15033b9d2fc3d8,37.49238599993987,33.181621,0.0
efficientnet_b0,8a58d7d2fbec5278ad37,35.51063100007923,31.47401,0.0
efficientnet_b0,d4dcc887e7e10d2bf5fa,34.20258599999215,29.97837,0.0
efficientnet_b0,187e3af108481037ef18,42.46182899987616,38.811796,0.0
efficientnet_b0,441b74bb0600359a5ae1,42.92130100020586,37.822441,0.0
efficientnet_b0,119e22c1bc53d94525dc,39.50485599989406,33.780679,0.0
efficientnet_b0,184cfe80bff425a554eb,35.8293340000273,31.849175,0.0
efficientnet_b0,f5b6098226ef6b4d3008,38.02430300015658,33.426555,0.0
efficientnet_b0,1718763bdc51740a7d7a,40.06551900010891,36.042792,0.0
efficientnet_b0,42416e86d762cb8caf7a,37.41301099989869,32.325744,0.0
efficientnet_b0,f04e6a8cd69749d35aab,36.81803200015565,32.379858,0.0
efficientnet_b0,ead41664127f392d4b3a,37.191966000136745,32.363831,0.0
efficientnet_b0,90e1209a31015bd22730,36.70411099983539,32.963138,0.0
efficientnet_b0,71d33942636767e8ed5a,34.534507999978814,30.652166,0.0
efficientnet_b0,aca16af98b818790e01b,34.53164999996261,30.471801,0.0
rule,e969791171f72413723a,13.254052000092996,5.447583,2.180793999968955
rule,f164d1a7b2bfad695ace,39.42434200007483,31.980858,2.929301999984091
rule,44d0e6aade6060dd3a4c,10.54312199994456,5.278148,1.941536999993332
rule,b25a98271d50629a4f1d,36.94481200000155,30.980361,2.023304999966058
rule,4820256bcd3e9dc760e4,35.71061999991798,29.967516,1.9545430000107444
rule,b683b233630b42dc4774,35.960343999931865,30.293758,1.775084999962928
rule,4b193d510c7badf1e9d7,10.27462199999718,5.164913,1.9106089998786049
rule,ead41664127f392d4b3a,37.21484399989095,31.384362,1.94379000004119
rule,a9ccf20cebb67562b233,36.39181300013661,30.351234,2.020195999875796
rule,3de5f3a0109d307875a8,36.34209999995619,30.194244,1.9459720001577807
rule,cd042851c41a91dcb39d,9.66483000001972,4.890989,1.7283590000261029
rule,5986b7616a1228b54cf8,37.32518199990409,31.743801,1.8874209999921727
rule,ba3f10e49fa71222a167,10.292181000068013,5.12452,2.0892810000532336
rule,0b8b19a751055a1ec8a0,36.744708000014725,30.477718,1.980722000098467
rule,30fb16826a0b77fbdaf0,10.009611999976189,4.862252,1.8643249998149256
rule,ddb3b09917f249dbe143,40.321581000171136,35.017311,1.785372000085772
rule,6d7204950e9ea9baf7eb,41.260707999981605,33.644181,2.569753999978275
rule,a0917b15d44486760f0e,45.63811499997428,34.689865,6.386458999941169
rule,f6ff97e8bae06024f9d5,11.798211000041192,5.601665,2.54402099994877
rule,92770e44f32b0fb3805b,11.819818000049054,6.111387,2.152763000140112
rule,2620f63214c6d4d53a2e,50.3255099999933,43.617241,2.2568709998722625
rule,344dee6d7742b737b6b8,13.590105999810476,6.53086,2.597384999944552
rule,9b619751b75c8a6ad1a0,46.70351499999015,38.992934,2.6932809998925222
rule,c502624fc7bb3bb7c430,12.967226000000664,6.367726,2.4415700002009544
rule,f04e6a8cd69749d35aab,11.92556500018327,5.586013,2.689911000061329
rule,95a6d8332e65a953f807,41.34948399996574,35.904187,1.9524310000633704
rule,417536921c3e9bb251be,10.272500999917613,5.118423,1.8383419999281612
rule,13e3bcc97110094b8448,10.432413999978962,5.165771,1.856489999909172
rule,fa8dca38dfc9570aba66,11.054798000031951,5.757804,2.1027960001447354
rule,119e22c1bc53d94525dc,37.81204400002025,31.860951,2.08836800015888
rule,b46523267235e8ce5297,9.499305999952412,4.970256,1.7152760001408751
rule,f53fbb95080335df2c2d,35.34298099998523,29.795461,1.8139160001737764
rule,560c8d4bfd14be3e6a8a,38.53694899999027,32.730664,1.9262210000761115
rule,45bd4d0f4d7478b0cee3,46.88568200003829,40.779335,1.9373819998236288
rule,68ae5f6b4dfe6c710ddc,11.692007999954512,5.378376,2.3874720000094385
rule,6f7809e7f2cc44bd0073,38.996507000092606,32.282098,2.241002999880948
rule,822ecb098d1efd5cc425,12.709587000017564,5.254688,2.358004999905461
rule,5930368dd828c298772d,37.11218800003735,31.367498,1.8896919998496744
rule,71e9baf5ea98ffedf5a8,10.458261999929164,5.197403,2.006700000038109
rule,cabe8ff46702c50e9274,37.68423399992571,31.891238,1.916685999958645
rule,edec038dc21e45a32a00,9.793596999998044,4.83218,1.8259739999848532
rule,91bd6a57b11a9ffdc7f7,11.09558799998922,4.790613,2.106600999923103
rule,97909eccc6227b59cdbd,9.198498999921869,4.760447,1.6704639999716164
rule,1fe86a7b0db415dc071c,35.67890299996179,29.954295,1.9318899999234416
rule,073d0199c1f24a40dc5b,36.54264500005411,30.944669,1.8319000000701635
rule,90e1209a31015bd22730,9.66808799989849,5.009827,1.7278010000154609
rule,7c84bae86fda676d4554,11.490847000004578,5.462846,2.253158000030453
rule,a2ebfa36b363d02c435f,37.63950200004729,31.737957,1.9037829999888345
rule,e1faca667619e6e13dea,9.758650000094349,5.020607,1.791428999922573
rule,1ce9829c757e18582436,10.636276000013822,5.056619,2.015124000081414
rule,383867303b559ef23d2d,10.215646000006018,4.94149,1.879679000012402
rule,1718763bdc51740a7d7a,10.414755000056177,5.215962,1.935158999913256
rule,2eeed640e4c9f230923b,38.572282999894014,33.312187,1.8253840000852504
rule,e95f8f97b7e36d6619df,10.397694999937812,5.07566,1.8818829998963336
rule,470a9f15033b9d2fc3d8,61.49163800000679,54.816645,2.064919999838821
rule,7bf919583e8a809b8724,22.426550000091083,11.512087,3.5943509999469825
rule,71d33942636767e8ed5a,91.42421000001376,76.434835,5.463288000100874
rule,dfafa0b6ed6c5146f025,59.92615400009527,46.706182,3.8117999999940366
rule,8a58d7d2fbec5278ad37,91.8786419999833,78.413258,3.7394460000541594
rule,ce8529c8eee748f146d3,24.007490000030884,12.248529,4.509542000050715
rule,9fda59f5fd0df9879327,88.91772300012235,75.325721,3.7403720000384055
rule,298fb3d15c1c56aa6a1b,65.37041599995064,53.224519,4.000256999916019
rule,2f0b56bb43b367cf0737,13.583722000021226,6.021041,3.4458920001725346
rule,050c33a7d7f32fd92ac6,11.847151999972994,5.775304,2.217204000089623
rule,aca16af98b818790e01b,44.40075499996965,37.048634,2.291239999976824
rule,a829012efaba7982ccf9,42.630693999853975,36.332247,1.9897249999303317
rule,e164986e7efd9a941c8e,37.69533699983185,31.471879,2.0274139999401086
rule,441b74bb0600359a5ae1,36.34652799996729,30.594137,1.8456779998814452
rule,9663eccdcbe0b346d2fb,10.539361000155624,5.043434,2.417324999896664
rule,17d5a963eb476a043cf3,35.42628200011677,30.156495,1.816154999914943
rule,a090cb4a0dea5c618439,10.44681300004413,4.951023,1.9335450001563004
rule,8e0f259737a8cf29adcd,11.344603999987156,5.886238,1.8438399999922692
rule,be5eaa3600e1cc67f394,10.771312999850124,5.102487,2.0101059999433346
rule,c855206e6d49ba4dd808,36.654287999908775,30.029523,2.1669560001100763
rule,d4dcc887e7e10d2bf5fa,33.578856999838536,28.257915,1.733705000106056
rule,42416e86d762cb8caf7a,10.034599000164237,4.847339,1.80941000007806
rule,4b548c57634f96cce13f,35.063747000094736,29.542423,1.7585139999027888
rule,2a328ad9ed0463dd8e40,9.818239999958678,4.669227,1.8808170000284008
rule,672289c345c6b157c122,34.754733999989185,29.189389,1.8433789998653085
rule,0038ddc45cbe29596ba9,34.63501400005953,28.548273,1.8554910000148084
rule,c10444f8b888582761a4,35.06241800005228,29.777723,1.682650000020658
rule,b0bfa88a566c909ba480,15.628263000053266,5.208863,6.796390000090469
rule,b9dd47e849749a3e01ef,11.118792999923244,5.127503,2.340661000062028
rule,31d5325988db9f1c752b,39.07389100004366,29.207193,2.526302999967811
rule,f5b6098226ef6b4d3008,33.3218289999877,27.736923,1.815783999973064
rule,66ea92408bb1d45e8a80,39.47299800006476,33.382248,1.9639619999907156
rule,ec65f302bff6f50bb8a2,9.6357249999528,4.611708,1.950556999872788
rule,0d1cfd3c9113ab92d8a9,35.20359900016956,29.528125,1.8827149999651736
rule,971fa9f2047ef0b7580b,11.554122000006828,5.71144,2.168205999851125
rule,a5cb5dce8fea0d78d48b,11.506648000022324,5.936406,1.9939800001793628
rule,184cfe80bff425a554eb,43.37233699993703,37.151332,2.0389759999943635
rule,b96089f5a0ee8958f842,11.07094199983294,5.803141,1.9039270000575923
rule,5f27fa39b4d1da680538,12.09469800005536,5.480899,2.16098099986084
rule,3fcb8614fa0697512341,40.11179799999809,34.038566,1.8749199998637776
rule,39bb040fb53a1d176cae,42.5169080001524,36.468232,1.915605000021969
rule,5722417798e696c036a9,56.2363159999677,49.696227,2.0247679999556567
rule,b3b7d952751637282f6b,12.245209999946384,5.512439,2.646129000140718
rule,759cbbc8629f7d2e495f,37.84187199994449,31.653332,2.0662129998072487
rule,0be2554779cb63aa7570,9.942707000163864,4.856408,1.7539079999551177
rule,187e3af108481037ef18,9.941364999804136,4.903824,1.928018999933556
rule,c855206e6d49ba4dd808,34.67970400015474,29.055751,1.8159169999307776
rule,13e3bcc97110094b8448,10.202355000046737,4.787806,1.9589300000006915
rule,b683b233630b42dc4774,34.90146200010713,29.015961,1.9853899998452107
rule,45bd4d0f4d7478b0cee3,33.85534600010942,28.655627,1.724238999941008
rule,b46523267235e8ce5297,9.317053999893687,4.737969,1.7220340000676515
rule,f04e6a8cd69749d35aab,9.512287000006836,4.730681,1.754951000066285
rule,417536921c3e9bb251be,11.636323999937304,5.401705,2.280197999880329
rule,5930368dd828c298772d,38.49919399999635,31.705592,1.9747909998386604
rule,91bd6a57b11a9ffdc7f7,10.852020999891463,4.817591,2.052181999943059
rule,44d0e6aade6060dd3a4c,10.326745000156734,5.107032,1.9092320001163896
rule,2eeed640e4c9f230923b,36.75620099988919,31.081882,2.08103799991477
rule,b0bfa88a566c909ba480,10.121019000052913,4.780431,1.863544000116235
rule,e1faca667619e6e13dea,9.818025999948077,5.035566,1.8099549999988085
rule,ba3f10e49fa71222a167,9.438595000119676,4.972519,1.688001000047734
rule,66ea92408bb1d45e8a80,39.98436500000935,33.799688,2.0175189999918075
rule,92770e44f32b0fb3805b,14.296140999931596,7.570059,2.1053749999282445
rule,9663eccdcbe0b346d2fb,22.03075199986415,13.172847,2.9623319999245723
rule,344dee6d7742b737b6b8,27.89974899997105,12.486108,6.519218000221372
rule,5f27fa39b4d1da680538,24.97190999997656,11.171574,4.43902100005289
rule,4b193d510c7badf1e9d7,22.96336699987478,11.137864,4.423467999913555
rule,7c84bae86fda676d4554,24.9769079998714,12.615261,4.723054000123739
rule,184cfe80bff425a554eb,71.10945199997332,54.648959,6.147119999923234
rule,470a9f15033b9d2fc3d8,42.23944499995014,34.096006,3.295572000070024
rule,9fda59f5fd0df9879327,51.5106810000816,41.563588,2.7819920001093124
rule,17d5a963eb476a043cf3,38.59638299991275,32.952807,2.0059720000062957
rule,b25a98271d50629a4f1d,41.55326000000059,35.814303,1.892544999918755
rule,5986b7616a1228b54cf8,38.033723999888025,32.094439,2.088016000016069
rule,b3b7d952751637282f6b,9.88681299986638,4.671761,1.9961800001055965
rule,95a6d8332e65a953f807,34.80583299983664,29.54808,1.8736189999799533
rule,298fb3d15c1c56aa6a1b,36.39737599996806,30.19741,2.10981800000809
rule,dfafa0b6ed6c5146f025,37.34960799988585,31.771934,1.8281889999798293
rule,822ecb098d1efd5cc425,12.520579000010912,5.288589,2.3515020000104414
rule,3de5f3a0109d307875a8,44.210873999873,34.790083,2.97250499988877
rule,6d7204950e9ea9baf7eb,37.843647000045166,31.717362,2.100409000149739
rule,a829012efaba7982ccf9,36.63891400015018,30.52297,2.0011149999845657
rule,a9ccf20cebb67562b233,40.76955300001828,34.937577,1.9678359999488748
rule,441b74bb0600359a5ae1,39.42226899994239,31.362122,2.6054889999613806
rule,8a58d7d2fbec5278ad37,37.45041299998775,31.678568,1.958591999937198
rule,0be2554779cb63aa7570,10.532884000213016,5.181713,1.9540670000424143
rule,ce8529c8eee748f146d3,10.597033000067311,4.812661,2.0290279999244376
rule,a5cb5dce8fea0d78d48b,10.56391299994175,5.171425,1.9064030000208727
rule,4820256bcd3e9dc760e4,36.611661999813805,29.851565,2.300307000041357
rule,1ce9829c757e18582436,10.203177999983382,4.874964,1.816888999883304
rule,6f7809e7f2cc44bd0073,40.80722300000161,34.927023,1.8905619999713963
rule,d4dcc887e7e10d2bf5fa,44.00178100013363,30.082279,9.726043000000573
rule,be5eaa3600e1cc67f394,10.873811999999816,4.979571,2.3624760001439427
rule,383867303b559ef23d2d,10.371596000140926,4.99653,1.9345980001617136
rule,187e3af108481037ef18,9.68726900009642,4.822626,1.8572419999145493
rule,0038ddc45cbe29596ba9,34.86136399988027,28.566141,2.1372759999849222
rule,a2ebfa36b363d02c435f,35.133147000124154,29.669013,1.778184999920995
rule,8e0f259737a8cf29adcd,10.230539000076533,5.09775,1.906873000052656
rule,672289c345c6b157c122,35.28340899993054,29.359218,2.0409500000369007
rule,97909eccc6227b59cdbd,9.319861999983914,4.833636,1.6827920001105667
rule,ead41664127f392d4b3a,39.94133899982444,34.209572,1.9042460000946448
rule,e95f8f97b7e36d6619df,10.618179999937638,5.061181,2.0518220001122245
rule,4b548c57634f96cce13f,35.801258999981656,29.796889,2.080959000068105
rule,971fa9f2047ef0b7580b,9.681469000042853,4.795088,1.8253250000270784
rule,2620f63214c6d4d53a2e,35.15007200007858,29.684178,1.8298190000223256
rule,cd042851c41a91dcb39d,10.164530000110972,5.038926,1.8890750000082333
rule,560c8d4bfd14be3e6a8a,38.47325600008844,32.489342,1.955371000121886
rule,71d33942636767e8ed5a,37.748726000018,30.822168,2.678068000022904
rule,f6ff97e8bae06024f9d5,11.03355800000827,5.00813,2.424804000156655
rule,71e9baf5ea98ffedf5a8,10.177685999906316,4.898671,2.0007780001378705
rule,30fb16826a0b77fbdaf0,10.935775999996622,5.045746,2.3535580000952905
rule,073d0199c1f24a40dc5b,39.09152799997173,32.957188,2.0917760000429557
rule,b9dd47e849749a3e01ef,11.85046099999454,5.180531,2.7229480001551565
rule,050c33a7d7f32fd92ac6,10.506155000030049,5.136624,2.067130000114048
rule,5722417798e696c036a9,37.624269999923854,30.697936,2.3973070001375163
rule,0b8b19a751055a1ec8a0,35.33966000009059,29.112023,1.908026999899448
rule,9b619751b75c8a6ad1a0,35.03770099996473,29.195999,2.0151379999333585
rule,31d5325988db9f1c752b,42.11410299990348,31.36129,2.698916000099416
rule,b96089f5a0ee8958f842,10.914320999972915,5.350057,2.1209949998137745
rule,3fcb8614fa0697512341,36.39723500009495,30.674293,1.83864799987532
rule,f164d1a7b2bfad695ace,36.57058999988294,30.699799,1.856595999925048
rule,f53fbb95080335df2c2d,36.7276199999651,30.783957,2.008152999906088
rule,68ae5f6b4dfe6c710ddc,10.567282000010891,5.022514,1.9771849999870028
rule,2a328ad9ed0463dd8e40,10.057218000156354,4.803114,2.021489000071597
rule,e164986e7efd9a941c8e,37.33688399984203,31.019415,2.2083740000198304
rule,edec038dc21e45a32a00,10.670226999991428,5.324765,1.9914990000415853
rule,c502624fc7bb3bb7c430,11.022218000107388,5.28182,2.289130999997724
rule,cabe8ff46702c50e9274,38.889981000011176,32.705784,2.1585449999292905
rule,759cbbc8629f7d2e495f,38.67785800002821,32.496015,2.070454999966387
rule,aca16af98b818790e01b,34.98658500006968,29.036731,2.0511050001914555
rule,0d1cfd3c9113ab92d8a9,37.44193200009249,31.688901,1.896606999935102
rule,39bb040fb53a1d176cae,34.95196699986991,28.901506,2.0625110000764835
rule,a0917b15d44486760f0e,36.38824500012561,30.714305,1.7377950000536655
rule,ddb3b09917f249dbe143,35.71525899997141,30.013877,2.0205400001032103
rule,1fe86a7b0db415dc071c,35.67737399998805,29.409475,2.317139999831852
rule,f5b6098226ef6b4d3008,34.352521000073466,28.397818,1.9377040000563284
rule,e969791171f72413723a,11.072780999938914,4.475258,2.193021000039153
rule,2f0b56bb43b367cf0737,10.459032999960982,4.873234,2.2655289999420347
rule,42416e86d762cb8caf7a,10.498626000071454,4.821369,2.231999000059659
rule,7bf919583e8a809b8724,10.440636000112136,4.812853,2.2749479999220057
rule,1718763bdc51740a7d7a,10.219798000207447,4.92132,2.0696930000667635
rule,c10444f8b888582761a4,35.343642000043474,28.917189,2.3734970000077737
rule,90e1209a31015bd22730,10.31142700003329,5.185526,1.9673779997901877
rule,fa8dca38dfc9570aba66,10.13281099994856,5.070757,2.0955160000539763
rule,ec65f302bff6f50bb8a2,11.325381999995445,5.455149,2.129876000026343
rule,119e22c1bc53d94525dc,38.99268300006042,33.48268,1.963773999932528
rule,a090cb4a0dea5c618439,11.38162900019779,5.404639,2.305486000068413
rule,4b548c57634f96cce13f,34.55655499988097,28.912898,1.8600729999889156
rule,9fda59f5fd0df9879327,35.426618999963466,29.487954,1.9827420001092837
rule,a0917b15d44486760f0e,37.42058799980441,31.535653,1.9957719998728864
rule,edec038dc21e45a32a00,10.604550999914863,5.167772,2.1223869998721057
rule,b9dd47e849749a3e01ef,11.475729000039792,5.16712,2.669584999921426
rule,13e3bcc97110094b8448,10.675695999907475,4.849562,2.196347999870341
rule,417536921c3e9bb251be,20.60974900018664,5.218213,11.189325000032111
rule,2a328ad9ed0463dd8e40,12.322197999992568,5.202532,2.986844999895766
rule,0d1cfd3c9113ab92d8a9,36.74550000005184,30.334459,2.309878000005483
rule,560c8d4bfd14be3e6a8a,35.46697399997356,29.448786,2.061860000139859
rule,1fe86a7b0db415dc071c,35.255077999863715,29.403639,2.0115830000122514
rule,17d5a963eb476a043cf3,36.863696999944295,30.948564,2.0813639998777944
rule,31d5325988db9f1c752b,39.76505099990391,30.270391,2.492102999894996
rule,45bd4d0f4d7478b0cee3,38.15652900016176,31.771683,2.3611050000909017
rule,4820256bcd3e9dc760e4,36.67325800006438,30.602904,2.225695999868549
rule,383867303b559ef23d2d,10.631282999838731,5.043288,2.0251309999821387
rule,0be2554779cb63aa7570,11.314630000015311,5.397343,2.3059370000737545
rule,6d7204950e9ea9baf7eb,36.662288999878,30.594795,2.091924000069412
rule,672289c345c6b157c122,38.555319000124655,32.139012,1.993877999893812
rule,cabe8ff46702c50e9274,36.70192000004136,30.143376,2.3845949999667937
rule,3de5f3a0109d307875a8,38.44387499998447,31.91909,2.256686000009722
rule,b3b7d952751637282f6b,10.781561000158035,5.111344,2.162735999945653
rule,ddb3b09917f249dbe143,35.437284999943586,29.776198,1.9818549999399693
rule,e969791171f72413723a,12.08473699989554,4.781277,2.5258150001263857
rule,298fb3d15c1c56aa6a1b,35.229471000093326,29.006891,2.182980000043244
rule,68ae5f6b4dfe6c710ddc,11.07564599988109,5.165194,2.3010859999885724
rule,f53fbb95080335df2c2d,34.64904199995544,29.367731,1.753589000145439
rule,a5cb5dce8fea0d78d48b,10.546814000008451,5.097839,2.044102000127168
rule,ec65f302bff6f50bb8a2,10.685990999945716,5.287456,2.0632569999179395
rule,a9ccf20cebb67562b233,35.80877900003543,29.852883,1.982293000082791
rule,b25a98271d50629a4f1d,35.73547299993152,30.145651,1.8171209999309208
rule,3fcb8614fa0697512341,34.30369900002006,28.836986,1.8276270000114887
rule,4b193d510c7badf1e9d7,10.037600000032398,4.81378,2.0433249999314285
rule,b683b233630b42dc4774,38.38602699988769,31.87808,2.294941999934963
rule,c855206e6d49ba4dd808,36.42515000001367,29.665811,2.539635000175622
rule,050c33a7d7f32fd92ac6,10.36165899995467,5.0061,2.0787140001630178
rule,f6ff97e8bae06024f9d5,10.319077000076504,4.895827,2.075625000088621
rule,6f7809e7f2cc44bd0073,35.13781999981802,29.114129,2.006416000085665
rule,b0bfa88a566c909ba480,10.1930270000139,4.780343,2.0420109999577107
rule,b96089f5a0ee8958f842,9.927214000072128,4.909024,1.9140340000376452
rule,1ce9829c757e18582436,10.724476000177674,4.993755,2.168936999851212
rule,2eeed640e4c9f230923b,35.61314399985349,29.89668,2.1016990001498925
rule,a2ebfa36b363d02c435f,37.10554899998897,30.637391,2.443168999889167
rule,073d0199c1f24a40dc5b,36.64024499994412,30.63645,2.149723999991693
rule,c10444f8b888582761a4,35.51403599999503,29.542105,1.9440949999989243
rule,cd042851c41a91dcb39d,10.159902999930637,4.811314,1.9825850001780052
rule,e95f8f97b7e36d6619df,10.734974000115471,5.106518,2.1688440001526037
rule,be5eaa3600e1cc67f394,10.959533999994164,5.25723,2.155282000103398
rule,95a6d8332e65a953f807,36.14025000001675,30.090726,2.316975999974602
rule,9663eccdcbe0b346d2fb,9.87408800006051,4.896084,1.9066339998516924
rule,5986b7616a1228b54cf8,35.915966999937154,29.898024,2.152894999881028
rule,c502624fc7bb3bb7c430,11.90731799988498,6.224452,2.0206889998917177
rule,2f0b56bb43b367cf0737,10.811485999965951,5.23331,2.2255760000007285
rule,b46523267235e8ce5297,10.731846999988193,5.359074,2.1637300001202675
rule,ce8529c8eee748f146d3,11.04564999991453,5.223525,2.1160710000458494
rule,44d0e6aade6060dd3a4c,10.98199700004443,5.522057,1.9985510000424256
rule,dfafa0b6ed6c5146f025,37.08141199990678,30.931189,2.216016999909698
rule,ba3f10e49fa71222a167,10.011001000066244,5.008348,2.0364489998883077
rule,30fb16826a0b77fbdaf0,10.769604000188338,5.303226,2.024574999950346
rule,5930368dd828c298772d,38.35026000001562,31.630725,2.4515879999853496
rule,91bd6a57b11a9ffdc7f7,12.172384999985296,5.370407,2.485454999941794
rule,e1faca667619e6e13dea,10.666233000165448,5.446489,2.1535259998017864
rule,9b619751b75c8a6ad1a0,37.448517000029824,31.167587,2.1981180000238965
rule,971fa9f2047ef0b7580b,10.78167300011046,5.459501,2.0208720000027824
rule,8e0f259737a8cf29adcd,11.724335000053545,5.778586,2.3551040001166257
rule,0b8b19a751055a1ec8a0,43.79969000001438,35.191688,2.6669930000480235
rule,7bf919583e8a809b8724,10.59390499995061,5.132651,2.1611059999031568
rule,7c84bae86fda676d4554,11.559951999970508,5.563949,2.3928260000047885
rule,fa8dca38dfc9570aba66,11.285991000022475,5.627313,2.2708829999373847
rule,759cbbc8629f7d2e495f,38.0732490000355,31.55077,2.3717199999282457
rule,2620f63214c6d4d53a2e,37.503027999946426,30.987601,2.361508999911166
rule,71e9baf5ea98ffedf5a8,10.862635999956185,5.361737,1.974705000066024
rule,a829012efaba7982ccf9,37.61728800009223,30.730268,2.3507900000367954
rule,f164d1a7b2bfad695ace,44.13400399994316,30.318606,9.53287399988767
rule,97909eccc6227b59cdbd,12.026291999973182,5.54842,2.815554999870073
rule,822ecb098d1efd5cc425,12.591294000003472,4.90761,2.7315560000715777
rule,344dee6d7742b737b6b8,11.35993899993082,5.070616,2.4478240000007645
rule,a090cb4a0dea5c618439,11.048759000004791,5.194311,2.237100999991526
rule,0038ddc45cbe29596ba9,36.24867799999265,29.104555,2.228768999884778
rule,92770e44f32b0fb3805b,10.399597000059655,4.981447,2.0244759998604422
rule,e164986e7efd9a941c8e,35.5373669999608,29.472524,2.0690890000878426
rule,66ea92408bb1d45e8a80,36.849389000053634,30.621437,2.1753710000211868
rule,5f27fa39b4d1da680538,11.658777000093323,5.085948,2.3135450001063878
rule,39bb040fb53a1d176cae,36.98568000004343,30.742383,2.1746089998941898
rule,5722417798e696c036a9,38.235650999922655,32.107062,1.9491350001317187
rule,470a9f15033b9d2fc3d8,37.39466000001812,30.223934,2.6708150001013564
rule,8a58d7d2fbec5278ad37,35.94680500009417,29.937134,2.1920780000073137
rule,d4dcc887e7e10d2bf5fa,38.852211999937936,32.609712,2.2042630000669305
rule,187e3af108481037ef18,11.29701800005023,5.590124,2.180495999937193
rule,441b74bb0600359a5ae1,38.893508999990445,31.296671,2.7425079999829904
rule,119e22c1bc53d94525dc,36.34723700020004,30.582307,2.1511649999865767
rule,184cfe80bff425a554eb,35.26236399989102,28.991051,2.2918019999451644
rule,f5b6098226ef6b4d3008,35.489291999965644,29.231908,2.0890369999051472
rule,1718763bdc51740a7d7a,9.85371199999463,4.7463,1.847056000087832
rule,42416e86d762cb8caf7a,10.829232000105549,4.95288,2.319438999847989
rule,f04e6a8cd69749d35aab,10.51833000019542,5.104676,2.0207180000397784
rule,ead41664127f392d4b3a,37.51500099997429,31.337349,2.154673000177354
rule,90e1209a31015bd22730,10.031899000068734,5.071352,1.9276890000128333
rule,71d33942636767e8ed5a,36.94935999988047,30.703254,2.1580919999451
rule,aca16af98b818790e01b,37.64216199988368,31.508914,2.12851900005262
learned,e969791171f72413723a,17.911614000013287,7.012383,3.364705999956641
learned,f164d1a7b2bfad695ace,13.59554600003321,7.028509,2.189647000022888
learned,44d0e6aade6060dd3a4c,13.416702999847985,6.942613,2.1754120000423427
learned,b25a98271d50629a4f1d,18.78643899999588,10.09939,3.4206059999633
learned,4820256bcd3e9dc760e4,12.483384999995906,6.337058,2.1162949999506964
learned,b683b233630b42dc4774,13.847234999957436,6.886653,2.5840660000540083
learned,4b193d510c7badf1e9d7,17.122737999898163,9.114206,2.6370460000180174
learned,ead41664127f392d4b3a,15.192336999916732,7.565122,2.7217530000598344
learned,a9ccf20cebb67562b233,13.895176999994874,6.82176,2.4508230001174525
learned,3de5f3a0109d307875a8,13.654151000082493,6.630091,2.4756689999776427
learned,cd042851c41a91dcb39d,14.853944999913438,7.467078,3.0020249998869986
learned,5986b7616a1228b54cf8,21.646672999850125,14.431654,2.3374219999823254
learned,ba3f10e49fa71222a167,21.93896899984793,11.320131,3.3690749999095715
learned,0b8b19a751055a1ec8a0,25.299871000015628,11.405608,5.614269000034255
learned,30fb16826a0b77fbdaf0,30.996076999826983,13.458702,6.453073000102449
learned,ddb3b09917f249dbe143,23.16723700005241,11.542858,4.319268000017473
learned,6d7204950e9ea9baf7eb,31.416183999908757,12.799438,7.445908999898165
learned,a0917b15d44486760f0e,25.16658399986227,11.187605,4.885373999968579
learned,f6ff97e8bae06024f9d5,19.897954000043683,9.008628,4.054087999975309
learned,92770e44f32b0fb3805b,19.43425300009949,9.242304,4.243627000050765
learned,2620f63214c6d4d53a2e,18.73693799984721,8.721848,3.2062499999483407
learned,344dee6d7742b737b6b8,22.850124000115105,10.619431,3.832840000086435
learned,9b619751b75c8a6ad1a0,16.65457800004333,9.011773,2.6488070000141306
learned,c502624fc7bb3bb7c430,18.33530199996858,8.136795,3.5441580000679096
learned,f04e6a8cd69749d35aab,29.32391500007725,14.756078,4.847732000143878
learned,95a6d8332e65a953f807,26.18742699996801,13.522071,4.30694300007417
learned,417536921c3e9bb251be,23.80390400003307,11.798177,3.908042000148271
learned,13e3bcc97110094b8448,29.382021999936114,13.533356,5.291225999826565
learned,fa8dca38dfc9570aba66,23.706468999989735,10.863762,4.540725000197199
learned,119e22c1bc53d94525dc,22.52653499999724,11.023443,4.236934999880759
learned,b46523267235e8ce5297,32.22289200016348,18.053051,5.264444000204094
learned,f53fbb95080335df2c2d,27.734226000120543,12.600913,4.91418300020996
learned,560c8d4bfd14be3e6a8a,24.167294999870137,10.802055,4.124120999904335
learned,45bd4d0f4d7478b0cee3,35.632049000014376,19.286906,5.544658999951935
learned,68ae5f6b4dfe6c710ddc,19.85410099996443,8.98118,3.978682000024492
learned,6f7809e7f2cc44bd0073,17.772897999975612,8.689223,2.9027850000602484
learned,822ecb098d1efd5cc425,22.30090900002324,8.688805,4.78746100020544
learned,5930368dd828c298772d,16.34271400007492,7.423446,3.577698000071905
learned,71e9baf5ea98ffedf5a8,14.952067000194802,7.486472,2.674759000001359
learned,cabe8ff46702c50e9274,14.889571000139767,7.551618,2.518137999913961
learned,edec038dc21e45a32a00,17.636519000006956,8.874417,2.769004999890967
learned,91bd6a57b11a9ffdc7f7,21.915145999855667,8.801834,3.6824229998728697
learned,97909eccc6227b59cdbd,22.462226000016017,9.5484,6.668523999906029
learned,1fe86a7b0db415dc071c,17.204400999844438,8.525073,2.941248000070118
learned,073d0199c1f24a40dc5b,21.46964600001411,11.220645,3.286957000000257
learned,90e1209a31015bd22730,16.467356000021027,8.712345,2.828772000157187
learned,7c84bae86fda676d4554,23.485582999910548,10.746946,5.513070999995762
learned,a2ebfa36b363d02c435f,17.575187999909758,8.980784,2.9438130000016827
learned,e1faca667619e6e13dea,19.735754999828718,8.796353,5.1024869999309885
learned,1ce9829c757e18582436,16.538359999913155,7.585738,2.944134000017584
learned,383867303b559ef23d2d,15.28149199998552,7.377074,2.954821000002994
learned,1718763bdc51740a7d7a,15.171411999972406,7.460076,2.918684999940524
learned,2eeed640e4c9f230923b,18.845369000018763,9.167635,3.410979000136649
learned,e95f8f97b7e36d6619df,20.188641999993703,8.283677,4.917583999940689
learned,470a9f15033b9d2fc3d8,25.2341240000078,12.555581,4.2452100001355575
learned,7bf919583e8a809b8724,15.406070999915755,7.640773,2.7594429998316627
learned,71d33942636767e8ed5a,15.232306999905632,7.65599,2.582828000186055
learned,dfafa0b6ed6c5146f025,13.775580999890735,6.842502,2.4587969999174675
learned,8a58d7d2fbec5278ad37,15.68214399981116,7.877206,2.463444000113668
learned,ce8529c8eee748f146d3,18.748146000007186,8.403225,3.261443999917901
learned,9fda59f5fd0df9879327,16.877556000054028,8.788011,2.803672000027291
learned,298fb3d15c1c56aa6a1b,17.320693000101528,8.738557,2.999024000018835
learned,2f0b56bb43b367cf0737,30.04492199988817,10.794347,13.536582999904567
learned,050c33a7d7f32fd92ac6,29.605261999904545,16.622085,4.131547000042701
learned,aca16af98b818790e01b,17.21547100009957,8.51578,3.1269950000023528
learned,a829012efaba7982ccf9,22.601297999926828,10.303166,4.356470999937301
learned,e164986e7efd9a941c8e,17.871494000019084,8.584636,3.2732679999298853
learned,441b74bb0600359a5ae1,15.994461999980558,7.935544,2.818918000002668
learned,9663eccdcbe0b346d2fb,15.365276000011365,7.557485,2.599123999971198
learned,17d5a963eb476a043cf3,27.95248100005665,14.489901,4.260206000026301
learned,a090cb4a0dea5c618439,15.14689600003294,7.312602,2.790428000025713
learned,8e0f259737a8cf29adcd,15.479104000178268,7.462536,2.8366340000047785
learned,be5eaa3600e1cc67f394,15.916254999865489,8.263539,2.595542999870304
learned,c855206e6d49ba4dd808,19.34764499992525,8.954143,4.531962000100975
learned,d4dcc887e7e10d2bf5fa,16.433124999821302,7.911682,2.979691999826173
learned,42416e86d762cb8caf7a,18.703962000017786,8.150319,4.164571999808686
learned,4b548c57634f96cce13f,24.095002999956705,12.67814,5.1134400000592
learned,2a328ad9ed0463dd8e40,15.821558999959962,7.698111,2.986488999795256
learned,672289c345c6b157c122,16.452908000019306,8.367666,2.6533430000199587
learned,0038ddc45cbe29596ba9,17.676571000038166,7.790599,4.164294000020163
learned,c10444f8b888582761a4,18.558250000069165,10.325848,2.793544000041948
learned,b0bfa88a566c909ba480,18.678640999951316,9.245719,3.1990170000426588
learned,b9dd47e849749a3e01ef,17.543209999985265,8.874253,2.972496999973373
learned,31d5325988db9f1c752b,23.22760699985338,9.03026,4.438812000216785
learned,f5b6098226ef6b4d3008,20.23853600007897,8.370704,4.734674000019368
learned,66ea92408bb1d45e8a80,17.659762999983286,8.72573,3.114616999937425
learned,ec65f302bff6f50bb8a2,19.034008000062386,9.5291,3.3111830000507325
learned,0d1cfd3c9113ab92d8a9,20.491030000130195,10.085243,3.74345699992773
learned,971fa9f2047ef0b7580b,22.877898000160712,11.074386,4.12952800002131
learned,a5cb5dce8fea0d78d48b,23.62938800001757,11.899289,3.965940999933082
learned,184cfe80bff425a554eb,17.60219900006632,9.125487,2.9674059999251767
learned,b96089f5a0ee8958f842,17.648960000087754,8.816878,3.0405249999603257
learned,5f27fa39b4d1da680538,22.54635500003133,9.927163,4.634800000076211
learned,3fcb8614fa0697512341,19.32216799991693,9.358195,3.569794999975784
learned,39bb040fb53a1d176cae,21.34941700001036,9.734407,5.412439999872731
learned,5722417798e696c036a9,20.681547000094724,10.643054,3.306016999886197
learned,b3b7d952751637282f6b,21.144200999970053,8.620506,4.75062300006357
learned,759cbbc8629f7d2e495f,16.425627999979042,8.185964,3.042420999918249
learned,0be2554779cb63aa7570,16.76376600016738,8.206882,2.9111070000453765
learned,187e3af108481037ef18,19.42862100008824,8.509341,4.300918999888381
learned,c855206e6d49ba4dd808,17.096412999990207,8.088419,3.1831629999032884
learned,13e3bcc97110094b8448,17.435302999956548,8.806019,3.006816999914008
learned,b683b233630b42dc4774,18.150434999824935,8.95064,3.085614000156056
learned,45bd4d0f4d7478b0cee3,19.93159900007413,11.045886,3.27196099988214
learned,b46523267235e8ce5297,21.93290199988951,10.088994,4.350251000005301
learned,f04e6a8cd69749d35aab,20.685029000105715,9.482431,5.02008500006923
learned,417536921c3e9bb251be,18.20211899985225,8.542904,3.527287999986584
learned,5930368dd828c298772d,17.697628000178156,8.999368,3.033982000033575
learned,91bd6a57b11a9ffdc7f7,19.09889200010184,8.76176,3.2427610001377616
learned,44d0e6aade6060dd3a4c,17.868140000018684,9.140842,3.000400000018999
learned,2eeed640e4c9f230923b,16.850121999823386,8.548672,3.0615739999575453
learned,b0bfa88a566c909ba480,17.401782999968418,8.632254,3.140582000014547
learned,e1faca667619e6e13dea,17.846516999952655,9.795471,2.8057150000222464
learned,ba3f10e49fa71222a167,18.91561200000069,9.521124,3.247196999836888
learned,66ea92408bb1d45e8a80,19.20163899990257,10.507507,3.005028999950809
learned,92770e44f32b0fb3805b,18.68400499984091,8.868662,4.256432999909521
learned,9663eccdcbe0b346d2fb,17.77347600000212,9.030049,3.736429999889879
learned,344dee6d7742b737b6b8,20.04656300005081,10.2943,3.2209729999976844
learned,5f27fa39b4d1da680538,22.60057700004836,9.222884,5.087334000108967
learned,4b193d510c7badf1e9d7,19.5477539998592,8.800306,3.855529000020397
learned,7c84bae86fda676d4554,18.779245000132505,9.337851,2.873685999929876
learned,184cfe80bff425a554eb,16.086073999986183,7.442887,3.4368750000339787
learned,470a9f15033b9d2fc3d8,17.520880000120087,8.502806,2.978413999926488
learned,9fda59f5fd0df9879327,16.367881999940437,8.3112,2.8152159998171555
learned,17d5a963eb476a043cf3,17.192409000017506,9.42969,2.721014999906401
learned,b25a98271d50629a4f1d,26.68457100003252,9.972052,9.886316000120132
learned,5986b7616a1228b54cf8,29.15955399998893,16.592652,4.200008999987404
learned,b3b7d952751637282f6b,17.968759999803297,8.430498,3.5542030000215163
learned,95a6d8332e65a953f807,16.259255000022677,8.519814,2.8650270000980527
learned,298fb3d15c1c56aa6a1b,17.303894999940894,8.565148,3.147539000110555
learned,dfafa0b6ed6c5146f025,16.881495999996332,8.656661,3.013549000115745
learned,822ecb098d1efd5cc425,18.09076799986542,7.800464,3.2212429998708103
learned,3de5f3a0109d307875a8,19.555268999965847,8.578031,3.912871000011364
learned,6d7204950e9ea9baf7eb,16.618848000007347,8.825897,2.7358410000033477
learned,a829012efaba7982ccf9,15.236305999906108,7.498525,2.6480839999294403
learned,a9ccf20cebb67562b233,14.271137999912751,6.96703,2.553633999923477
learned,441b74bb0600359a5ae1,16.789385000038237,8.577528,2.507390999880954
learned,8a58d7d2fbec5278ad37,14.47542699997939,7.214964,2.6561289998880966
learned,0be2554779cb63aa7570,15.567422000003717,7.518932,2.7026509999359405
learned,ce8529c8eee748f146d3,15.76088499996331,7.49586,2.7412490001097467
learned,a5cb5dce8fea0d78d48b,13.342938000050708,6.380579,2.737895000109347
learned,4820256bcd3e9dc760e4,11.963218000119014,6.034053,2.145898999970086
learned,1ce9829c757e18582436,12.355080999896018,6.039372,2.24530299988146
learned,6f7809e7f2cc44bd0073,12.366217000135292,6.178953,2.1149710000827326
learned,d4dcc887e7e10d2bf5fa,12.100443000008454,6.092471,2.0888450001166348
learned,be5eaa3600e1cc67f394,12.65597900010107,6.364315,2.2360269999808224
learned,383867303b559ef23d2d,14.745533999985128,7.650089,2.446432999931858
learned,187e3af108481037ef18,17.873992999966504,9.58795,2.858971000023302
learned,0038ddc45cbe29596ba9,16.70681199993851,7.912076,3.113061000021844
learned,a2ebfa36b363d02c435f,14.33192199988298,6.959693,2.696695999929944
learned,8e0f259737a8cf29adcd,14.09292599987566,6.610791,3.3174960001360887
learned,672289c345c6b157c122,14.37876599993615,6.905193,2.46416599998156
learned,97909eccc6227b59cdbd,12.353076999943369,6.416057,2.130253000132143
learned,ead41664127f392d4b3a,12.84816099996533,6.409907,2.406585000017003
learned,e95f8f97b7e36d6619df,13.213046999908329,6.379695,2.3105579998627945
learned,4b548c57634f96cce13f,12.899262000019007,6.383406,2.320605000022624
learned,971fa9f2047ef0b7580b,13.668685999846277,6.78421,2.4205370000345283
learned,2620f63214c6d4d53a2e,13.752176000025427,6.800743,2.46811300007721
learned,cd042851c41a91dcb39d,13.905023999996049,7.174768,2.4596460000338998
learned,560c8d4bfd14be3e6a8a,14.534296999954677,7.343212,2.547230000118361
learned,71d33942636767e8ed5a,24.076819000129035,11.90556,2.990416000102414
learned,f6ff97e8bae06024f9d5,23.596112000177527,11.725911,5.019657000048028
learned,71e9baf5ea98ffedf5a8,28.3292579999852,13.257806,5.464268999958222
learned,30fb16826a0b77fbdaf0,21.057374000065465,8.754944,5.600240000148915
learned,073d0199c1f24a40dc5b,31.290294999962494,16.979741,5.008172000088962
learned,b9dd47e849749a3e01ef,27.16621500007932,13.674234,4.719606999969983
learned,050c33a7d7f32fd92ac6,18.8786070000333,9.442844,3.6167860000659857
learned,5722417798e696c036a9,20.36436599996705,9.821028,3.514638000069681
learned,0b8b19a751055a1ec8a0,14.762282999981837,6.911748,2.887632000010853
learned,9b619751b75c8a6ad1a0,14.442371999848548,7.519234,2.429489000178364
learned,31d5325988db9f1c752b,15.449784999873373,5.906649,2.9350489999160345
learned,b96089f5a0ee8958f842,11.72925000014402,5.955545,2.1051700000498386
learned,3fcb8614fa0697512341,16.724834999877203,8.37363,3.239453999867692
learned,f164d1a7b2bfad695ace,13.301099000045724,6.742567,2.261129000089568
learned,f53fbb95080335df2c2d,13.354273999993891,7.033091,2.196173999891471
learned,68ae5f6b4dfe6c710ddc,14.51307699994686,7.177392,2.6207230000636628
learned,2a328ad9ed0463dd8e40,14.01778300009937,6.583103,2.8101739999328856
learned,e164986e7efd9a941c8e,12.989459000209536,6.366506,2.313774999947782
learned,edec038dc21e45a32a00,12.653144000069004,6.335369,2.186520999885033
learned,c502624fc7bb3bb7c430,12.204485999973258,6.16596,2.0909430002120644
learned,cabe8ff46702c50e9274,12.3561460000019,6.327476,2.1544919998177647
learned,759cbbc8629f7d2e495f,14.607021000074385,6.052271,3.3882969999012857
learned,aca16af98b818790e01b,12.928659999943193,7.105784,1.9687109997903465
learned,0d1cfd3c9113ab92d8a9,11.19574599988482,5.48256,2.0388679999996384
learned,39bb040fb53a1d176cae,11.56578600011926,5.331795,2.3655299999063573
learned,a0917b15d44486760f0e,11.162899000055404,5.444469,2.057502000070599
learned,ddb3b09917f249dbe143,11.125563999939914,5.474256,2.1588749998500134
learned,1fe86a7b0db415dc071c,10.95929400003115,5.196035,2.024918999950387
learned,f5b6098226ef6b4d3008,10.910575000025348,5.142343,2.044492000095488
learned,e969791171f72413723a,12.680860000045868,5.371162,2.1836549999534327
learned,2f0b56bb43b367cf0737,10.800818999996409,5.35425,2.0617709999442013
learned,42416e86d762cb8caf7a,11.002704000020458,5.389207,1.9523780001691196
learned,7bf919583e8a809b8724,16.43254500004332,5.478,7.288677999895299
learned,1718763bdc51740a7d7a,10.987634999992224,5.135743,2.349124999909691
learned,c10444f8b888582761a4,10.89510900010282,5.476036,1.9308299999920564
learned,90e1209a31015bd22730,9.602153999821894,4.901812,1.779515999942305
learned,fa8dca38dfc9570aba66,10.186395000118864,5.253911,1.8197200001850435
learned,ec65f302bff6f50bb8a2,11.127220999924248,5.43867,2.111634000129925
learned,119e22c1bc53d94525dc,10.446494999996505,5.170174,1.966496000022744
learned,a090cb4a0dea5c618439,11.17104499985544,5.471298,1.995700000179568
learned,4b548c57634f96cce13f,10.53248099992743,5.145989,1.9080360000316432
learned,9fda59f5fd0df9879327,11.101473999815424,5.469048,2.089605000037409
learned,a0917b15d44486760f0e,10.708009999916612,5.234279,2.040452000073856
learned,edec038dc21e45a32a00,10.811826000008296,5.396758,1.947070000142048
learned,b9dd47e849749a3e01ef,11.005774000068412,5.286393,1.9109099998786403
learned,13e3bcc97110094b8448,11.64533700011816,5.704663,2.2004170000400336
learned,417536921c3e9bb251be,11.801962000163256,5.478254,2.357910000000629
learned,2a328ad9ed0463dd8e40,11.217169000019569,5.285823,2.3428290000993
learned,0d1cfd3c9113ab92d8a9,10.471204999930706,4.986609,1.9944839998515815
learned,560c8d4bfd14be3e6a8a,11.210394000045198,5.309891,1.954312999941976
learned,1fe86a7b0db415dc071c,10.873434999894016,5.183572,2.1400969999376684
learned,17d5a963eb476a043cf3,10.641357000167773,5.140435,2.1881579998535017
learned,31d5325988db9f1c752b,13.70499499989819,5.181047,2.704895999841028
learned,45bd4d0f4d7478b0cee3,10.879941999974108,5.164381,2.17860800012204
learned,4820256bcd3e9dc760e4,11.450303999936295,5.761333,1.9985039998573484
learned,383867303b559ef23d2d,11.042595000162692,5.215072,2.176241000142909
learned,0be2554779cb63aa7570,10.708045999990643,5.13327,1.9741619998967508
learned,6d7204950e9ea9baf7eb,10.563393999973414,4.974464,2.152307000187648
learned,672289c345c6b157c122,11.26147300010416,5.528855,2.168291999851135
learned,cabe8ff46702c50e9274,11.169403999929273,5.211565,2.2271679999903427
learned,3de5f3a0109d307875a8,12.04781800015553,5.412906,2.640017999965494
learned,b3b7d952751637282f6b,11.855936000074507,5.857114,2.120511000157421
learned,ddb3b09917f249dbe143,11.918723999997384,5.53662,2.58736199998566
learned,e969791171f72413723a,13.398826999946325,5.450538,2.64651300017249
learned,298fb3d15c1c56aa6a1b,11.5071339998849,5.370502,2.423489999955564
learned,68ae5f6b4dfe6c710ddc,11.835321000035036,5.357933,2.376311000034548
learned,f53fbb95080335df2c2d,11.569514000029812,5.546483,2.45542899983775
learned,a5cb5dce8fea0d78d48b,12.513997000041854,6.124545,2.280481000070722
learned,ec65f302bff6f50bb8a2,11.253685999918162,5.591824,2.0364340000469383
learned,a9ccf20cebb67562b233,11.50441899994803,5.557094,2.117553000061889
learned,b25a98271d50629a4f1d,12.28540600004635,5.834472,2.580079999916052
learned,3fcb8614fa0697512341,11.683496999921772,5.656281,2.242719999912879
learned,4b193d510c7badf1e9d7,11.896761000116385,5.649812,2.5524489999497746
learned,b683b233630b42dc4774,12.513978000015411,5.883632,2.555142999881354
learned,c855206e6d49ba4dd808,13.287714999933089,6.24925,2.4192739999762125
learned,050c33a7d7f32fd92ac6,12.02438199993594,5.520354,2.5398790000963345
learned,f6ff97e8bae06024f9d5,12.18750199996066,5.788827,2.5842610000381683
learned,6f7809e7f2cc44bd0073,11.854862000063804,5.48289,2.447826000206988
learned,b0bfa88a566c909ba480,11.95981900013976,5.73675,2.38973000000442
learned,b96089f5a0ee8958f842,11.258472999998048,5.514822,2.166692999935549
learned,1ce9829c757e18582436,11.839964000046166,5.496681,2.335457000071983
learned,2eeed640e4c9f230923b,11.055637000026763,5.335756,2.2764870000173687
learned,a2ebfa36b363d02c435f,12.15020899985575,5.624941,2.5998129999607045
learned,073d0199c1f24a40dc5b,12.352432999932716,5.815069,2.550043999917761
learned,c10444f8b888582761a4,12.661196999943058,6.144564,2.459955999938757
learned,cd042851c41a91dcb39d,12.78482299994721,5.993176,2.42722899997716
learned,e95f8f97b7e36d6619df,12.817393999966953,5.866321,2.568702999951711
learned,be5eaa3600e1cc67f394,12.370895000003657,5.774509,2.5141940000139584
learned,95a6d8332e65a953f807,11.351310000009107,5.558751,2.345607999814092
learned,9663eccdcbe0b346d2fb,11.007894999920609,5.43331,2.174218000163819
learned,5986b7616a1228b54cf8,11.645679999901404,5.605988,2.2290299998530827
learned,c502624fc7bb3bb7c430,11.573449000024992,5.7253,2.186870999821622
learned,2f0b56bb43b367cf0737,11.775917000022671,5.891175,2.27238499996929
learned,b46523267235e8ce5297,11.923415999945064,6.059239,2.278249000028154
learned,ce8529c8eee748f146d3,13.333430000102451,5.954474,2.988953999874866
learned,44d0e6aade6060dd3a4c,19.398273999968296,5.747887,9.194953999895006
learned,dfafa0b6ed6c5146f025,11.901474000069356,5.492003,2.619200000026467
learned,ba3f10e49fa71222a167,12.358206000044447,6.101361,2.565856000046552
learned,30fb16826a0b77fbdaf0,12.049728999954825,5.309046,2.9824920000010025
learned,5930368dd828c298772d,11.06832900018162,5.401694,2.122293999946123
learned,91bd6a57b11a9ffdc7f7,12.926051000022198,5.432401,2.6090940000358387
learned,e1faca667619e6e13dea,11.422163000133878,5.706201,2.085140000190222
learned,9b619751b75c8a6ad1a0,12.017636999871684,5.477176,2.662943000132145
learned,971fa9f2047ef0b7580b,11.928669999861086,5.514406,2.685660999986794
learned,8e0f259737a8cf29adcd,11.314196000057564,5.451462,2.078858000004402
learned,0b8b19a751055a1ec8a0,12.292776000094818,5.848859,2.460734999885972
learned,7bf919583e8a809b8724,12.349736999794914,6.187513,2.3237860000335786
learned,7c84bae86fda676d4554,12.175226999943334,5.698679,2.5422460000754654
learned,fa8dca38dfc9570aba66,11.442328999919482,5.65421,2.395468000031542
learned,759cbbc8629f7d2e495f,13.67106399993645,7.026469,2.0625719998861314
learned,2620f63214c6d4d53a2e,12.052240999992136,5.848608,2.3394089998873824
learned,71e9baf5ea98ffedf5a8,12.285513000051653,5.823274,2.5449060001392354
learned,a829012efaba7982ccf9,11.99912300012329,5.711479,2.3362969998288463
learned,f164d1a7b2bfad695ace,12.09764800000812,5.700818,2.3921520000840246
learned,97909eccc6227b59cdbd,11.710109000205192,5.666744,2.5069150001399976
learned,822ecb098d1efd5cc425,15.11336399994434,6.847272,2.7949469999839494
learned,344dee6d7742b737b6b8,12.879925999868648,6.108956,2.260308999893823
learned,a090cb4a0dea5c618439,12.789467999937187,6.265906,2.2872100000768114
learned,0038ddc45cbe29596ba9,15.19674699989082,7.140523,2.747922000025937
learned,92770e44f32b0fb3805b,12.564734000079625,6.077445,2.280393000091862
learned,e164986e7efd9a941c8e,13.796795999951428,6.269959,3.245719999995345
learned,66ea92408bb1d45e8a80,11.69535500002894,5.714834,2.1432159999221767
learned,5f27fa39b4d1da680538,12.37740900000972,5.519845,2.237394000076165
learned,39bb040fb53a1d176cae,11.68515000017578,5.956174,2.0420359999206994
learned,5722417798e696c036a9,11.6777020000427,5.706277,2.084695000121428
learned,470a9f15033b9d2fc3d8,14.104351000014503,6.759865,2.8549310000016703
learned,8a58d7d2fbec5278ad37,17.650438999908147,7.41909,2.812049999874944
learned,d4dcc887e7e10d2bf5fa,12.995610999951168,6.423333,2.4780219998774555
learned,187e3af108481037ef18,12.411478999865722,5.409796,3.054838000025484
learned,441b74bb0600359a5ae1,11.535703000163268,5.440076,2.345832999935737
learned,119e22c1bc53d94525dc,11.085956999977498,5.360322,2.1859260000383074
learned,184cfe80bff425a554eb,11.169349000056172,5.275179,2.341091000062079
learned,f5b6098226ef6b4d3008,11.447873999941294,5.370434,2.29016799994497
learned,1718763bdc51740a7d7a,11.179657000184308,5.36484,2.226088000043092
learned,42416e86d762cb8caf7a,11.050609999983864,5.219125,2.0248470000296948
learned,f04e6a8cd69749d35aab,11.255311000013537,5.35809,2.189231999864205
learned,ead41664127f392d4b3a,13.314850999904593,6.756879,2.3593939999955182
learned,90e1209a31015bd22730,11.808212999994794,5.648915,2.611661999935677
learned,71d33942636767e8ed5a,12.19151200007218,5.812275,2.4637159999656437
learned,aca16af98b818790e01b,11.226794999856793,5.346437,2.193431000023338
