policy,sample_id,selected_model,complexity,reason
mobilenet_v3_small,e969791171f72413723a,mobilenet_v3_small,,Static baseline: every image uses this model
mobilenet_v3_small,f164d1a7b2bfad695ace,mobilenet_v3_small,,Static baseline: every image uses this model
mobilenet_v3_small,44d0e6aade6060dd3a4c,mobilenet_v3_small,,Static baseline: every image uses this model
mobilenet_v3_small,b25a98271d50629a4f1d,mobilenet_v3_small,,Static baseline: every image uses this model
mobilenet_v3_small,4820256bcd3e9dc760e4,mobilenet_v3_small,,Static baseline: every image uses this model
mobilenet_v3_small,b683b233630b42dc4774,mobilenet_v3_small,,Static baseline: every image uses this model
mobilenet_v3_small,4b193d510c7badf1e9d7,mobilenet_v3_small,,Static baseline: every image uses this model
mobilenet_v3_small,ead41664127f392d4b3a,mobilenet_v3_small,,Static baseline: every image uses this model
mobilenet_v3_small,a9ccf20cebb67562b233,mobilenet_v3_small,,Static baseline: every image uses this model
mobilenet_v3_small,3de5f3a0109d307875a8,mobilenet_v3_small,,Static baseline: every image uses this model
mobilenet_v3_small,cd042851c41a91dcb39d,mobilenet_v3_small,,Static baseline: every image uses this model
mobilenet_v3_small,5986b7616a1228b54cf8,mobilenet_v3_small,,Static baseline: every image uses this model
mobilenet_v3_small,ba3f10e49fa71222a167,mobilenet_v3_small,,Static baseline: every image uses this model
mobilenet_v3_small,0b8b19a751055a1ec8a0,mobilenet_v3_small,,Static baseline: every image uses this model
mobilenet_v3_small,30fb16826a0b77fbdaf0,mobilenet_v3_small,,Static baseline: every image uses this model
mobilenet_v3_small,ddb3b09917f249dbe143,mobilenet_v3_small,,Static baseline: every image uses this model
mobilenet_v3_small,6d7204950e9ea9baf7eb,mobilenet_v3_small,,Static baseline: every image uses this model
mobilenet_v3_small,a0917b15d44486760f0e,mobilenet_v3_small,,Static baseline: every image uses this model
mobilenet_v3_small,f6ff97e8bae06024f9d5,mobilenet_v3_small,,Static baseline: every image uses this model
mobilenet_v3_small,92770e44f32b0fb3805b,mobilenet_v3_small,,Static baseline: every image uses this model
mobilenet_v3_small,2620f63214c6d4d53a2e,mobilenet_v3_small,,Static baseline: every image uses this model
mobilenet_v3_small,344dee6d7742b737b6b8,mobilenet_v3_small,,Static baseline: every image uses this model
mobilenet_v3_small,9b619751b75c8a6ad1a0,mobilenet_v3_small,,Static baseline: every image uses this model
mobilenet_v3_small,c502624fc7bb3bb7c430,mobilenet_v3_small,,Static baseline: every image uses this model
mobilenet_v3_small,f04e6a8cd69749d35aab,mobilenet_v3_small,,Static baseline: every image uses this model
mobilenet_v3_small,95a6d8332e65a953f807,mobilenet_v3_small,,Static baseline: every image uses this model
mobilenet_v3_small,417536921c3e9bb251be,mobilenet_v3_small,,Static baseline: every image uses this model
mobilenet_v3_small,13e3bcc97110094b8448,mobilenet_v3_small,,Static baseline: every image uses this model
mobilenet_v3_small,fa8dca38dfc9570aba66,mobilenet_v3_small,,Static baseline: every image uses this model
mobilenet_v3_small,119e22c1bc53d94525dc,mobilenet_v3_small,,Static baseline: every image uses this model
mobilenet_v3_small,b46523267235e8ce5297,mobilenet_v3_small,,Static baseline: every image uses this model
mobilenet_v3_small,f53fbb95080335df2c2d,mobilenet_v3_small,,Static baseline: every image uses this model
mobilenet_v3_small,560c8d4bfd14be3e6a8a,mobilenet_v3_small,,Static baseline: every image uses this model
mobilenet_v3_small,45bd4d0f4d7478b0cee3,mobilenet_v3_small,,Static baseline: every image uses this model
mobilenet_v3_small,68ae5f6b4dfe6c710ddc,mobilenet_v3_small,,Static baseline: every image uses this model
mobilenet_v3_small,6f7809e7f2cc44bd0073,mobilenet_v3_small,,Static baseline: every image uses this model
mobilenet_v3_small,822ecb098d1efd5cc425,mobilenet_v3_small,,Static baseline: every image uses this model
mobilenet_v3_small,5930368dd828c298772d,mobilenet_v3_small,,Static baseline: every image uses this model
mobilenet_v3_small,71e9baf5ea98ffedf5a8,mobilenet_v3_small,,Static baseline: every image uses this model
mobilenet_v3_small,cabe8ff46702c50e9274,mobilenet_v3_small,,Static baseline: every image uses this model
mobilenet_v3_small,edec038dc21e45a32a00,mobilenet_v3_small,,Static baseline: every image uses this model
mobilenet_v3_small,91bd6a57b11a9ffdc7f7,mobilenet_v3_small,,Static baseline: every image uses this model
mobilenet_v3_small,97909eccc6227b59cdbd,mobilenet_v3_small,,Static baseline: every image uses this model
mobilenet_v3_small,1fe86a7b0db415dc071c,mobilenet_v3_small,,Static baseline: every image uses this model
mobilenet_v3_small,073d0199c1f24a40dc5b,mobilenet_v3_small,,Static baseline: every image uses this model
mobilenet_v3_small,90e1209a31015bd22730,mobilenet_v3_small,,Static baseline: every image uses this model
mobilenet_v3_small,7c84bae86fda676d4554,mobilenet_v3_small,,Static baseline: every image uses this model
mobilenet_v3_small,a2ebfa36b363d02c435f,mobilenet_v3_small,,Static baseline: every image uses this model
mobilenet_v3_small,e1faca667619e6e13dea,mobilenet_v3_small,,Static baseline: every image uses this model
mobilenet_v3_small,1ce9829c757e18582436,mobilenet_v3_small,,Static baseline: every image uses this model
mobilenet_v3_small,383867303b559ef23d2d,mobilenet_v3_small,,Static baseline: every image uses this model
mobilenet_v3_small,1718763bdc51740a7d7a,mobilenet_v3_small,,Static baseline: every image uses this model
mobilenet_v3_small,2eeed640e4c9f230923b,mobilenet_v3_small,,Static baseline: every image uses this model
mobilenet_v3_small,e95f8f97b7e36d6619df,mobilenet_v3_small,,Static baseline: every image uses this model
mobilenet_v3_small,470a9f15033b9d2fc3d8,mobilenet_v3_small,,Static baseline: every image uses this model
mobilenet_v3_small,7bf919583e8a809b8724,mobilenet_v3_small,,Static baseline: every image uses this model
mobilenet_v3_small,71d33942636767e8ed5a,mobilenet_v3_small,,Static baseline: every image uses this model
mobilenet_v3_small,dfafa0b6ed6c5146f025,mobilenet_v3_small,,Static baseline: every image uses this model
mobilenet_v3_small,8a58d7d2fbec5278ad37,mobilenet_v3_small,,Static baseline: every image uses this model
mobilenet_v3_small,ce8529c8eee748f146d3,mobilenet_v3_small,,Static baseline: every image uses this model
mobilenet_v3_small,9fda59f5fd0df9879327,mobilenet_v3_small,,Static baseline: every image uses this model
mobilenet_v3_small,298fb3d15c1c56aa6a1b,mobilenet_v3_small,,Static baseline: every image uses this model
mobilenet_v3_small,2f0b56bb43b367cf0737,mobilenet_v3_small,,Static baseline: every image uses this model
mobilenet_v3_small,050c33a7d7f32fd92ac6,mobilenet_v3_small,,Static baseline: every image uses this model
mobilenet_v3_small,aca16af98b818790e01b,mobilenet_v3_small,,Static baseline: every image uses this model
mobilenet_v3_small,a829012efaba7982ccf9,mobilenet_v3_small,,Static baseline: every image uses this model
mobilenet_v3_small,e164986e7efd9a941c8e,mobilenet_v3_small,,Static baseline: every image uses this model
mobilenet_v3_small,441b74bb0600359a5ae1,mobilenet_v3_small,,Static baseline: every image uses this model
mobilenet_v3_small,9663eccdcbe0b346d2fb,mobilenet_v3_small,,Static baseline: every image uses this model
mobilenet_v3_small,17d5a963eb476a043cf3,mobilenet_v3_small,,Static baseline: every image uses this model
mobilenet_v3_small,a090cb4a0dea5c618439,mobilenet_v3_small,,Static baseline: every image uses this model
mobilenet_v3_small,8e0f259737a8cf29adcd,mobilenet_v3_small,,Static baseline: every image uses this model
mobilenet_v3_small,be5eaa3600e1cc67f394,mobilenet_v3_small,,Static baseline: every image uses this model
mobilenet_v3_small,c855206e6d49ba4dd808,mobilenet_v3_small,,Static baseline: every image uses this model
mobilenet_v3_small,d4dcc887e7e10d2bf5fa,mobilenet_v3_small,,Static baseline: every image uses this model
mobilenet_v3_small,42416e86d762cb8caf7a,mobilenet_v3_small,,Static baseline: every image uses this model
mobilenet_v3_small,4b548c57634f96cce13f,mobilenet_v3_small,,Static baseline: every image uses this model
mobilenet_v3_small,2a328ad9ed0463dd8e40,mobilenet_v3_small,,Static baseline: every image uses this model
mobilenet_v3_small,672289c345c6b157c122,mobilenet_v3_small,,Static baseline: every image uses this model
mobilenet_v3_small,0038ddc45cbe29596ba9,mobilenet_v3_small,,Static baseline: every image uses this model
mobilenet_v3_small,c10444f8b888582761a4,mobilenet_v3_small,,Static baseline: every image uses this model
mobilenet_v3_small,b0bfa88a566c909ba480,mobilenet_v3_small,,Static baseline: every image uses this model
mobilenet_v3_small,b9dd47e849749a3e01ef,mobilenet_v3_small,,Static baseline: every image uses this model
mobilenet_v3_small,31d5325988db9f1c752b,mobilenet_v3_small,,Static baseline: every image uses this model
mobilenet_v3_small,f5b6098226ef6b4d3008,mobilenet_v3_small,,Static baseline: every image uses this model
mobilenet_v3_small,66ea92408bb1d45e8a80,mobilenet_v3_small,,Static baseline: every image uses this model
mobilenet_v3_small,ec65f302bff6f50bb8a2,mobilenet_v3_small,,Static baseline: every image uses this model
mobilenet_v3_small,0d1cfd3c9113ab92d8a9,mobilenet_v3_small,,Static baseline: every image uses this model
mobilenet_v3_small,971fa9f2047ef0b7580b,mobilenet_v3_small,,Static baseline: every image uses this model
mobilenet_v3_small,a5cb5dce8fea0d78d48b,mobilenet_v3_small,,Static baseline: every image uses this model
mobilenet_v3_small,184cfe80bff425a554eb,mobilenet_v3_small,,Static baseline: every image uses this model
mobilenet_v3_small,b96089f5a0ee8958f842,mobilenet_v3_small,,Static baseline: every image uses this model
mobilenet_v3_small,5f27fa39b4d1da680538,mobilenet_v3_small,,Static baseline: every image uses this model
mobilenet_v3_small,3fcb8614fa0697512341,mobilenet_v3_small,,Static baseline: every image uses this model
mobilenet_v3_small,39bb040fb53a1d176cae,mobilenet_v3_small,,Static baseline: every image uses this model
mobilenet_v3_small,5722417798e696c036a9,mobilenet_v3_small,,Static baseline: every image uses this model
mobilenet_v3_small,b3b7d952751637282f6b,mobilenet_v3_small,,Static baseline: every image uses this model
mobilenet_v3_small,759cbbc8629f7d2e495f,mobilenet_v3_small,,Static baseline: every image uses this model
mobilenet_v3_small,0be2554779cb63aa7570,mobilenet_v3_small,,Static baseline: every image uses this model
mobilenet_v3_small,187e3af108481037ef18,mobilenet_v3_small,,Static baseline: every image uses this model
mobilenet_v3_small,c855206e6d49ba4dd808,mobilenet_v3_small,,Static baseline: every image uses this model
mobilenet_v3_small,13e3bcc97110094b8448,mobilenet_v3_small,,Static baseline: every image uses this model
mobilenet_v3_small,b683b233630b42dc4774,mobilenet_v3_small,,Static baseline: every image uses this model
mobilenet_v3_small,45bd4d0f4d7478b0cee3,mobilenet_v3_small,,Static baseline: every image uses this model
mobilenet_v3_small,b46523267235e8ce5297,mobilenet_v3_small,,Static baseline: every image uses this model
mobilenet_v3_small,f04e6a8cd69749d35aab,mobilenet_v3_small,,Static baseline: every image uses this model
mobilenet_v3_small,417536921c3e9bb251be,mobilenet_v3_small,,Static baseline: every image uses this model
mobilenet_v3_small,5930368dd828c298772d,mobilenet_v3_small,,Static baseline: every image uses this model
mobilenet_v3_small,91bd6a57b11a9ffdc7f7,mobilenet_v3_small,,Static baseline: every image uses this model
mobilenet_v3_small,44d0e6aade6060dd3a4c,mobilenet_v3_small,,Static baseline: every image uses this model
mobilenet_v3_small,2eeed640e4c9f230923b,mobilenet_v3_small,,Static baseline: every image uses this model
mobilenet_v3_small,b0bfa88a566c909ba480,mobilenet_v3_small,,Static baseline: every image uses this model
mobilenet_v3_small,e1faca667619e6e13dea,mobilenet_v3_small,,Static baseline: every image uses this model
mobilenet_v3_small,ba3f10e49fa71222a167,mobilenet_v3_small,,Static baseline: every image uses this model
mobilenet_v3_small,66ea92408bb1d45e8a80,mobilenet_v3_small,,Static baseline: every image uses this model
mobilenet_v3_small,92770e44f32b0fb3805b,mobilenet_v3_small,,Static baseline: every image uses this model
mobilenet_v3_small,9663eccdcbe0b346d2fb,mobilenet_v3_small,,Static baseline: every image uses this model
mobilenet_v3_small,344dee6d7742b737b6b8,mobilenet_v3_small,,Static baseline: every image uses this model
mobilenet_v3_small,5f27fa39b4d1da680538,mobilenet_v3_small,,Static baseline: every image uses this model
mobilenet_v3_small,4b193d510c7badf1e9d7,mobilenet_v3_small,,Static baseline: every image uses this model
mobilenet_v3_small,7c84bae86fda676d4554,mobilenet_v3_small,,Static baseline: every image uses this model
mobilenet_v3_small,184cfe80bff425a554eb,mobilenet_v3_small,,Static baseline: every image uses this model
mobilenet_v3_small,470a9f15033b9d2fc3d8,mobilenet_v3_small,,Static baseline: every image uses this model
mobilenet_v3_small,9fda59f5fd0df9879327,mobilenet_v3_small,,Static baseline: every image uses this model
mobilenet_v3_small,17d5a963eb476a043cf3,mobilenet_v3_small,,Static baseline: every image uses this model
mobilenet_v3_small,b25a98271d50629a4f1d,mobilenet_v3_small,,Static baseline: every image uses this model
mobilenet_v3_small,5986b7616a1228b54cf8,mobilenet_v3_small,,Static baseline: every image uses this model
mobilenet_v3_small,b3b7d952751637282f6b,mobilenet_v3_small,,Static baseline: every image uses this model
mobilenet_v3_small,95a6d8332e65a953f807,mobilenet_v3_small,,Static baseline: every image uses this model
mobilenet_v3_small,298fb3d15c1c56aa6a1b,mobilenet_v3_small,,Static baseline: every image uses this model
mobilenet_v3_small,dfafa0b6ed6c5146f025,mobilenet_v3_small,,Static baseline: every image uses this model
mobilenet_v3_small,822ecb098d1efd5cc425,mobilenet_v3_small,,Static baseline: every image uses this model
mobilenet_v3_small,3de5f3a0109d307875a8,mobilenet_v3_small,,Static baseline: every image uses this model
mobilenet_v3_small,6d7204950e9ea9baf7eb,mobilenet_v3_small,,Static baseline: every image uses this model
mobilenet_v3_small,a829012efaba7982ccf9,mobilenet_v3_small,,Static baseline: every image uses this model
mobilenet_v3_small,a9ccf20cebb67562b233,mobilenet_v3_small,,Static baseline: every image uses this model
mobilenet_v3_small,441b74bb0600359a5ae1,mobilenet_v3_small,,Static baseline: every image uses this model
mobilenet_v3_small,8a58d7d2fbec5278ad37,mobilenet_v3_small,,Static baseline: every image uses this model
mobilenet_v3_small,0be2554779cb63aa7570,mobilenet_v3_small,,Static baseline: every image uses this model
mobilenet_v3_small,ce8529c8eee748f146d3,mobilenet_v3_small,,Static baseline: every image uses this model
mobilenet_v3_small,a5cb5dce8fea0d78d48b,mobilenet_v3_small,,Static baseline: every image uses this model
mobilenet_v3_small,4820256bcd3e9dc760e4,mobilenet_v3_small,,Static baseline: every image uses this model
mobilenet_v3_small,1ce9829c757e18582436,mobilenet_v3_small,,Static baseline: every image uses this model
mobilenet_v3_small,6f7809e7f2cc44bd0073,mobilenet_v3_small,,Static baseline: every image uses this model
mobilenet_v3_small,d4dcc887e7e10d2bf5fa,mobilenet_v3_small,,Static baseline: every image uses this model
mobilenet_v3_small,be5eaa3600e1cc67f394,mobilenet_v3_small,,Static baseline: every image uses this model
mobilenet_v3_small,383867303b559ef23d2d,mobilenet_v3_small,,Static baseline: every image uses this model
mobilenet_v3_small,187e3af108481037ef18,mobilenet_v3_small,,Static baseline: every image uses this model
mobilenet_v3_small,0038ddc45cbe29596ba9,mobilenet_v3_small,,Static baseline: every image uses this model
mobilenet_v3_small,a2ebfa36b363d02c435f,mobilenet_v3_small,,Static baseline: every image uses this model
mobilenet_v3_small,8e0f259737a8cf29adcd,mobilenet_v3_small,,Static baseline: every image uses this model
mobilenet_v3_small,672289c345c6b157c122,mobilenet_v3_small,,Static baseline: every image uses this model
mobilenet_v3_small,97909eccc6227b59cdbd,mobilenet_v3_small,,Static baseline: every image uses this model
mobilenet_v3_small,ead41664127f392d4b3a,mobilenet_v3_small,,Static baseline: every image uses this model
mobilenet_v3_small,e95f8f97b7e36d6619df,mobilenet_v3_small,,Static baseline: every image uses this model
mobilenet_v3_small,4b548c57634f96cce13f,mobilenet_v3_small,,Static baseline: every image uses this model
mobilenet_v3_small,971fa9f2047ef0b7580b,mobilenet_v3_small,,Static baseline: every image uses this model
mobilenet_v3_small,2620f63214c6d4d53a2e,mobilenet_v3_small,,Static baseline: every image uses this model
mobilenet_v3_small,cd042851c41a91dcb39d,mobilenet_v3_small,,Static baseline: every image uses this model
mobilenet_v3_small,560c8d4bfd14be3e6a8a,mobilenet_v3_small,,Static baseline: every image uses this model
mobilenet_v3_small,71d33942636767e8ed5a,mobilenet_v3_small,,Static baseline: every image uses this model
mobilenet_v3_small,f6ff97e8bae06024f9d5,mobilenet_v3_small,,Static baseline: every image uses this model
mobilenet_v3_small,71e9baf5ea98ffedf5a8,mobilenet_v3_small,,Static baseline: every image uses this model
mobilenet_v3_small,30fb16826a0b77fbdaf0,mobilenet_v3_small,,Static baseline: every image uses this model
mobilenet_v3_small,073d0199c1f24a40dc5b,mobilenet_v3_small,,Static baseline: every image uses this model
mobilenet_v3_small,b9dd47e849749a3e01ef,mobilenet_v3_small,,Static baseline: every image uses this model
mobilenet_v3_small,050c33a7d7f32fd92ac6,mobilenet_v3_small,,Static baseline: every image uses this model
mobilenet_v3_small,5722417798e696c036a9,mobilenet_v3_small,,Static baseline: every image uses this model
mobilenet_v3_small,0b8b19a751055a1ec8a0,mobilenet_v3_small,,Static baseline: every image uses this model
mobilenet_v3_small,9b619751b75c8a6ad1a0,mobilenet_v3_small,,Static baseline: every image uses this model
mobilenet_v3_small,31d5325988db9f1c752b,mobilenet_v3_small,,Static baseline: every image uses this model
mobilenet_v3_small,b96089f5a0ee8958f842,mobilenet_v3_small,,Static baseline: every image uses this model
mobilenet_v3_small,3fcb8614fa0697512341,mobilenet_v3_small,,Static baseline: every image uses this model
mobilenet_v3_small,f164d1a7b2bfad695ace,mobilenet_v3_small,,Static baseline: every image uses this model
mobilenet_v3_small,f53fbb95080335df2c2d,mobilenet_v3_small,,Static baseline: every image uses this model
mobilenet_v3_small,68ae5f6b4dfe6c710ddc,mobilenet_v3_small,,Static baseline: every image uses this model
mobilenet_v3_small,2a328ad9ed0463dd8e40,mobilenet_v3_small,,Static baseline: every image uses this model
mobilenet_v3_small,e164986e7efd9a941c8e,mobilenet_v3_small,,Static baseline: every image uses this model
mobilenet_v3_small,edec038dc21e45a32a00,mobilenet_v3_small,,Static baseline: every image uses this model
mobilenet_v3_small,c502624fc7bb3bb7c430,mobilenet_v3_small,,Static baseline: every image uses this model
mobilenet_v3_small,cabe8ff46702c50e9274,mobilenet_v3_small,,Static baseline: every image uses this model
mobilenet_v3_small,759cbbc8629f7d2e495f,mobilenet_v3_small,,Static baseline: every image uses this model
mobilenet_v3_small,aca16af98b818790e01b,mobilenet_v3_small,,Static baseline: every image uses this model
mobilenet_v3_small,0d1cfd3c9113ab92d8a9,mobilenet_v3_small,,Static baseline: every image uses this model
mobilenet_v3_small,39bb040fb53a1d176cae,mobilenet_v3_small,,Static baseline: every image uses this model
mobilenet_v3_small,a0917b15d44486760f0e,mobilenet_v3_small,,Static baseline: every image uses this model
mobilenet_v3_small,ddb3b09917f249dbe143,mobilenet_v3_small,,Static baseline: every image uses this model
mobilenet_v3_small,1fe86a7b0db415dc071c,mobilenet_v3_small,,Static baseline: every image uses this model
mobilenet_v3_small,f5b6098226ef6b4d3008,mobilenet_v3_small,,Static baseline: every image uses this model
mobilenet_v3_small,e969791171f72413723a,mobilenet_v3_small,,Static baseline: every image uses this model
mobilenet_v3_small,2f0b56bb43b367cf0737,mobilenet_v3_small,,Static baseline: every image uses this model
mobilenet_v3_small,42416e86d762cb8caf7a,mobilenet_v3_small,,Static baseline: every image uses this model
mobilenet_v3_small,7bf919583e8a809b8724,mobilenet_v3_small,,Static baseline: every image uses this model
mobilenet_v3_small,1718763bdc51740a7d7a,mobilenet_v3_small,,Static baseline: every image uses this model
mobilenet_v3_small,c10444f8b888582761a4,mobilenet_v3_small,,Static baseline: every image uses this model
mobilenet_v3_small,90e1209a31015bd22730,mobilenet_v3_small,,Static baseline: every image uses this model
mobilenet_v3_small,fa8dca38dfc9570aba66,mobilenet_v3_small,,Static baseline: every image uses this model
mobilenet_v3_small,ec65f302bff6f50bb8a2,mobilenet_v3_small,,Static baseline: every image uses this model
mobilenet_v3_small,119e22c1bc53d94525dc,mobilenet_v3_small,,Static baseline: every image uses this model
mobilenet_v3_small,a090cb4a0dea5c618439,mobilenet_v3_small,,Static baseline: every image uses this model
mobilenet_v3_small,4b548c57634f96cce13f,mobilenet_v3_small,,Static baseline: every image uses this model
mobilenet_v3_small,9fda59f5fd0df9879327,mobilenet_v3_small,,Static baseline: every image uses this model
mobilenet_v3_small,a0917b15d44486760f0e,mobilenet_v3_small,,Static baseline: every image uses this model
mobilenet_v3_small,edec038dc21e45a32a00,mobilenet_v3_small,,Static baseline: every image uses this model
mobilenet_v3_small,b9dd47e849749a3e01ef,mobilenet_v3_small,,Static baseline: every image uses this model
mobilenet_v3_small,13e3bcc97110094b8448,mobilenet_v3_small,,Static baseline: every image uses this model
mobilenet_v3_small,417536921c3e9bb251be,mobilenet_v3_small,,Static baseline: every image uses this model
mobilenet_v3_small,2a328ad9ed0463dd8e40,mobilenet_v3_small,,Static baseline: every image uses this model
mobilenet_v3_small,0d1cfd3c9113ab92d8a9,mobilenet_v3_small,,Static baseline: every image uses this model
mobilenet_v3_small,560c8d4bfd14be3e6a8a,mobilenet_v3_small,,Static baseline: every image uses this model
mobilenet_v3_small,1fe86a7b0db415dc071c,mobilenet_v3_small,,Static baseline: every image uses this model
mobilenet_v3_small,17d5a963eb476a043cf3,mobilenet_v3_small,,Static baseline: every image uses this model
mobilenet_v3_small,31d5325988db9f1c752b,mobilenet_v3_small,,Static baseline: every image uses this model
mobilenet_v3_small,45bd4d0f4d7478b0cee3,mobilenet_v3_small,,Static baseline: every image uses this model
mobilenet_v3_small,4820256bcd3e9dc760e4,mobilenet_v3_small,,Static baseline: every image uses this model
mobilenet_v3_small,383867303b559ef23d2d,mobilenet_v3_small,,Static baseline: every image uses this model
mobilenet_v3_small,0be2554779cb63aa7570,mobilenet_v3_small,,Static baseline: every image uses this model
mobilenet_v3_small,6d7204950e9ea9baf7eb,mobilenet_v3_small,,Static baseline: every image uses this model
mobilenet_v3_small,672289c345c6b157c122,mobilenet_v3_small,,Static baseline: every image uses this model
mobilenet_v3_small,cabe8ff46702c50e9274,mobilenet_v3_small,,Static baseline: every image uses this model
mobilenet_v3_small,3de5f3a0109d307875a8,mobilenet_v3_small,,Static baseline: every image uses this model
mobilenet_v3_small,b3b7d952751637282f6b,mobilenet_v3_small,,Static baseline: every image uses this model
mobilenet_v3_small,ddb3b09917f249dbe143,mobilenet_v3_small,,Static baseline: every image uses this model
mobilenet_v3_small,e969791171f72413723a,mobilenet_v3_small,,Static baseline: every image uses this model
mobilenet_v3_small,298fb3d15c1c56aa6a1b,mobilenet_v3_small,,Static baseline: every image uses this model
mobilenet_v3_small,68ae5f6b4dfe6c710ddc,mobilenet_v3_small,,Static baseline: every image uses this model
mobilenet_v3_small,f53fbb95080335df2c2d,mobilenet_v3_small,,Static baseline: every image uses this model
mobilenet_v3_small,a5cb5dce8fea0d78d48b,mobilenet_v3_small,,Static baseline: every image uses this model
mobilenet_v3_small,ec65f302bff6f50bb8a2,mobilenet_v3_small,,Static baseline: every image uses this model
mobilenet_v3_small,a9ccf20cebb67562b233,mobilenet_v3_small,,Static baseline: every image uses this model
mobilenet_v3_small,b25a98271d50629a4f1d,mobilenet_v3_small,,Static baseline: every image uses this model
mobilenet_v3_small,3fcb8614fa0697512341,mobilenet_v3_small,,Static baseline: every image uses this model
mobilenet_v3_small,4b193d510c7badf1e9d7,mobilenet_v3_small,,Static baseline: every image uses this model
mobilenet_v3_small,b683b233630b42dc4774,mobilenet_v3_small,,Static baseline: every image uses this model
mobilenet_v3_small,c855206e6d49ba4dd808,mobilenet_v3_small,,Static baseline: every image uses this model
mobilenet_v3_small,050c33a7d7f32fd92ac6,mobilenet_v3_small,,Static baseline: every image uses this model
mobilenet_v3_small,f6ff97e8bae06024f9d5,mobilenet_v3_small,,Static baseline: every image uses this model
mobilenet_v3_small,6f7809e7f2cc44bd0073,mobilenet_v3_small,,Static baseline: every image uses this model
mobilenet_v3_small,b0bfa88a566c909ba480,mobilenet_v3_small,,Static baseline: every image uses this model
mobilenet_v3_small,b96089f5a0ee8958f842,mobilenet_v3_small,,Static baseline: every image uses this model
mobilenet_v3_small,1ce9829c757e18582436,mobilenet_v3_small,,Static baseline: every image uses this model
mobilenet_v3_small,2eeed640e4c9f230923b,mobilenet_v3_small,,Static baseline: every image uses this model
mobilenet_v3_small,a2ebfa36b363d02c435f,mobilenet_v3_small,,Static baseline: every image uses this model
mobilenet_v3_small,073d0199c1f24a40dc5b,mobilenet_v3_small,,Static baseline: every image uses this model
mobilenet_v3_small,c10444f8b888582761a4,mobilenet_v3_small,,Static baseline: every image uses this model
mobilenet_v3_small,cd042851c41a91dcb39d,mobilenet_v3_small,,Static baseline: every image uses this model
mobilenet_v3_small,e95f8f97b7e36d6619df,mobilenet_v3_small,,Static baseline: every image uses this model
mobilenet_v3_small,be5eaa3600e1cc67f394,mobilenet_v3_small,,Static baseline: every image uses this model
mobilenet_v3_small,95a6d8332e65a953f807,mobilenet_v3_small,,Static baseline: every image uses this model
mobilenet_v3_small,9663eccdcbe0b346d2fb,mobilenet_v3_small,,Static baseline: every image uses this model
mobilenet_v3_small,5986b7616a1228b54cf8,mobilenet_v3_small,,Static baseline: every image uses this model
mobilenet_v3_small,c502624fc7bb3bb7c430,mobilenet_v3_small,,Static baseline: every image uses this model
mobilenet_v3_small,2f0b56bb43b367cf0737,mobilenet_v3_small,,Static baseline: every image uses this model
mobilenet_v3_small,b46523267235e8ce5297,mobilenet_v3_small,,Static baseline: every image uses this model
mobilenet_v3_small,ce8529c8eee748f146d3,mobilenet_v3_small,,Static baseline: every image uses this model
mobilenet_v3_small,44d0e6aade6060dd3a4c,mobilenet_v3_small,,Static baseline: every image uses this model
mobilenet_v3_small,dfafa0b6ed6c5146f025,mobilenet_v3_small,,Static baseline: every image uses this model
mobilenet_v3_small,ba3f10e49fa71222a167,mobilenet_v3_small,,Static baseline: every image uses this model
mobilenet_v3_small,30fb16826a0b77fbdaf0,mobilenet_v3_small,,Static baseline: every image uses this model
mobilenet_v3_small,5930368dd828c298772d,mobilenet_v3_small,,Static baseline: every image uses this model
mobilenet_v3_small,91bd6a57b11a9ffdc7f7,mobilenet_v3_small,,Static baseline: every image uses this model
mobilenet_v3_small,e1faca667619e6e13dea,mobilenet_v3_small,,Static baseline: every image uses this model
mobilenet_v3_small,9b619751b75c8a6ad1a0,mobilenet_v3_small,,Static baseline: every image uses this model
mobilenet_v3_small,971fa9f2047ef0b7580b,mobilenet_v3_small,,Static baseline: every image uses this model
mobilenet_v3_small,8e0f259737a8cf29adcd,mobilenet_v3_small,,Static baseline: every image uses this model
mobilenet_v3_small,0b8b19a751055a1ec8a0,mobilenet_v3_small,,Static baseline: every image uses this model
mobilenet_v3_small,7bf919583e8a809b8724,mobilenet_v3_small,,Static baseline: every image uses this model
mobilenet_v3_small,7c84bae86fda676d4554,mobilenet_v3_small,,Static baseline: every image uses this model
mobilenet_v3_small,fa8dca38dfc9570aba66,mobilenet_v3_small,,Static baseline: every image uses this model
mobilenet_v3_small,759cbbc8629f7d2e495f,mobilenet_v3_small,,Static baseline: every image uses this model
mobilenet_v3_small,2620f63214c6d4d53a2e,mobilenet_v3_small,,Static baseline: every image uses this model
mobilenet_v3_small,71e9baf5ea98ffedf5a8,mobilenet_v3_small,,Static baseline: every image uses this model
mobilenet_v3_small,a829012efaba7982ccf9,mobilenet_v3_small,,Static baseline: every image uses this model
mobilenet_v3_small,f164d1a7b2bfad695ace,mobilenet_v3_small,,Static baseline: every image uses this model
mobilenet_v3_small,97909eccc6227b59cdbd,mobilenet_v3_small,,Static baseline: every image uses this model
mobilenet_v3_small,822ecb098d1efd5cc425,mobilenet_v3_small,,Static baseline: every image uses this model
mobilenet_v3_small,344dee6d7742b737b6b8,mobilenet_v3_small,,Static baseline: every image uses this model
mobilenet_v3_small,a090cb4a0dea5c618439,mobilenet_v3_small,,Static baseline: every image uses this model
mobilenet_v3_small,0038ddc45cbe29596ba9,mobilenet_v3_small,,Static baseline: every image uses this model
mobilenet_v3_small,92770e44f32b0fb3805b,mobilenet_v3_small,,Static baseline: every image uses this model
mobilenet_v3_small,e164986e7efd9a941c8e,mobilenet_v3_small,,Static baseline: every image uses this model
mobilenet_v3_small,66ea92408bb1d45e8a80,mobilenet_v3_small,,Static baseline: every image uses this model
mobilenet_v3_small,5f27fa39b4d1da680538,mobilenet_v3_small,,Static baseline: every image uses this model
mobilenet_v3_small,39bb040fb53a1d176cae,mobilenet_v3_small,,Static baseline: every image uses this model
mobilenet_v3_small,5722417798e696c036a9,mobilenet_v3_small,,Static baseline: every image uses this model
mobilenet_v3_small,470a9f15033b9d2fc3d8,mobilenet_v3_small,,Static baseline: every image uses this model
mobilenet_v3_small,8a58d7d2fbec5278ad37,mobilenet_v3_small,,Static baseline: every image uses this model
mobilenet_v3_small,d4dcc887e7e10d2bf5fa,mobilenet_v3_small,,Static baseline: every image uses this model
mobilenet_v3_small,187e3af108481037ef18,mobilenet_v3_small,,Static baseline: every image uses this model
mobilenet_v3_small,441b74bb0600359a5ae1,mobilenet_v3_small,,Static baseline: every image uses this model
mobilenet_v3_small,119e22c1bc53d94525dc,mobilenet_v3_small,,Static baseline: every image uses this model
mobilenet_v3_small,184cfe80bff425a554eb,mobilenet_v3_small,,Static baseline: every image uses this model
mobilenet_v3_small,f5b6098226ef6b4d3008,mobilenet_v3_small,,Static baseline: every image uses this model
mobilenet_v3_small,1718763bdc51740a7d7a,mobilenet_v3_small,,Static baseline: every image uses this model
mobilenet_v3_small,42416e86d762cb8caf7a,mobilenet_v3_small,,Static baseline: every image uses this model
mobilenet_v3_small,f04e6a8cd69749d35aab,mobilenet_v3_small,,Static baseline: every image uses this model
mobilenet_v3_small,ead41664127f392d4b3a,mobilenet_v3_small,,Static baseline: every image uses this model
mobilenet_v3_small,90e1209a31015bd22730,mobilenet_v3_small,,Static baseline: every image uses this model
mobilenet_v3_small,71d33942636767e8ed5a,mobilenet_v3_small,,Static baseline: every image uses this model
mobilenet_v3_small,aca16af98b818790e01b,mobilenet_v3_small,,Static baseline: every image uses this model
resnet50,e969791171f72413723a,resnet50,,Static baseline: every image uses this model
resnet50,f164d1a7b2bfad695ace,resnet50,,Static baseline: every image uses this model
resnet50,44d0e6aade6060dd3a4c,resnet50,,Static baseline: every image uses this model
resnet50,b25a98271d50629a4f1d,resnet50,,Static baseline: every image uses this model
resnet50,4820256bcd3e9dc760e4,resnet50,,Static baseline: every image uses this model
resnet50,b683b233630b42dc4774,resnet50,,Static baseline: every image uses this model
resnet50,4b193d510c7badf1e9d7,resnet50,,Static baseline: every image uses this model
resnet50,ead41664127f392d4b3a,resnet50,,Static baseline: every image uses this model
resnet50,a9ccf20cebb67562b233,resnet50,,Static baseline: every image uses this model
resnet50,3de5f3a0109d307875a8,resnet50,,Static baseline: every image uses this model
resnet50,cd042851c41a91dcb39d,resnet50,,Static baseline: every image uses this model
resnet50,5986b7616a1228b54cf8,resnet50,,Static baseline: every image uses this model
resnet50,ba3f10e49fa71222a167,resnet50,,Static baseline: every image uses this model
resnet50,0b8b19a751055a1ec8a0,resnet50,,Static baseline: every image uses this model
resnet50,30fb16826a0b77fbdaf0,resnet50,,Static baseline: every image uses this model
resnet50,ddb3b09917f249dbe143,resnet50,,Static baseline: every image uses this model
resnet50,6d7204950e9ea9baf7eb,resnet50,,Static baseline: every image uses this model
resnet50,a0917b15d44486760f0e,resnet50,,Static baseline: every image uses this model
resnet50,f6ff97e8bae06024f9d5,resnet50,,Static baseline: every image uses this model
resnet50,92770e44f32b0fb3805b,resnet50,,Static baseline: every image uses this model
resnet50,2620f63214c6d4d53a2e,resnet50,,Static baseline: every image uses this model
resnet50,344dee6d7742b737b6b8,resnet50,,Static baseline: every image uses this model
resnet50,9b619751b75c8a6ad1a0,resnet50,,Static baseline: every image uses this model
resnet50,c502624fc7bb3bb7c430,resnet50,,Static baseline: every image uses this model
resnet50,f04e6a8cd69749d35aab,resnet50,,Static baseline: every image uses this model
resnet50,95a6d8332e65a953f807,resnet50,,Static baseline: every image uses this model
resnet50,417536921c3e9bb251be,resnet50,,Static baseline: every image uses this model
resnet50,13e3bcc97110094b8448,resnet50,,Static baseline: every image uses this model
resnet50,fa8dca38dfc9570aba66,resnet50,,Static baseline: every image uses this model
resnet50,119e22c1bc53d94525dc,resnet50,,Static baseline: every image uses this model
resnet50,b46523267235e8ce5297,resnet50,,Static baseline: every image uses this model
resnet50,f53fbb95080335df2c2d,resnet50,,Static baseline: every image uses this model
resnet50,560c8d4bfd14be3e6a8a,resnet50,,Static baseline: every image uses this model
resnet50,45bd4d0f4d7478b0cee3,resnet50,,Static baseline: every image uses this model
resnet50,68ae5f6b4dfe6c710ddc,resnet50,,Static baseline: every image uses this model
resnet50,6f7809e7f2cc44bd0073,resnet50,,Static baseline: every image uses this model
resnet50,822ecb098d1efd5cc425,resnet50,,Static baseline: every image uses this model
resnet50,5930368dd828c298772d,resnet50,,Static baseline: every image uses this model
resnet50,71e9baf5ea98ffedf5a8,resnet50,,Static baseline: every image uses this model
resnet50,cabe8ff46702c50e9274,resnet50,,Static baseline: every image uses this model
resnet50,edec038dc21e45a32a00,resnet50,,Static baseline: every image uses this model
resnet50,91bd6a57b11a9ffdc7f7,resnet50,,Static baseline: every image uses this model
resnet50,97909eccc6227b59cdbd,resnet50,,Static baseline: every image uses this model
resnet50,1fe86a7b0db415dc071c,resnet50,,Static baseline: every image uses this model
resnet50,073d0199c1f24a40dc5b,resnet50,,Static baseline: every image uses this model
resnet50,90e1209a31015bd22730,resnet50,,Static baseline: every image uses this model
resnet50,7c84bae86fda676d4554,resnet50,,Static baseline: every image uses this model
resnet50,a2ebfa36b363d02c435f,resnet50,,Static baseline: every image uses this model
resnet50,e1faca667619e6e13dea,resnet50,,Static baseline: every image uses this model
resnet50,1ce9829c757e18582436,resnet50,,Static baseline: every image uses this model
resnet50,383867303b559ef23d2d,resnet50,,Static baseline: every image uses this model
resnet50,1718763bdc51740a7d7a,resnet50,,Static baseline: every image uses this model
resnet50,2eeed640e4c9f230923b,resnet50,,Static baseline: every image uses this model
resnet50,e95f8f97b7e36d6619df,resnet50,,Static baseline: every image uses this model
resnet50,470a9f15033b9d2fc3d8,resnet50,,Static baseline: every image uses this model
resnet50,7bf919583e8a809b8724,resnet50,,Static baseline: every image uses this model
resnet50,71d33942636767e8ed5a,resnet50,,Static baseline: every image uses this model
resnet50,dfafa0b6ed6c5146f025,resnet50,,Static baseline: every image uses this model
resnet50,8a58d7d2fbec5278ad37,resnet50,,Static baseline: every image uses this model
resnet50,ce8529c8eee748f146d3,resnet50,,Static baseline: every image uses this model
resnet50,9fda59f5fd0df9879327,resnet50,,Static baseline: every image uses this model
resnet50,298fb3d15c1c56aa6a1b,resnet50,,Static baseline: every image uses this model
resnet50,2f0b56bb43b367cf0737,resnet50,,Static baseline: every image uses this model
resnet50,050c33a7d7f32fd92ac6,resnet50,,Static baseline: every image uses this model
resnet50,aca16af98b818790e01b,resnet50,,Static baseline: every image uses this model
resnet50,a829012efaba7982ccf9,resnet50,,Static baseline: every image uses this model
resnet50,e164986e7efd9a941c8e,resnet50,,Static baseline: every image uses this model
resnet50,441b74bb0600359a5ae1,resnet50,,Static baseline: every image uses this model
resnet50,9663eccdcbe0b346d2fb,resnet50,,Static baseline: every image uses this model
resnet50,17d5a963eb476a043cf3,resnet50,,Static baseline: every image uses this model
resnet50,a090cb4a0dea5c618439,resnet50,,Static baseline: every image uses this model
resnet50,8e0f259737a8cf29adcd,resnet50,,Static baseline: every image uses this model
resnet50,be5eaa3600e1cc67f394,resnet50,,Static baseline: every image uses this model
resnet50,c855206e6d49ba4dd808,resnet50,,Static baseline: every image uses this model
resnet50,d4dcc887e7e10d2bf5fa,resnet50,,Static baseline: every image uses this model
resnet50,42416e86d762cb8caf7a,resnet50,,Static baseline: every image uses this model
resnet50,4b548c57634f96cce13f,resnet50,,Static baseline: every image uses this model
resnet50,2a328ad9ed0463dd8e40,resnet50,,Static baseline: every image uses this model
resnet50,672289c345c6b157c122,resnet50,,Static baseline: every image uses this model
resnet50,0038ddc45cbe29596ba9,resnet50,,Static baseline: every image uses this model
resnet50,c10444f8b888582761a4,resnet50,,Static baseline: every image uses this model
resnet50,b0bfa88a566c909ba480,resnet50,,Static baseline: every image uses this model
resnet50,b9dd47e849749a3e01ef,resnet50,,Static baseline: every image uses this model
resnet50,31d5325988db9f1c752b,resnet50,,Static baseline: every image uses this model
resnet50,f5b6098226ef6b4d3008,resnet50,,Static baseline: every image uses this model
resnet50,66ea92408bb1d45e8a80,resnet50,,Static baseline: every image uses this model
resnet50,ec65f302bff6f50bb8a2,resnet50,,Static baseline: every image uses this model
resnet50,0d1cfd3c9113ab92d8a9,resnet50,,Static baseline: every image uses this model
resnet50,971fa9f2047ef0b7580b,resnet50,,Static baseline: every image uses this model
resnet50,a5cb5dce8fea0d78d48b,resnet50,,Static baseline: every image uses this model
resnet50,184cfe80bff425a554eb,resnet50,,Static baseline: every image uses this model
resnet50,b96089f5a0ee8958f842,resnet50,,Static baseline: every image uses this model
resnet50,5f27fa39b4d1da680538,resnet50,,Static baseline: every image uses this model
resnet50,3fcb8614fa0697512341,resnet50,,Static baseline: every image uses this model
resnet50,39bb040fb53a1d176cae,resnet50,,Static baseline: every image uses this model
resnet50,5722417798e696c036a9,resnet50,,Static baseline: every image uses this model
resnet50,b3b7d952751637282f6b,resnet50,,Static baseline: every image uses this model
resnet50,759cbbc8629f7d2e495f,resnet50,,Static baseline: every image uses this model
resnet50,0be2554779cb63aa7570,resnet50,,Static baseline: every image uses this model
resnet50,187e3af108481037ef18,resnet50,,Static baseline: every image uses this model
resnet50,c855206e6d49ba4dd808,resnet50,,Static baseline: every image uses this model
resnet50,13e3bcc97110094b8448,resnet50,,Static baseline: every image uses this model
resnet50,b683b233630b42dc4774,resnet50,,Static baseline: every image uses this model
resnet50,45bd4d0f4d7478b0cee3,resnet50,,Static baseline: every image uses this model
resnet50,b46523267235e8ce5297,resnet50,,Static baseline: every image uses this model
resnet50,f04e6a8cd69749d35aab,resnet50,,Static baseline: every image uses this model
resnet50,417536921c3e9bb251be,resnet50,,Static baseline: every image uses this model
resnet50,5930368dd828c298772d,resnet50,,Static baseline: every image uses this model
resnet50,91bd6a57b11a9ffdc7f7,resnet50,,Static baseline: every image uses this model
resnet50,44d0e6aade6060dd3a4c,resnet50,,Static baseline: every image uses this model
resnet50,2eeed640e4c9f230923b,resnet50,,Static baseline: every image uses this model
resnet50,b0bfa88a566c909ba480,resnet50,,Static baseline: every image uses this model
resnet50,e1faca667619e6e13dea,resnet50,,Static baseline: every image uses this model
resnet50,ba3f10e49fa71222a167,resnet50,,Static baseline: every image uses this model
resnet50,66ea92408bb1d45e8a80,resnet50,,Static baseline: every image uses this model
resnet50,92770e44f32b0fb3805b,resnet50,,Static baseline: every image uses this model
resnet50,9663eccdcbe0b346d2fb,resnet50,,Static baseline: every image uses this model
resnet50,344dee6d7742b737b6b8,resnet50,,Static baseline: every image uses this model
resnet50,5f27fa39b4d1da680538,resnet50,,Static baseline: every image uses this model
resnet50,4b193d510c7badf1e9d7,resnet50,,Static baseline: every image uses this model
resnet50,7c84bae86fda676d4554,resnet50,,Static baseline: every image uses this model
resnet50,184cfe80bff425a554eb,resnet50,,Static baseline: every image uses this model
resnet50,470a9f15033b9d2fc3d8,resnet50,,Static baseline: every image uses this model
resnet50,9fda59f5fd0df9879327,resnet50,,Static baseline: every image uses this model
resnet50,17d5a963eb476a043cf3,resnet50,,Static baseline: every image uses this model
resnet50,b25a98271d50629a4f1d,resnet50,,Static baseline: every image uses this model
resnet50,5986b7616a1228b54cf8,resnet50,,Static baseline: every image uses this model
resnet50,b3b7d952751637282f6b,resnet50,,Static baseline: every image uses this model
resnet50,95a6d8332e65a953f807,resnet50,,Static baseline: every image uses this model
resnet50,298fb3d15c1c56aa6a1b,resnet50,,Static baseline: every image uses this model
resnet50,dfafa0b6ed6c5146f025,resnet50,,Static baseline: every image uses this model
resnet50,822ecb098d1efd5cc425,resnet50,,Static baseline: every image uses this model
resnet50,3de5f3a0109d307875a8,resnet50,,Static baseline: every image uses this model
resnet50,6d7204950e9ea9baf7eb,resnet50,,Static baseline: every image uses this model
resnet50,a829012efaba7982ccf9,resnet50,,Static baseline: every image uses this model
resnet50,a9ccf20cebb67562b233,resnet50,,Static baseline: every image uses this model
resnet50,441b74bb0600359a5ae1,resnet50,,Static baseline: every image uses this model
resnet50,8a58d7d2fbec5278ad37,resnet50,,Static baseline: every image uses this model
resnet50,0be2554779cb63aa7570,resnet50,,Static baseline: every image uses this model
resnet50,ce8529c8eee748f146d3,resnet50,,Static baseline: every image uses this model
resnet50,a5cb5dce8fea0d78d48b,resnet50,,Static baseline: every image uses this model
resnet50,4820256bcd3e9dc760e4,resnet50,,Static baseline: every image uses this model
resnet50,1ce9829c757e18582436,resnet50,,Static baseline: every image uses this model
resnet50,6f7809e7f2cc44bd0073,resnet50,,Static baseline: every image uses this model
resnet50,d4dcc887e7e10d2bf5fa,resnet50,,Static baseline: every image uses this model
resnet50,be5eaa3600e1cc67f394,resnet50,,Static baseline: every image uses this model
resnet50,383867303b559ef23d2d,resnet50,,Static baseline: every image uses this model
resnet50,187e3af108481037ef18,resnet50,,Static baseline: every image uses this model
resnet50,0038ddc45cbe29596ba9,resnet50,,Static baseline: every image uses this model
resnet50,a2ebfa36b363d02c435f,resnet50,,Static baseline: every image uses this model
resnet50,8e0f259737a8cf29adcd,resnet50,,Static baseline: every image uses this model
resnet50,672289c345c6b157c122,resnet50,,Static baseline: every image uses this model
resnet50,97909eccc6227b59cdbd,resnet50,,Static baseline: every image uses this model
resnet50,ead41664127f392d4b3a,resnet50,,Static baseline: every image uses this model
resnet50,e95f8f97b7e36d6619df,resnet50,,Static baseline: every image uses this model
resnet50,4b548c57634f96cce13f,resnet50,,Static baseline: every image uses this model
resnet50,971fa9f2047ef0b7580b,resnet50,,Static baseline: every image uses this model
resnet50,2620f63214c6d4d53a2e,resnet50,,Static baseline: every image uses this model
resnet50,cd042851c41a91dcb39d,resnet50,,Static baseline: every image uses this model
resnet50,560c8d4bfd14be3e6a8a,resnet50,,Static baseline: every image uses this model
resnet50,71d33942636767e8ed5a,resnet50,,Static baseline: every image uses this model
resnet50,f6ff97e8bae06024f9d5,resnet50,,Static baseline: every image uses this model
resnet50,71e9baf5ea98ffedf5a8,resnet50,,Static baseline: every image uses this model
resnet50,30fb16826a0b77fbdaf0,resnet50,,Static baseline: every image uses this model
resnet50,073d0199c1f24a40dc5b,resnet50,,Static baseline: every image uses this model
resnet50,b9dd47e849749a3e01ef,resnet50,,Static baseline: every image uses this model
resnet50,050c33a7d7f32fd92ac6,resnet50,,Static baseline: every image uses this model
resnet50,5722417798e696c036a9,resnet50,,Static baseline: every image uses this model
resnet50,0b8b19a751055a1ec8a0,resnet50,,Static baseline: every image uses this model
resnet50,9b619751b75c8a6ad1a0,resnet50,,Static baseline: every image uses this model
resnet50,31d5325988db9f1c752b,resnet50,,Static baseline: every image uses this model
resnet50,b96089f5a0ee8958f842,resnet50,,Static baseline: every image uses this model
resnet50,3fcb8614fa0697512341,resnet50,,Static baseline: every image uses this model
resnet50,f164d1a7b2bfad695ace,resnet50,,Static baseline: every image uses this model
resnet50,f53fbb95080335df2c2d,resnet50,,Static baseline: every image uses this model
resnet50,68ae5f6b4dfe6c710ddc,resnet50,,Static baseline: every image uses this model
resnet50,2a328ad9ed0463dd8e40,resnet50,,Static baseline: every image uses this model
resnet50,e164986e7efd9a941c8e,resnet50,,Static baseline: every image uses this model
resnet50,edec038dc21e45a32a00,resnet50,,Static baseline: every image uses this model
resnet50,c502624fc7bb3bb7c430,resnet50,,Static baseline: every image uses this model
resnet50,cabe8ff46702c50e9274,resnet50,,Static baseline: every image uses this model
resnet50,759cbbc8629f7d2e495f,resnet50,,Static baseline: every image uses this model
resnet50,aca16af98b818790e01b,resnet50,,Static baseline: every image uses this model
resnet50,0d1cfd3c9113ab92d8a9,resnet50,,Static baseline: every image uses this model
resnet50,39bb040fb53a1d176cae,resnet50,,Static baseline: every image uses this model
resnet50,a0917b15d44486760f0e,resnet50,,Static baseline: every image uses this model
resnet50,ddb3b09917f249dbe143,resnet50,,Static baseline: every image uses this model
resnet50,1fe86a7b0db415dc071c,resnet50,,Static baseline: every image uses this model
resnet50,f5b6098226ef6b4d3008,resnet50,,Static baseline: every image uses this model
resnet50,e969791171f72413723a,resnet50,,Static baseline: every image uses this model
resnet50,2f0b56bb43b367cf0737,resnet50,,Static baseline: every image uses this model
resnet50,42416e86d762cb8caf7a,resnet50,,Static baseline: every image uses this model
resnet50,7bf919583e8a809b8724,resnet50,,Static baseline: every image uses this model
resnet50,1718763bdc51740a7d7a,resnet50,,Static baseline: every image uses this model
resnet50,c10444f8b888582761a4,resnet50,,Static baseline: every image uses this model
resnet50,90e1209a31015bd22730,resnet50,,Static baseline: every image uses this model
resnet50,fa8dca38dfc9570aba66,resnet50,,Static baseline: every image uses this model
resnet50,ec65f302bff6f50bb8a2,resnet50,,Static baseline: every image uses this model
resnet50,119e22c1bc53d94525dc,resnet50,,Static baseline: every image uses this model
resnet50,a090cb4a0dea5c618439,resnet50,,Static baseline: every image uses this model
resnet50,4b548c57634f96cce13f,resnet50,,Static baseline: every image uses this model
resnet50,9fda59f5fd0df9879327,resnet50,,Static baseline: every image uses this model
resnet50,a0917b15d44486760f0e,resnet50,,Static baseline: every image uses this model
resnet50,edec038dc21e45a32a00,resnet50,,Static baseline: every image uses this model
resnet50,b9dd47e849749a3e01ef,resnet50,,Static baseline: every image uses this model
resnet50,13e3bcc97110094b8448,resnet50,,Static baseline: every image uses this model
resnet50,417536921c3e9bb251be,resnet50,,Static baseline: every image uses this model
resnet50,2a328ad9ed0463dd8e40,resnet50,,Static baseline: every image uses this model
resnet50,0d1cfd3c9113ab92d8a9,resnet50,,Static baseline: every image uses this model
resnet50,560c8d4bfd14be3e6a8a,resnet50,,Static baseline: every image uses this model
resnet50,1fe86a7b0db415dc071c,resnet50,,Static baseline: every image uses this model
resnet50,17d5a963eb476a043cf3,resnet50,,Static baseline: every image uses this model
resnet50,31d5325988db9f1c752b,resnet50,,Static baseline: every image uses this model
resnet50,45bd4d0f4d7478b0cee3,resnet50,,Static baseline: every image uses this model
resnet50,4820256bcd3e9dc760e4,resnet50,,Static baseline: every image uses this model
resnet50,383867303b559ef23d2d,resnet50,,Static baseline: every image uses this model
resnet50,0be2554779cb63aa7570,resnet50,,Static baseline: every image uses this model
resnet50,6d7204950e9ea9baf7eb,resnet50,,Static baseline: every image uses this model
resnet50,672289c345c6b157c122,resnet50,,Static baseline: every image uses this model
resnet50,cabe8ff46702c50e9274,resnet50,,Static baseline: every image uses this model
resnet50,3de5f3a0109d307875a8,resnet50,,Static baseline: every image uses this model
resnet50,b3b7d952751637282f6b,resnet50,,Static baseline: every image uses this model
resnet50,ddb3b09917f249dbe143,resnet50,,Static baseline: every image uses this model
resnet50,e969791171f72413723a,resnet50,,Static baseline: every image uses this model
resnet50,298fb3d15c1c56aa6a1b,resnet50,,Static baseline: every image uses this model
resnet50,68ae5f6b4dfe6c710ddc,resnet50,,Static baseline: every image uses this model
resnet50,f53fbb95080335df2c2d,resnet50,,Static baseline: every image uses this model
resnet50,a5cb5dce8fea0d78d48b,resnet50,,Static baseline: every image uses this model
resnet50,ec65f302bff6f50bb8a2,resnet50,,Static baseline: every image uses this model
resnet50,a9ccf20cebb67562b233,resnet50,,Static baseline: every image uses this model
resnet50,b25a98271d50629a4f1d,resnet50,,Static baseline: every image uses this model
resnet50,3fcb8614fa0697512341,resnet50,,Static baseline: every image uses this model
resnet50,4b193d510c7badf1e9d7,resnet50,,Static baseline: every image uses this model
resnet50,b683b233630b42dc4774,resnet50,,Static baseline: every image uses this model
resnet50,c855206e6d49ba4dd808,resnet50,,Static baseline: every image uses this model
resnet50,050c33a7d7f32fd92ac6,resnet50,,Static baseline: every image uses this model
resnet50,f6ff97e8bae06024f9d5,resnet50,,Static baseline: every image uses this model
resnet50,6f7809e7f2cc44bd0073,resnet50,,Static baseline: every image uses this model
resnet50,b0bfa88a566c909ba480,resnet50,,Static baseline: every image uses this model
resnet50,b96089f5a0ee8958f842,resnet50,,Static baseline: every image uses this model
resnet50,1ce9829c757e18582436,resnet50,,Static baseline: every image uses this model
resnet50,2eeed640e4c9f230923b,resnet50,,Static baseline: every image uses this model
resnet50,a2ebfa36b363d02c435f,resnet50,,Static baseline: every image uses this model
resnet50,073d0199c1f24a40dc5b,resnet50,,Static baseline: every image uses this model
resnet50,c10444f8b888582761a4,resnet50,,Static baseline: every image uses this model
resnet50,cd042851c41a91dcb39d,resnet50,,Static baseline: every image uses this model
resnet50,e95f8f97b7e36d6619df,resnet50,,Static baseline: every image uses this model
resnet50,be5eaa3600e1cc67f394,resnet50,,Static baseline: every image uses this model
resnet50,95a6d8332e65a953f807,resnet50,,Static baseline: every image uses this model
resnet50,9663eccdcbe0b346d2fb,resnet50,,Static baseline: every image uses this model
resnet50,5986b7616a1228b54cf8,resnet50,,Static baseline: every image uses this model
resnet50,c502624fc7bb3bb7c430,resnet50,,Static baseline: every image uses this model
resnet50,2f0b56bb43b367cf0737,resnet50,,Static baseline: every image uses this model
resnet50,b46523267235e8ce5297,resnet50,,Static baseline: every image uses this model
resnet50,ce8529c8eee748f146d3,resnet50,,Static baseline: every image uses this model
resnet50,44d0e6aade6060dd3a4c,resnet50,,Static baseline: every image uses this model
resnet50,dfafa0b6ed6c5146f025,resnet50,,Static baseline: every image uses this model
resnet50,ba3f10e49fa71222a167,resnet50,,Static baseline: every image uses this model
resnet50,30fb16826a0b77fbdaf0,resnet50,,Static baseline: every image uses this model
resnet50,5930368dd828c298772d,resnet50,,Static baseline: every image uses this model
resnet50,91bd6a57b11a9ffdc7f7,resnet50,,Static baseline: every image uses this model
resnet50,e1faca667619e6e13dea,resnet50,,Static baseline: every image uses this model
resnet50,9b619751b75c8a6ad1a0,resnet50,,Static baseline: every image uses this model
resnet50,971fa9f2047ef0b7580b,resnet50,,Static baseline: every image uses this model
resnet50,8e0f259737a8cf29adcd,resnet50,,Static baseline: every image uses this model
resnet50,0b8b19a751055a1ec8a0,resnet50,,Static baseline: every image uses this model
resnet50,7bf919583e8a809b8724,resnet50,,Static baseline: every image uses this model
resnet50,7c84bae86fda676d4554,resnet50,,Static baseline: every image uses this model
resnet50,fa8dca38dfc9570aba66,resnet50,,Static baseline: every image uses this model
resnet50,759cbbc8629f7d2e495f,resnet50,,Static baseline: every image uses this model
resnet50,2620f63214c6d4d53a2e,resnet50,,Static baseline: every image uses this model
resnet50,71e9baf5ea98ffedf5a8,resnet50,,Static baseline: every image uses this model
resnet50,a829012efaba7982ccf9,resnet50,,Static baseline: every image uses this model
resnet50,f164d1a7b2bfad695ace,resnet50,,Static baseline: every image uses this model
resnet50,97909eccc6227b59cdbd,resnet50,,Static baseline: every image uses this model
resnet50,822ecb098d1efd5cc425,resnet50,,Static baseline: every image uses this model
resnet50,344dee6d7742b737b6b8,resnet50,,Static baseline: every image uses this model
resnet50,a090cb4a0dea5c618439,resnet50,,Static baseline: every image uses this model
resnet50,0038ddc45cbe29596ba9,resnet50,,Static baseline: every image uses this model
resnet50,92770e44f32b0fb3805b,resnet50,,Static baseline: every image uses this model
resnet50,e164986e7efd9a941c8e,resnet50,,Static baseline: every image uses this model
resnet50,66ea92408bb1d45e8a80,resnet50,,Static baseline: every image uses this model
resnet50,5f27fa39b4d1da680538,resnet50,,Static baseline: every image uses this model
resnet50,39bb040fb53a1d176cae,resnet50,,Static baseline: every image uses this model
resnet50,5722417798e696c036a9,resnet50,,Static baseline: every image uses this model
resnet50,470a9f15033b9d2fc3d8,resnet50,,Static baseline: every image uses this model
resnet50,8a58d7d2fbec5278ad37,resnet50,,Static baseline: every image uses this model
resnet50,d4dcc887e7e10d2bf5fa,resnet50,,Static baseline: every image uses this model
resnet50,187e3af108481037ef18,resnet50,,Static baseline: every image uses this model
resnet50,441b74bb0600359a5ae1,resnet50,,Static baseline: every image uses this model
resnet50,119e22c1bc53d94525dc,resnet50,,Static baseline: every image uses this model
resnet50,184cfe80bff425a554eb,resnet50,,Static baseline: every image uses this model
resnet50,f5b6098226ef6b4d3008,resnet50,,Static baseline: every image uses this model
resnet50,1718763bdc51740a7d7a,resnet50,,Static baseline: every image uses this model
resnet50,42416e86d762cb8caf7a,resnet50,,Static baseline: every image uses this model
resnet50,f04e6a8cd69749d35aab,resnet50,,Static baseline: every image uses this model
resnet50,ead41664127f392d4b3a,resnet50,,Static baseline: every image uses this model
resnet50,90e1209a31015bd22730,resnet50,,Static baseline: every image uses this model
resnet50,71d33942636767e8ed5a,resnet50,,Static baseline: every image uses this model
resnet50,aca16af98b818790e01b,resnet50,,Static baseline: every image uses this model
efficientnet_b0,e969791171f72413723a,efficientnet_b0,,Static baseline: every image uses this model
efficientnet_b0,f164d1a7b2bfad695ace,efficientnet_b0,,Static baseline: every image uses this model
efficientnet_b0,44d0e6aade6060dd3a4c,efficientnet_b0,,Static baseline: every image uses this model
efficientnet_b0,b25a98271d50629a4f1d,efficientnet_b0,,Static baseline: every image uses this model
efficientnet_b0,4820256bcd3e9dc760e4,efficientnet_b0,,Static baseline: every image uses this model
efficientnet_b0,b683b233630b42dc4774,efficientnet_b0,,Static baseline: every image uses this model
efficientnet_b0,4b193d510c7badf1e9d7,efficientnet_b0,,Static baseline: every image uses this model
efficientnet_b0,ead41664127f392d4b3a,efficientnet_b0,,Static baseline: every image uses this model
efficientnet_b0,a9ccf20cebb67562b233,efficientnet_b0,,Static baseline: every image uses this model
efficientnet_b0,3de5f3a0109d307875a8,efficientnet_b0,,Static baseline: every image uses this model
efficientnet_b0,cd042851c41a91dcb39d,efficientnet_b0,,Static baseline: every image uses this model
efficientnet_b0,5986b7616a1228b54cf8,efficientnet_b0,,Static baseline: every image uses this model
efficientnet_b0,ba3f10e49fa71222a167,efficientnet_b0,,Static baseline: every image uses this model
efficientnet_b0,0b8b19a751055a1ec8a0,efficientnet_b0,,Static baseline: every image uses this model
efficientnet_b0,30fb16826a0b77fbdaf0,efficientnet_b0,,Static baseline: every image uses this model
efficientnet_b0,ddb3b09917f249dbe143,efficientnet_b0,,Static baseline: every image uses this model
efficientnet_b0,6d7204950e9ea9baf7eb,efficientnet_b0,,Static baseline: every image uses this model
efficientnet_b0,a0917b15d44486760f0e,efficientnet_b0,,Static baseline: every image uses this model
efficientnet_b0,f6ff97e8bae06024f9d5,efficientnet_b0,,Static baseline: every image uses this model
efficientnet_b0,92770e44f32b0fb3805b,efficientnet_b0,,Static baseline: every image uses this model
efficientnet_b0,2620f63214c6d4d53a2e,efficientnet_b0,,Static baseline: every image uses this model
efficientnet_b0,344dee6d7742b737b6b8,efficientnet_b0,,Static baseline: every image uses this model
efficientnet_b0,9b619751b75c8a6ad1a0,efficientnet_b0,,Static baseline: every image uses this model
efficientnet_b0,c502624fc7bb3bb7c430,efficientnet_b0,,Static baseline: every image uses this model
efficientnet_b0,f04e6a8cd69749d35aab,efficientnet_b0,,Static baseline: every image uses this model
efficientnet_b0,95a6d8332e65a953f807,efficientnet_b0,,Static baseline: every image uses this model
efficientnet_b0,417536921c3e9bb251be,efficientnet_b0,,Static baseline: every image uses this model
efficientnet_b0,13e3bcc97110094b8448,efficientnet_b0,,Static baseline: every image uses this model
efficientnet_b0,fa8dca38dfc9570aba66,efficientnet_b0,,Static baseline: every image uses this model
efficientnet_b0,119e22c1bc53d94525dc,efficientnet_b0,,Static baseline: every image uses this model
efficientnet_b0,b46523267235e8ce5297,efficientnet_b0,,Static baseline: every image uses this model
efficientnet_b0,f53fbb95080335df2c2d,efficientnet_b0,,Static baseline: every image uses this model
efficientnet_b0,560c8d4bfd14be3e6a8a,efficientnet_b0,,Static baseline: every image uses this model
efficientnet_b0,45bd4d0f4d7478b0cee3,efficientnet_b0,,Static baseline: every image uses this model
efficientnet_b0,68ae5f6b4dfe6c710ddc,efficientnet_b0,,Static baseline: every image uses this model
efficientnet_b0,6f7809e7f2cc44bd0073,efficientnet_b0,,Static baseline: every image uses this model
efficientnet_b0,822ecb098d1efd5cc425,efficientnet_b0,,Static baseline: every image uses this model
efficientnet_b0,5930368dd828c298772d,efficientnet_b0,,Static baseline: every image uses this model
efficientnet_b0,71e9baf5ea98ffedf5a8,efficientnet_b0,,Static baseline: every image uses this model
efficientnet_b0,cabe8ff46702c50e9274,efficientnet_b0,,Static baseline: every image uses this model
efficientnet_b0,edec038dc21e45a32a00,efficientnet_b0,,Static baseline: every image uses this model
efficientnet_b0,91bd6a57b11a9ffdc7f7,efficientnet_b0,,Static baseline: every image uses this model
efficientnet_b0,97909eccc6227b59cdbd,efficientnet_b0,,Static baseline: every image uses this model
efficientnet_b0,1fe86a7b0db415dc071c,efficientnet_b0,,Static baseline: every image uses this model
efficientnet_b0,073d0199c1f24a40dc5b,efficientnet_b0,,Static baseline: every image uses this model
efficientnet_b0,90e1209a31015bd22730,efficientnet_b0,,Static baseline: every image uses this model
efficientnet_b0,7c84bae86fda676d4554,efficientnet_b0,,Static baseline: every image uses this model
efficientnet_b0,a2ebfa36b363d02c435f,efficientnet_b0,,Static baseline: every image uses this model
efficientnet_b0,e1faca667619e6e13dea,efficientnet_b0,,Static baseline: every image uses this model
efficientnet_b0,1ce9829c757e18582436,efficientnet_b0,,Static baseline: every image uses this model
efficientnet_b0,383867303b559ef23d2d,efficientnet_b0,,Static baseline: every image uses this model
efficientnet_b0,1718763bdc51740a7d7a,efficientnet_b0,,Static baseline: every image uses this model
efficientnet_b0,2eeed640e4c9f230923b,efficientnet_b0,,Static baseline: every image uses this model
efficientnet_b0,e95f8f97b7e36d6619df,efficientnet_b0,,Static baseline: every image uses this model
efficientnet_b0,470a9f15033b9d2fc3d8,efficientnet_b0,,Static baseline: every image uses this model
efficientnet_b0,7bf919583e8a809b8724,efficientnet_b0,,Static baseline: every image uses this model
efficientnet_b0,71d33942636767e8ed5a,efficientnet_b0,,Static baseline: every image uses this model
efficientnet_b0,dfafa0b6ed6c5146f025,efficientnet_b0,,Static baseline: every image uses this model
efficientnet_b0,8a58d7d2fbec5278ad37,efficientnet_b0,,Static baseline: every image uses this model
efficientnet_b0,ce8529c8eee748f146d3,efficientnet_b0,,Static baseline: every image uses this model
efficientnet_b0,9fda59f5fd0df9879327,efficientnet_b0,,Static baseline: every image uses this model
efficientnet_b0,298fb3d15c1c56aa6a1b,efficientnet_b0,,Static baseline: every image uses this model
efficientnet_b0,2f0b56bb43b367cf0737,efficientnet_b0,,Static baseline: every image uses this model
efficientnet_b0,050c33a7d7f32fd92ac6,efficientnet_b0,,Static baseline: every image uses this model
efficientnet_b0,aca16af98b818790e01b,efficientnet_b0,,Static baseline: every image uses this model
efficientnet_b0,a829012efaba7982ccf9,efficientnet_b0,,Static baseline: every image uses this model
efficientnet_b0,e164986e7efd9a941c8e,efficientnet_b0,,Static baseline: every image uses this model
efficientnet_b0,441b74bb0600359a5ae1,efficientnet_b0,,Static baseline: every image uses this model
efficientnet_b0,9663eccdcbe0b346d2fb,efficientnet_b0,,Static baseline: every image uses this model
efficientnet_b0,17d5a963eb476a043cf3,efficientnet_b0,,Static baseline: every image uses this model
efficientnet_b0,a090cb4a0dea5c618439,efficientnet_b0,,Static baseline: every image uses this model
efficientnet_b0,8e0f259737a8cf29adcd,efficientnet_b0,,Static baseline: every image uses this model
efficientnet_b0,be5eaa3600e1cc67f394,efficientnet_b0,,Static baseline: every image uses this model
efficientnet_b0,c855206e6d49ba4dd808,efficientnet_b0,,Static baseline: every image uses this model
efficientnet_b0,d4dcc887e7e10d2bf5fa,efficientnet_b0,,Static baseline: every image uses this model
efficientnet_b0,42416e86d762cb8caf7a,efficientnet_b0,,Static baseline: every image uses this model
efficientnet_b0,4b548c57634f96cce13f,efficientnet_b0,,Static baseline: every image uses this model
efficientnet_b0,2a328ad9ed0463dd8e40,efficientnet_b0,,Static baseline: every image uses this model
efficientnet_b0,672289c345c6b157c122,efficientnet_b0,,Static baseline: every image uses this model
efficientnet_b0,0038ddc45cbe29596ba9,efficientnet_b0,,Static baseline: every image uses this model
efficientnet_b0,c10444f8b888582761a4,efficientnet_b0,,Static baseline: every image uses this model
efficientnet_b0,b0bfa88a566c909ba480,efficientnet_b0,,Static baseline: every image uses this model
efficientnet_b0,b9dd47e849749a3e01ef,efficientnet_b0,,Static baseline: every image uses this model
efficientnet_b0,31d5325988db9f1c752b,efficientnet_b0,,Static baseline: every image uses this model
efficientnet_b0,f5b6098226ef6b4d3008,efficientnet_b0,,Static baseline: every image uses this model
efficientnet_b0,66ea92408bb1d45e8a80,efficientnet_b0,,Static baseline: every image uses this model
efficientnet_b0,ec65f302bff6f50bb8a2,efficientnet_b0,,Static baseline: every image uses this model
efficientnet_b0,0d1cfd3c9113ab92d8a9,efficientnet_b0,,Static baseline: every image uses this model
efficientnet_b0,971fa9f2047ef0b7580b,efficientnet_b0,,Static baseline: every image uses this model
efficientnet_b0,a5cb5dce8fea0d78d48b,efficientnet_b0,,Static baseline: every image uses this model
efficientnet_b0,184cfe80bff425a554eb,efficientnet_b0,,Static baseline: every image uses this model
efficientnet_b0,b96089f5a0ee8958f842,efficientnet_b0,,Static baseline: every image uses this model
efficientnet_b0,5f27fa39b4d1da680538,efficientnet_b0,,Static baseline: every image uses this model
efficientnet_b0,3fcb8614fa0697512341,efficientnet_b0,,Static baseline: every image uses this model
efficientnet_b0,39bb040fb53a1d176cae,efficientnet_b0,,Static baseline: every image uses this model
efficientnet_b0,5722417798e696c036a9,efficientnet_b0,,Static baseline: every image uses this model
efficientnet_b0,b3b7d952751637282f6b,efficientnet_b0,,Static baseline: every image uses this model
efficientnet_b0,759cbbc8629f7d2e495f,efficientnet_b0,,Static baseline: every image uses this model
efficientnet_b0,0be2554779cb63aa7570,efficientnet_b0,,Static baseline: every image uses this model
efficientnet_b0,187e3af108481037ef18,efficientnet_b0,,Static baseline: every image uses this model
efficientnet_b0,c855206e6d49ba4dd808,efficientnet_b0,,Static baseline: every image uses this model
efficientnet_b0,13e3bcc97110094b8448,efficientnet_b0,,Static baseline: every image uses this model
efficientnet_b0,b683b233630b42dc4774,efficientnet_b0,,Static baseline: every image uses this model
efficientnet_b0,45bd4d0f4d7478b0cee3,efficientnet_b0,,Static baseline: every image uses this model
efficientnet_b0,b46523267235e8ce5297,efficientnet_b0,,Static baseline: every image uses this model
efficientnet_b0,f04e6a8cd69749d35aab,efficientnet_b0,,Static baseline: every image uses this model
efficientnet_b0,417536921c3e9bb251be,efficientnet_b0,,Static baseline: every image uses this model
efficientnet_b0,5930368dd828c298772d,efficientnet_b0,,Static baseline: every image uses this model
efficientnet_b0,91bd6a57b11a9ffdc7f7,efficientnet_b0,,Static baseline: every image uses this model
efficientnet_b0,44d0e6aade6060dd3a4c,efficientnet_b0,,Static baseline: every image uses this model
efficientnet_b0,2eeed640e4c9f230923b,efficientnet_b0,,Static baseline: every image uses this model
efficientnet_b0,b0bfa88a566c909ba480,efficientnet_b0,,Static baseline: every image uses this model
efficientnet_b0,e1faca667619e6e13dea,efficientnet_b0,,Static baseline: every image uses this model
efficientnet_b0,ba3f10e49fa71222a167,efficientnet_b0,,Static baseline: every image uses this model
efficientnet_b0,66ea92408bb1d45e8a80,efficientnet_b0,,Static baseline: every image uses this model
efficientnet_b0,92770e44f32b0fb3805b,efficientnet_b0,,Static baseline: every image uses this model
efficientnet_b0,9663eccdcbe0b346d2fb,efficientnet_b0,,Static baseline: every image uses this model
efficientnet_b0,344dee6d7742b737b6b8,efficientnet_b0,,Static baseline: every image uses this model
efficientnet_b0,5f27fa39b4d1da680538,efficientnet_b0,,Static baseline: every image uses this model
efficientnet_b0,4b193d510c7badf1e9d7,efficientnet_b0,,Static baseline: every image uses this model
efficientnet_b0,7c84bae86fda676d4554,efficientnet_b0,,Static baseline: every image uses this model
efficientnet_b0,184cfe80bff425a554eb,efficientnet_b0,,Static baseline: every image uses this model
efficientnet_b0,470a9f15033b9d2fc3d8,efficientnet_b0,,Static baseline: every image uses this model
efficientnet_b0,9fda59f5fd0df9879327,efficientnet_b0,,Static baseline: every image uses this model
efficientnet_b0,17d5a963eb476a043cf3,efficientnet_b0,,Static baseline: every image uses this model
efficientnet_b0,b25a98271d50629a4f1d,efficientnet_b0,,Static baseline: every image uses this model
efficientnet_b0,5986b7616a1228b54cf8,efficientnet_b0,,Static baseline: every image uses this model
efficientnet_b0,b3b7d952751637282f6b,efficientnet_b0,,Static baseline: every image uses this model
efficientnet_b0,95a6d8332e65a953f807,efficientnet_b0,,Static baseline: every image uses this model
efficientnet_b0,298fb3d15c1c56aa6a1b,efficientnet_b0,,Static baseline: every image uses this model
efficientnet_b0,dfafa0b6ed6c5146f025,efficientnet_b0,,Static baseline: every image uses this model
efficientnet_b0,822ecb098d1efd5cc425,efficientnet_b0,,Static baseline: every image uses this model
efficientnet_b0,3de5f3a0109d307875a8,efficientnet_b0,,Static baseline: every image uses this model
efficientnet_b0,6d7204950e9ea9baf7eb,efficientnet_b0,,Static baseline: every image uses this model
efficientnet_b0,a829012efaba7982ccf9,efficientnet_b0,,Static baseline: every image uses this model
efficientnet_b0,a9ccf20cebb67562b233,efficientnet_b0,,Static baseline: every image uses this model
efficientnet_b0,441b74bb0600359a5ae1,efficientnet_b0,,Static baseline: every image uses this model
efficientnet_b0,8a58d7d2fbec5278ad37,efficientnet_b0,,Static baseline: every image uses this model
efficientnet_b0,0be2554779cb63aa7570,efficientnet_b0,,Static baseline: every image uses this model
efficientnet_b0,ce8529c8eee748f146d3,efficientnet_b0,,Static baseline: every image uses this model
efficientnet_b0,a5cb5dce8fea0d78d48b,efficientnet_b0,,Static baseline: every image uses this model
efficientnet_b0,4820256bcd3e9dc760e4,efficientnet_b0,,Static baseline: every image uses this model
efficientnet_b0,1ce9829c757e18582436,efficientnet_b0,,Static baseline: every image uses this model
efficientnet_b0,6f7809e7f2cc44bd0073,efficientnet_b0,,Static baseline: every image uses this model
efficientnet_b0,d4dcc887e7e10d2bf5fa,efficientnet_b0,,Static baseline: every image uses this model
efficientnet_b0,be5eaa3600e1cc67f394,efficientnet_b0,,Static baseline: every image uses this model
efficientnet_b0,383867303b559ef23d2d,efficientnet_b0,,Static baseline: every image uses this model
efficientnet_b0,187e3af108481037ef18,efficientnet_b0,,Static baseline: every image uses this model
efficientnet_b0,0038ddc45cbe29596ba9,efficientnet_b0,,Static baseline: every image uses this model
efficientnet_b0,a2ebfa36b363d02c435f,efficientnet_b0,,Static baseline: every image uses this model
efficientnet_b0,8e0f259737a8cf29adcd,efficientnet_b0,,Static baseline: every image uses this model
efficientnet_b0,672289c345c6b157c122,efficientnet_b0,,Static baseline: every image uses this model
efficientnet_b0,97909eccc6227b59cdbd,efficientnet_b0,,Static baseline: every image uses this model
efficientnet_b0,ead41664127f392d4b3a,efficientnet_b0,,Static baseline: every image uses this model
efficientnet_b0,e95f8f97b7e36d6619df,efficientnet_b0,,Static baseline: every image uses this model
efficientnet_b0,4b548c57634f96cce13f,efficientnet_b0,,Static baseline: every image uses this model
efficientnet_b0,971fa9f2047ef0b7580b,efficientnet_b0,,Static baseline: every image uses this model
efficientnet_b0,2620f63214c6d4d53a2e,efficientnet_b0,,Static baseline: every image uses this model
efficientnet_b0,cd042851c41a91dcb39d,efficientnet_b0,,Static baseline: every image uses this model
efficientnet_b0,560c8d4bfd14be3e6a8a,efficientnet_b0,,Static baseline: every image uses this model
efficientnet_b0,71d33942636767e8ed5a,efficientnet_b0,,Static baseline: every image uses this model
efficientnet_b0,f6ff97e8bae06024f9d5,efficientnet_b0,,Static baseline: every image uses this model
efficientnet_b0,71e9baf5ea98ffedf5a8,efficientnet_b0,,Static baseline: every image uses this model
efficientnet_b0,30fb16826a0b77fbdaf0,efficientnet_b0,,Static baseline: every image uses this model
efficientnet_b0,073d0199c1f24a40dc5b,efficientnet_b0,,Static baseline: every image uses this model
efficientnet_b0,b9dd47e849749a3e01ef,efficientnet_b0,,Static baseline: every image uses this model
efficientnet_b0,050c33a7d7f32fd92ac6,efficientnet_b0,,Static baseline: every image uses this model
efficientnet_b0,5722417798e696c036a9,efficientnet_b0,,Static baseline: every image uses this model
efficientnet_b0,0b8b19a751055a1ec8a0,efficientnet_b0,,Static baseline: every image uses this model
efficientnet_b0,9b619751b75c8a6ad1a0,efficientnet_b0,,Static baseline: every image uses this model
efficientnet_b0,31d5325988db9f1c752b,efficientnet_b0,,Static baseline: every image uses this model
efficientnet_b0,b96089f5a0ee8958f842,efficientnet_b0,,Static baseline: every image uses this model
efficientnet_b0,3fcb8614fa0697512341,efficientnet_b0,,Static baseline: every image uses this model
efficientnet_b0,f164d1a7b2bfad695ace,efficientnet_b0,,Static baseline: every image uses this model
efficientnet_b0,f53fbb95080335df2c2d,efficientnet_b0,,Static baseline: every image uses this model
efficientnet_b0,68ae5f6b4dfe6c710ddc,efficientnet_b0,,Static baseline: every image uses this model
efficientnet_b0,2a328ad9ed0463dd8e40,efficientnet_b0,,Static baseline: every image uses this model
efficientnet_b0,e164986e7efd9a941c8e,efficientnet_b0,,Static baseline: every image uses this model
efficientnet_b0,edec038dc21e45a32a00,efficientnet_b0,,Static baseline: every image uses this model
efficientnet_b0,c502624fc7bb3bb7c430,efficientnet_b0,,Static baseline: every image uses this model
efficientnet_b0,cabe8ff46702c50e9274,efficientnet_b0,,Static baseline: every image uses this model
efficientnet_b0,759cbbc8629f7d2e495f,efficientnet_b0,,Static baseline: every image uses this model
efficientnet_b0,aca16af98b818790e01b,efficientnet_b0,,Static baseline: every image uses this model
efficientnet_b0,0d1cfd3c9113ab92d8a9,efficientnet_b0,,Static baseline: every image uses this model
efficientnet_b0,39bb040fb53a1d176cae,efficientnet_b0,,Static baseline: every image uses this model
efficientnet_b0,a0917b15d44486760f0e,efficientnet_b0,,Static baseline: every image uses this model
efficientnet_b0,ddb3b09917f249dbe143,efficientnet_b0,,Static baseline: every image uses this model
efficientnet_b0,1fe86a7b0db415dc071c,efficientnet_b0,,Static baseline: every image uses this model
efficientnet_b0,f5b6098226ef6b4d3008,efficientnet_b0,,Static baseline: every image uses this model
efficientnet_b0,e969791171f72413723a,efficientnet_b0,,Static baseline: every image uses this model
efficientnet_b0,2f0b56bb43b367cf0737,efficientnet_b0,,Static baseline: every image uses this model
efficientnet_b0,42416e86d762cb8caf7a,efficientnet_b0,,Static baseline: every image uses this model
efficientnet_b0,7bf919583e8a809b8724,efficientnet_b0,,Static baseline: every image uses this model
efficientnet_b0,1718763bdc51740a7d7a,efficientnet_b0,,Static baseline: every image uses this model
efficientnet_b0,c10444f8b888582761a4,efficientnet_b0,,Static baseline: every image uses this model
efficientnet_b0,90e1209a31015bd22730,efficientnet_b0,,Static baseline: every image uses this model
efficientnet_b0,fa8dca38dfc9570aba66,efficientnet_b0,,Static baseline: every image uses this model
efficientnet_b0,ec65f302bff6f50bb8a2,efficientnet_b0,,Static baseline: every image uses this model
efficientnet_b0,119e22c1bc53d94525dc,efficientnet_b0,,Static baseline: every image uses this model
efficientnet_b0,a090cb4a0dea5c618439,efficientnet_b0,,Static baseline: every image uses this model
efficientnet_b0,4b548c57634f96cce13f,efficientnet_b0,,Static baseline: every image uses this model
efficientnet_b0,9fda59f5fd0df9879327,efficientnet_b0,,Static baseline: every image uses this model
efficientnet_b0,a0917b15d44486760f0e,efficientnet_b0,,Static baseline: every image uses this model
efficientnet_b0,edec038dc21e45a32a00,efficientnet_b0,,Static baseline: every image uses this model
efficientnet_b0,b9dd47e849749a3e01ef,efficientnet_b0,,Static baseline: every image uses this model
efficientnet_b0,13e3bcc97110094b8448,efficientnet_b0,,Static baseline: every image uses this model
efficientnet_b0,417536921c3e9bb251be,efficientnet_b0,,Static baseline: every image uses this model
efficientnet_b0,2a328ad9ed0463dd8e40,efficientnet_b0,,Static baseline: every image uses this model
efficientnet_b0,0d1cfd3c9113ab92d8a9,efficientnet_b0,,Static baseline: every image uses this model
efficientnet_b0,560c8d4bfd14be3e6a8a,efficientnet_b0,,Static baseline: every image uses this model
efficientnet_b0,1fe86a7b0db415dc071c,efficientnet_b0,,Static baseline: every image uses this model
efficientnet_b0,17d5a963eb476a043cf3,efficientnet_b0,,Static baseline: every image uses this model
efficientnet_b0,31d5325988db9f1c752b,efficientnet_b0,,Static baseline: every image uses this model
efficientnet_b0,45bd4d0f4d7478b0cee3,efficientnet_b0,,Static baseline: every image uses this model
efficientnet_b0,4820256bcd3e9dc760e4,efficientnet_b0,,Static baseline: every image uses this model
efficientnet_b0,383867303b559ef23d2d,efficientnet_b0,,Static baseline: every image uses this model
efficientnet_b0,0be2554779cb63aa7570,efficientnet_b0,,Static baseline: every image uses this model
efficientnet_b0,6d7204950e9ea9baf7eb,efficientnet_b0,,Static baseline: every image uses this model
efficientnet_b0,672289c345c6b157c122,efficientnet_b0,,Static baseline: every image uses this model
efficientnet_b0,cabe8ff46702c50e9274,efficientnet_b0,,Static baseline: every image uses this model
efficientnet_b0,3de5f3a0109d307875a8,efficientnet_b0,,Static baseline: every image uses this model
efficientnet_b0,b3b7d952751637282f6b,efficientnet_b0,,Static baseline: every image uses this model
efficientnet_b0,ddb3b09917f249dbe143,efficientnet_b0,,Static baseline: every image uses this model
efficientnet_b0,e969791171f72413723a,efficientnet_b0,,Static baseline: every image uses this model
efficientnet_b0,298fb3d15c1c56aa6a1b,efficientnet_b0,,Static baseline: every image uses this model
efficientnet_b0,68ae5f6b4dfe6c710ddc,efficientnet_b0,,Static baseline: every image uses this model
efficientnet_b0,f53fbb95080335df2c2d,efficientnet_b0,,Static baseline: every image uses this model
efficientnet_b0,a5cb5dce8fea0d78d48b,efficientnet_b0,,Static baseline: every image uses this model
efficientnet_b0,ec65f302bff6f50bb8a2,efficientnet_b0,,Static baseline: every image uses this model
efficientnet_b0,a9ccf20cebb67562b233,efficientnet_b0,,Static baseline: every image uses this model
efficientnet_b0,b25a98271d50629a4f1d,efficientnet_b0,,Static baseline: every image uses this model
efficientnet_b0,3fcb8614fa0697512341,efficientnet_b0,,Static baseline: every image uses this model
efficientnet_b0,4b193d510c7badf1e9d7,efficientnet_b0,,Static baseline: every image uses this model
efficientnet_b0,b683b233630b42dc4774,efficientnet_b0,,Static baseline: every image uses this model
efficientnet_b0,c855206e6d49ba4dd808,efficientnet_b0,,Static baseline: every image uses this model
efficientnet_b0,050c33a7d7f32fd92ac6,efficientnet_b0,,Static baseline: every image uses this model
efficientnet_b0,f6ff97e8bae06024f9d5,efficientnet_b0,,Static baseline: every image uses this model
efficientnet_b0,6f7809e7f2cc44bd0073,efficientnet_b0,,Static baseline: every image uses this model
efficientnet_b0,b0bfa88a566c909ba480,efficientnet_b0,,Static baseline: every image uses this model
efficientnet_b0,b96089f5a0ee8958f842,efficientnet_b0,,Static baseline: every image uses this model
efficientnet_b0,1ce9829c757e18582436,efficientnet_b0,,Static baseline: every image uses this model
efficientnet_b0,2eeed640e4c9f230923b,efficientnet_b0,,Static baseline: every image uses this model
efficientnet_b0,a2ebfa36b363d02c435f,efficientnet_b0,,Static baseline: every image uses this model
efficientnet_b0,073d0199c1f24a40dc5b,efficientnet_b0,,Static baseline: every image uses this model
efficientnet_b0,c10444f8b888582761a4,efficientnet_b0,,Static baseline: every image uses this model
efficientnet_b0,cd042851c41a91dcb39d,efficientnet_b0,,Static baseline: every image uses this model
efficientnet_b0,e95f8f97b7e36d6619df,efficientnet_b0,,Static baseline: every image uses this model
efficientnet_b0,be5eaa3600e1cc67f394,efficientnet_b0,,Static baseline: every image uses this model
efficientnet_b0,95a6d8332e65a953f807,efficientnet_b0,,Static baseline: every image uses this model
efficientnet_b0,9663eccdcbe0b346d2fb,efficientnet_b0,,Static baseline: every image uses this model
efficientnet_b0,5986b7616a1228b54cf8,efficientnet_b0,,Static baseline: every image uses this model
efficientnet_b0,c502624fc7bb3bb7c430,efficientnet_b0,,Static baseline: every image uses this model
efficientnet_b0,2f0b56bb43b367cf0737,efficientnet_b0,,Static baseline: every image uses this model
efficientnet_b0,b46523267235e8ce5297,efficientnet_b0,,Static baseline: every image uses this model
efficientnet_b0,ce8529c8eee748f146d3,efficientnet_b0,,Static baseline: every image uses this model
efficientnet_b0,44d0e6aade6060dd3a4c,efficientnet_b0,,Static baseline: every image uses this model
efficientnet_b0,dfafa0b6ed6c5146f025,efficientnet_b0,,Static baseline: every image uses this model
efficientnet_b0,ba3f10e49fa71222a167,efficientnet_b0,,Static baseline: every image uses this model
efficientnet_b0,30fb16826a0b77fbdaf0,efficientnet_b0,,Static baseline: every image uses this model
efficientnet_b0,5930368dd828c298772d,efficientnet_b0,,Static baseline: every image uses this model
efficientnet_b0,91bd6a57b11a9ffdc7f7,efficientnet_b0,,Static baseline: every image uses this model
efficientnet_b0,e1faca667619e6e13dea,efficientnet_b0,,Static baseline: every image uses this model
efficientnet_b0,9b619751b75c8a6ad1a0,efficientnet_b0,,Static baseline: every image uses this model
efficientnet_b0,971fa9f2047ef0b7580b,efficientnet_b0,,Static baseline: every image uses this model
efficientnet_b0,8e0f259737a8cf29adcd,efficientnet_b0,,Static baseline: every image uses this model
efficientnet_b0,0b8b19a751055a1ec8a0,efficientnet_b0,,Static baseline: every image uses this model
efficientnet_b0,7bf919583e8a809b8724,efficientnet_b0,,Static baseline: every image uses this model
efficientnet_b0,7c84bae86fda676d4554,efficientnet_b0,,Static baseline: every image uses this model
efficientnet_b0,fa8dca38dfc9570aba66,efficientnet_b0,,Static baseline: every image uses this model
efficientnet_b0,759cbbc8629f7d2e495f,efficientnet_b0,,Static baseline: every image uses this model
efficientnet_b0,2620f63214c6d4d53a2e,efficientnet_b0,,Static baseline: every image uses this model
efficientnet_b0,71e9baf5ea98ffedf5a8,efficientnet_b0,,Static baseline: every image uses this model
efficientnet_b0,a829012efaba7982ccf9,efficientnet_b0,,Static baseline: every image uses this model
efficientnet_b0,f164d1a7b2bfad695ace,efficientnet_b0,,Static baseline: every image uses this model
efficientnet_b0,97909eccc6227b59cdbd,efficientnet_b0,,Static baseline: every image uses this model
efficientnet_b0,822ecb098d1efd5cc425,efficientnet_b0,,Static baseline: every image uses this model
efficientnet_b0,344dee6d7742b737b6b8,efficientnet_b0,,Static baseline: every image uses this model
efficientnet_b0,a090cb4a0dea5c618439,efficientnet_b0,,Static baseline: every image uses this model
efficientnet_b0,0038ddc45cbe29596ba9,efficientnet_b0,,Static baseline: every image uses this model
efficientnet_b0,92770e44f32b0fb3805b,efficientnet_b0,,Static baseline: every image uses this model
efficientnet_b0,e164986e7efd9a941c8e,efficientnet_b0,,Static baseline: every image uses this model
efficientnet_b0,66ea92408bb1d45e8a80,efficientnet_b0,,Static baseline: every image uses this model
efficientnet_b0,5f27fa39b4d1da680538,efficientnet_b0,,Static baseline: every image uses this model
efficientnet_b0,39bb040fb53a1d176cae,efficientnet_b0,,Static baseline: every image uses this model
efficientnet_b0,5722417798e696c036a9,efficientnet_b0,,Static baseline: every image uses this model
efficientnet_b0,470a9f15033b9d2fc3d8,efficientnet_b0,,Static baseline: every image uses this model
efficientnet_b0,8a58d7d2fbec5278ad37,efficientnet_b0,,Static baseline: every image uses this model
efficientnet_b0,d4dcc887e7e10d2bf5fa,efficientnet_b0,,Static baseline: every image uses this model
efficientnet_b0,187e3af108481037ef18,efficientnet_b0,,Static baseline: every image uses this model
efficientnet_b0,441b74bb0600359a5ae1,efficientnet_b0,,Static baseline: every image uses this model
efficientnet_b0,119e22c1bc53d94525dc,efficientnet_b0,,Static baseline: every image uses this model
efficientnet_b0,184cfe80bff425a554eb,efficientnet_b0,,Static baseline: every image uses this model
efficientnet_b0,f5b6098226ef6b4d3008,efficientnet_b0,,Static baseline: every image uses this model
efficientnet_b0,1718763bdc51740a7d7a,efficientnet_b0,,Static baseline: every image uses this model
efficientnet_b0,42416e86d762cb8caf7a,efficientnet_b0,,Static baseline: every image uses this model
efficientnet_b0,f04e6a8cd69749d35aab,efficientnet_b0,,Static baseline: every image uses this model
efficientnet_b0,ead41664127f392d4b3a,efficientnet_b0,,Static baseline: every image uses this model
efficientnet_b0,90e1209a31015bd22730,efficientnet_b0,,Static baseline: every image uses this model
efficientnet_b0,71d33942636767e8ed5a,efficientnet_b0,,Static baseline: every image uses this model
efficientnet_b0,aca16af98b818790e01b,efficientnet_b0,,Static baseline: every image uses this model
rule,e969791171f72413723a,mobilenet_v3_small,0.2589328289031982,Complexity threshold selected its preferred feasible model.
rule,f164d1a7b2bfad695ace,efficientnet_b0,0.4051744937896728,Threshold preference was infeasible or unavailable; selected the highest-accuracy feasible profile.
rule,44d0e6aade6060dd3a4c,mobilenet_v3_small,0.3537954688072204,Complexity threshold selected its preferred feasible model.
rule,b25a98271d50629a4f1d,efficientnet_b0,0.4476467370986938,Threshold preference was infeasible or unavailable; selected the highest-accuracy feasible profile.
rule,4820256bcd3e9dc760e4,efficientnet_b0,0.4488692283630371,Threshold preference was infeasible or unavailable; selected the highest-accuracy feasible profile.
rule,b683b233630b42dc4774,efficientnet_b0,0.4529488980770111,Threshold preference was infeasible or unavailable; selected the highest-accuracy feasible profile.
rule,4b193d510c7badf1e9d7,mobilenet_v3_small,0.3303617537021637,Complexity threshold selected its preferred feasible model.
rule,ead41664127f392d4b3a,efficientnet_b0,0.4222639501094818,Threshold preference was infeasible or unavailable; selected the highest-accuracy feasible profile.
rule,a9ccf20cebb67562b233,efficientnet_b0,0.4069598615169525,Threshold preference was infeasible or unavailable; selected the highest-accuracy feasible profile.
rule,3de5f3a0109d307875a8,efficientnet_b0,0.4275709092617035,Threshold preference was infeasible or unavailable; selected the highest-accuracy feasible profile.
rule,cd042851c41a91dcb39d,mobilenet_v3_small,0.3921989202499389,Complexity threshold selected its preferred feasible model.
rule,5986b7616a1228b54cf8,efficientnet_b0,0.4392241835594177,Threshold preference was infeasible or unavailable; selected the highest-accuracy feasible profile.
rule,ba3f10e49fa71222a167,mobilenet_v3_small,0.3884414136409759,Complexity threshold selected its preferred feasible model.
rule,0b8b19a751055a1ec8a0,efficientnet_b0,0.4259228408336639,Threshold preference was infeasible or unavailable; selected the highest-accuracy feasible profile.
rule,30fb16826a0b77fbdaf0,mobilenet_v3_small,0.325042724609375,Complexity threshold selected its preferred feasible model.
rule,ddb3b09917f249dbe143,efficientnet_b0,0.454125165939331,Threshold preference was infeasible or unavailable; selected the highest-accuracy feasible profile.
rule,6d7204950e9ea9baf7eb,efficientnet_b0,0.4566319286823272,Threshold preference was infeasible or unavailable; selected the highest-accuracy feasible profile.
rule,a0917b15d44486760f0e,efficientnet_b0,0.4536961615085602,Threshold preference was infeasible or unavailable; selected the highest-accuracy feasible profile.
rule,f6ff97e8bae06024f9d5,mobilenet_v3_small,0.3548454642295837,Complexity threshold selected its preferred feasible model.
rule,92770e44f32b0fb3805b,mobilenet_v3_small,0.3491328060626983,Complexity threshold selected its preferred feasible model.
rule,2620f63214c6d4d53a2e,efficientnet_b0,0.4545212984085083,Threshold preference was infeasible or unavailable; selected the highest-accuracy feasible profile.
rule,344dee6d7742b737b6b8,mobilenet_v3_small,0.3575295507907867,Complexity threshold selected its preferred feasible model.
rule,9b619751b75c8a6ad1a0,efficientnet_b0,0.4451096653938293,Threshold preference was infeasible or unavailable; selected the highest-accuracy feasible profile.
rule,c502624fc7bb3bb7c430,mobilenet_v3_small,0.3863670527935028,Complexity threshold selected its preferred feasible model.
rule,f04e6a8cd69749d35aab,mobilenet_v3_small,0.3871074020862579,Complexity threshold selected its preferred feasible model.
rule,95a6d8332e65a953f807,efficientnet_b0,0.4509162604808807,Threshold preference was infeasible or unavailable; selected the highest-accuracy feasible profile.
rule,417536921c3e9bb251be,mobilenet_v3_small,0.3760958909988403,Complexity threshold selected its preferred feasible model.
rule,13e3bcc97110094b8448,mobilenet_v3_small,0.3864231407642364,Complexity threshold selected its preferred feasible model.
rule,fa8dca38dfc9570aba66,mobilenet_v3_small,0.3981295228004455,Complexity threshold selected its preferred feasible model.
rule,119e22c1bc53d94525dc,efficientnet_b0,0.4408412575721741,Threshold preference was infeasible or unavailable; selected the highest-accuracy feasible profile.
rule,b46523267235e8ce5297,mobilenet_v3_small,0.2940942645072937,Complexity threshold selected its preferred feasible model.
rule,f53fbb95080335df2c2d,efficientnet_b0,0.4401855766773224,Threshold preference was infeasible or unavailable; selected the highest-accuracy feasible profile.
rule,560c8d4bfd14be3e6a8a,efficientnet_b0,0.4473113119602203,Threshold preference was infeasible or unavailable; selected the highest-accuracy feasible profile.
rule,45bd4d0f4d7478b0cee3,efficientnet_b0,0.4038387835025787,Threshold preference was infeasible or unavailable; selected the highest-accuracy feasible profile.
rule,68ae5f6b4dfe6c710ddc,mobilenet_v3_small,0.3612437844276428,Complexity threshold selected its preferred feasible model.
rule,6f7809e7f2cc44bd0073,efficientnet_b0,0.406385987997055,Threshold preference was infeasible or unavailable; selected the highest-accuracy feasible profile.
rule,822ecb098d1efd5cc425,mobilenet_v3_small,0.3987435698509216,Complexity threshold selected its preferred feasible model.
rule,5930368dd828c298772d,efficientnet_b0,0.424345850944519,Threshold preference was infeasible or unavailable; selected the highest-accuracy feasible profile.
rule,71e9baf5ea98ffedf5a8,mobilenet_v3_small,0.2582268714904785,Complexity threshold selected its preferred feasible model.
rule,cabe8ff46702c50e9274,efficientnet_b0,0.431299090385437,Threshold preference was infeasible or unavailable; selected the highest-accuracy feasible profile.
rule,edec038dc21e45a32a00,mobilenet_v3_small,0.3631918728351593,Complexity threshold selected its preferred feasible model.
rule,91bd6a57b11a9ffdc7f7,mobilenet_v3_small,0.3388957381248474,Complexity threshold selected its preferred feasible model.
rule,97909eccc6227b59cdbd,mobilenet_v3_small,0.2714930176734924,Complexity threshold selected its preferred feasible model.
rule,1fe86a7b0db415dc071c,efficientnet_b0,0.4504099488258362,Threshold preference was infeasible or unavailable; selected the highest-accuracy feasible profile.
rule,073d0199c1f24a40dc5b,efficientnet_b0,0.4542423486709595,Threshold preference was infeasible or unavailable; selected the highest-accuracy feasible profile.
rule,90e1209a31015bd22730,mobilenet_v3_small,0.3769330084323883,Complexity threshold selected its preferred feasible model.
rule,7c84bae86fda676d4554,mobilenet_v3_small,0.3931851387023926,Complexity threshold selected its preferred feasible model.
rule,a2ebfa36b363d02c435f,efficientnet_b0,0.4287274479866028,Threshold preference was infeasible or unavailable; selected the highest-accuracy feasible profile.
rule,e1faca667619e6e13dea,mobilenet_v3_small,0.2551495432853699,Complexity threshold selected its preferred feasible model.
rule,1ce9829c757e18582436,mobilenet_v3_small,0.2886195480823517,Complexity threshold selected its preferred feasible model.
rule,383867303b559ef23d2d,mobilenet_v3_small,0.2955735623836517,Complexity threshold selected its preferred feasible model.
rule,1718763bdc51740a7d7a,mobilenet_v3_small,0.3714280426502228,Complexity threshold selected its preferred feasible model.
rule,2eeed640e4c9f230923b,efficientnet_b0,0.4671176075935364,Threshold preference was infeasible or unavailable; selected the highest-accuracy feasible profile.
rule,e95f8f97b7e36d6619df,mobilenet_v3_small,0.2333433926105499,Complexity threshold selected its preferred feasible model.
rule,470a9f15033b9d2fc3d8,efficientnet_b0,0.4162020087242126,Threshold preference was infeasible or unavailable; selected the highest-accuracy feasible profile.
rule,7bf919583e8a809b8724,mobilenet_v3_small,0.3809593915939331,Complexity threshold selected its preferred feasible model.
rule,71d33942636767e8ed5a,efficientnet_b0,0.4084501266479492,Threshold preference was infeasible or unavailable; selected the highest-accuracy feasible profile.
rule,dfafa0b6ed6c5146f025,efficientnet_b0,0.4572982490062713,Threshold preference was infeasible or unavailable; selected the highest-accuracy feasible profile.
rule,8a58d7d2fbec5278ad37,efficientnet_b0,0.46164071559906,Threshold preference was infeasible or unavailable; selected the highest-accuracy feasible profile.
rule,ce8529c8eee748f146d3,mobilenet_v3_small,0.357228547334671,Complexity threshold selected its preferred feasible model.
rule,9fda59f5fd0df9879327,efficientnet_b0,0.4506925046443939,Threshold preference was infeasible or unavailable; selected the highest-accuracy feasible profile.
rule,298fb3d15c1c56aa6a1b,efficientnet_b0,0.4621069431304931,Threshold preference was infeasible or unavailable; selected the highest-accuracy feasible profile.
rule,2f0b56bb43b367cf0737,mobilenet_v3_small,0.3245898187160492,Complexity threshold selected its preferred feasible model.
rule,050c33a7d7f32fd92ac6,mobilenet_v3_small,0.3160988688468933,Complexity threshold selected its preferred feasible model.
rule,aca16af98b818790e01b,efficientnet_b0,0.4111779034137726,Threshold preference was infeasible or unavailable; selected the highest-accuracy feasible profile.
rule,a829012efaba7982ccf9,efficientnet_b0,0.4299238920211792,Threshold preference was infeasible or unavailable; selected the highest-accuracy feasible profile.
rule,e164986e7efd9a941c8e,efficientnet_b0,0.4309717416763305,Threshold preference was infeasible or unavailable; selected the highest-accuracy feasible profile.
rule,441b74bb0600359a5ae1,efficientnet_b0,0.4410563707351684,Threshold preference was infeasible or unavailable; selected the highest-accuracy feasible profile.
rule,9663eccdcbe0b346d2fb,mobilenet_v3_small,0.3488146364688873,Complexity threshold selected its preferred feasible model.
rule,17d5a963eb476a043cf3,efficientnet_b0,0.4463847279548645,Threshold preference was infeasible or unavailable; selected the highest-accuracy feasible profile.
rule,a090cb4a0dea5c618439,mobilenet_v3_small,0.3529438376426697,Complexity threshold selected its preferred feasible model.
rule,8e0f259737a8cf29adcd,mobilenet_v3_small,0.3806670010089874,Complexity threshold selected its preferred feasible model.
rule,be5eaa3600e1cc67f394,mobilenet_v3_small,0.3868842422962188,Complexity threshold selected its preferred feasible model.
rule,c855206e6d49ba4dd808,efficientnet_b0,0.4460175037384033,Threshold preference was infeasible or unavailable; selected the highest-accuracy feasible profile.
rule,d4dcc887e7e10d2bf5fa,efficientnet_b0,0.4624062478542328,Threshold preference was infeasible or unavailable; selected the highest-accuracy feasible profile.
rule,42416e86d762cb8caf7a,mobilenet_v3_small,0.3911303281784057,Complexity threshold selected its preferred feasible model.
rule,4b548c57634f96cce13f,efficientnet_b0,0.4428637325763702,Threshold preference was infeasible or unavailable; selected the highest-accuracy feasible profile.
rule,2a328ad9ed0463dd8e40,mobilenet_v3_small,0.3964085876941681,Complexity threshold selected its preferred feasible model.
rule,672289c345c6b157c122,efficientnet_b0,0.4414932429790497,Threshold preference was infeasible or unavailable; selected the highest-accuracy feasible profile.
rule,0038ddc45cbe29596ba9,efficientnet_b0,0.4497123062610626,Threshold preference was infeasible or unavailable; selected the highest-accuracy feasible profile.
rule,c10444f8b888582761a4,efficientnet_b0,0.420907199382782,Threshold preference was infeasible or unavailable; selected the highest-accuracy feasible profile.
rule,b0bfa88a566c909ba480,mobilenet_v3_small,0.3276153802871704,Complexity threshold selected its preferred feasible model.
rule,b9dd47e849749a3e01ef,mobilenet_v3_small,0.3763380348682403,Complexity threshold selected its preferred feasible model.
rule,31d5325988db9f1c752b,efficientnet_b0,0.4224415719509125,Threshold preference was infeasible or unavailable; selected the highest-accuracy feasible profile.
rule,f5b6098226ef6b4d3008,efficientnet_b0,0.4437167048454284,Threshold preference was infeasible or unavailable; selected the highest-accuracy feasible profile.
rule,66ea92408bb1d45e8a80,efficientnet_b0,0.400130420923233,Threshold preference was infeasible or unavailable; selected the highest-accuracy feasible profile.
rule,ec65f302bff6f50bb8a2,mobilenet_v3_small,0.3910107910633087,Complexity threshold selected its preferred feasible model.
rule,0d1cfd3c9113ab92d8a9,efficientnet_b0,0.4730862379074096,Threshold preference was infeasible or unavailable; selected the highest-accuracy feasible profile.
rule,971fa9f2047ef0b7580b,mobilenet_v3_small,0.372204065322876,Complexity threshold selected its preferred feasible model.
rule,a5cb5dce8fea0d78d48b,mobilenet_v3_small,0.3379197418689728,Complexity threshold selected its preferred feasible model.
rule,184cfe80bff425a554eb,efficientnet_b0,0.4299874007701874,Threshold preference was infeasible or unavailable; selected the highest-accuracy feasible profile.
rule,b96089f5a0ee8958f842,mobilenet_v3_small,0.2990542650222778,Complexity threshold selected its preferred feasible model.
rule,5f27fa39b4d1da680538,mobilenet_v3_small,0.3705009222030639,Complexity threshold selected its preferred feasible model.
rule,3fcb8614fa0697512341,efficientnet_b0,0.4494682252407074,Threshold preference was infeasible or unavailable; selected the highest-accuracy feasible profile.
rule,39bb040fb53a1d176cae,efficientnet_b0,0.4279609024524688,Threshold preference was infeasible or unavailable; selected the highest-accuracy feasible profile.
rule,5722417798e696c036a9,efficientnet_b0,0.4537008702754974,Threshold preference was infeasible or unavailable; selected the highest-accuracy feasible profile.
rule,b3b7d952751637282f6b,mobilenet_v3_small,0.3212895393371582,Complexity threshold selected its preferred feasible model.
rule,759cbbc8629f7d2e495f,efficientnet_b0,0.4314498603343963,Threshold preference was infeasible or unavailable; selected the highest-accuracy feasible profile.
rule,0be2554779cb63aa7570,mobilenet_v3_small,0.3436554074287414,Complexity threshold selected its preferred feasible model.
rule,187e3af108481037ef18,mobilenet_v3_small,0.197446122765541,Complexity threshold selected its preferred feasible model.
rule,c855206e6d49ba4dd808,efficientnet_b0,0.4460175037384033,Threshold preference was infeasible or unavailable; selected the highest-accuracy feasible profile.
rule,13e3bcc97110094b8448,mobilenet_v3_small,0.3864231407642364,Complexity threshold selected its preferred feasible model.
rule,b683b233630b42dc4774,efficientnet_b0,0.4529488980770111,Threshold preference was infeasible or unavailable; selected the highest-accuracy feasible profile.
rule,45bd4d0f4d7478b0cee3,efficientnet_b0,0.4038387835025787,Threshold preference was infeasible or unavailable; selected the highest-accuracy feasible profile.
rule,b46523267235e8ce5297,mobilenet_v3_small,0.2940942645072937,Complexity threshold selected its preferred feasible model.
rule,f04e6a8cd69749d35aab,mobilenet_v3_small,0.3871074020862579,Complexity threshold selected its preferred feasible model.
rule,417536921c3e9bb251be,mobilenet_v3_small,0.3760958909988403,Complexity threshold selected its preferred feasible model.
rule,5930368dd828c298772d,efficientnet_b0,0.424345850944519,Threshold preference was infeasible or unavailable; selected the highest-accuracy feasible profile.
rule,91bd6a57b11a9ffdc7f7,mobilenet_v3_small,0.3388957381248474,Complexity threshold selected its preferred feasible model.
rule,44d0e6aade6060dd3a4c,mobilenet_v3_small,0.3537954688072204,Complexity threshold selected its preferred feasible model.
rule,2eeed640e4c9f230923b,efficientnet_b0,0.4671176075935364,Threshold preference was infeasible or unavailable; selected the highest-accuracy feasible profile.
rule,b0bfa88a566c909ba480,mobilenet_v3_small,0.3276153802871704,Complexity threshold selected its preferred feasible model.
rule,e1faca667619e6e13dea,mobilenet_v3_small,0.2551495432853699,Complexity threshold selected its preferred feasible model.
rule,ba3f10e49fa71222a167,mobilenet_v3_small,0.3884414136409759,Complexity threshold selected its preferred feasible model.
rule,66ea92408bb1d45e8a80,efficientnet_b0,0.400130420923233,Threshold preference was infeasible or unavailable; selected the highest-accuracy feasible profile.
rule,92770e44f32b0fb3805b,mobilenet_v3_small,0.3491328060626983,Complexity threshold selected its preferred feasible model.
rule,9663eccdcbe0b346d2fb,mobilenet_v3_small,0.3488146364688873,Complexity threshold selected its preferred feasible model.
rule,344dee6d7742b737b6b8,mobilenet_v3_small,0.3575295507907867,Complexity threshold selected its preferred feasible model.
rule,5f27fa39b4d1da680538,mobilenet_v3_small,0.3705009222030639,Complexity threshold selected its preferred feasible model.
rule,4b193d510c7badf1e9d7,mobilenet_v3_small,0.3303617537021637,Complexity threshold selected its preferred feasible model.
rule,7c84bae86fda676d4554,mobilenet_v3_small,0.3931851387023926,Complexity threshold selected its preferred feasible model.
rule,184cfe80bff425a554eb,efficientnet_b0,0.4299874007701874,Threshold preference was infeasible or unavailable; selected the highest-accuracy feasible profile.
rule,470a9f15033b9d2fc3d8,efficientnet_b0,0.4162020087242126,Threshold preference was infeasible or unavailable; selected the highest-accuracy feasible profile.
rule,9fda59f5fd0df9879327,efficientnet_b0,0.4506925046443939,Threshold preference was infeasible or unavailable; selected the highest-accuracy feasible profile.
rule,17d5a963eb476a043cf3,efficientnet_b0,0.4463847279548645,Threshold preference was infeasible or unavailable; selected the highest-accuracy feasible profile.
rule,b25a98271d50629a4f1d,efficientnet_b0,0.4476467370986938,Threshold preference was infeasible or unavailable; selected the highest-accuracy feasible profile.
rule,5986b7616a1228b54cf8,efficientnet_b0,0.4392241835594177,Threshold preference was infeasible or unavailable; selected the highest-accuracy feasible profile.
rule,b3b7d952751637282f6b,mobilenet_v3_small,0.3212895393371582,Complexity threshold selected its preferred feasible model.
rule,95a6d8332e65a953f807,efficientnet_b0,0.4509162604808807,Threshold preference was infeasible or unavailable; selected the highest-accuracy feasible profile.
rule,298fb3d15c1c56aa6a1b,efficientnet_b0,0.4621069431304931,Threshold preference was infeasible or unavailable; selected the highest-accuracy feasible profile.
rule,dfafa0b6ed6c5146f025,efficientnet_b0,0.4572982490062713,Threshold preference was infeasible or unavailable; selected the highest-accuracy feasible profile.
rule,822ecb098d1efd5cc425,mobilenet_v3_small,0.3987435698509216,Complexity threshold selected its preferred feasible model.
rule,3de5f3a0109d307875a8,efficientnet_b0,0.4275709092617035,Threshold preference was infeasible or unavailable; selected the highest-accuracy feasible profile.
rule,6d7204950e9ea9baf7eb,efficientnet_b0,0.4566319286823272,Threshold preference was infeasible or unavailable; selected the highest-accuracy feasible profile.
rule,a829012efaba7982ccf9,efficientnet_b0,0.4299238920211792,Threshold preference was infeasible or unavailable; selected the highest-accuracy feasible profile.
rule,a9ccf20cebb67562b233,efficientnet_b0,0.4069598615169525,Threshold preference was infeasible or unavailable; selected the highest-accuracy feasible profile.
rule,441b74bb0600359a5ae1,efficientnet_b0,0.4410563707351684,Threshold preference was infeasible or unavailable; selected the highest-accuracy feasible profile.
rule,8a58d7d2fbec5278ad37,efficientnet_b0,0.46164071559906,Threshold preference was infeasible or unavailable; selected the highest-accuracy feasible profile.
rule,0be2554779cb63aa7570,mobilenet_v3_small,0.3436554074287414,Complexity threshold selected its preferred feasible model.
rule,ce8529c8eee748f146d3,mobilenet_v3_small,0.357228547334671,Complexity threshold selected its preferred feasible model.
rule,a5cb5dce8fea0d78d48b,mobilenet_v3_small,0.3379197418689728,Complexity threshold selected its preferred feasible model.
rule,4820256bcd3e9dc760e4,efficientnet_b0,0.4488692283630371,Threshold preference was infeasible or unavailable; selected the highest-accuracy feasible profile.
rule,1ce9829c757e18582436,mobilenet_v3_small,0.2886195480823517,Complexity threshold selected its preferred feasible model.
rule,6f7809e7f2cc44bd0073,efficientnet_b0,0.406385987997055,Threshold preference was infeasible or unavailable; selected the highest-accuracy feasible profile.
rule,d4dcc887e7e10d2bf5fa,efficientnet_b0,0.4624062478542328,Threshold preference was infeasible or unavailable; selected the highest-accuracy feasible profile.
rule,be5eaa3600e1cc67f394,mobilenet_v3_small,0.3868842422962188,Complexity threshold selected its preferred feasible model.
rule,383867303b559ef23d2d,mobilenet_v3_small,0.2955735623836517,Complexity threshold selected its preferred feasible model.
rule,187e3af108481037ef18,mobilenet_v3_small,0.197446122765541,Complexity threshold selected its preferred feasible model.
rule,0038ddc45cbe29596ba9,efficientnet_b0,0.4497123062610626,Threshold preference was infeasible or unavailable; selected the highest-accuracy feasible profile.
rule,a2ebfa36b363d02c435f,efficientnet_b0,0.4287274479866028,Threshold preference was infeasible or unavailable; selected the highest-accuracy feasible profile.
rule,8e0f259737a8cf29adcd,mobilenet_v3_small,0.3806670010089874,Complexity threshold selected its preferred feasible model.
rule,672289c345c6b157c122,efficientnet_b0,0.4414932429790497,Threshold preference was infeasible or unavailable; selected the highest-accuracy feasible profile.
rule,97909eccc6227b59cdbd,mobilenet_v3_small,0.2714930176734924,Complexity threshold selected its preferred feasible model.
rule,ead41664127f392d4b3a,efficientnet_b0,0.4222639501094818,Threshold preference was infeasible or unavailable; selected the highest-accuracy feasible profile.
rule,e95f8f97b7e36d6619df,mobilenet_v3_small,0.2333433926105499,Complexity threshold selected its preferred feasible model.
rule,4b548c57634f96cce13f,efficientnet_b0,0.4428637325763702,Threshold preference was infeasible or unavailable; selected the highest-accuracy feasible profile.
rule,971fa9f2047ef0b7580b,mobilenet_v3_small,0.372204065322876,Complexity threshold selected its preferred feasible model.
rule,2620f63214c6d4d53a2e,efficientnet_b0,0.4545212984085083,Threshold preference was infeasible or unavailable; selected the highest-accuracy feasible profile.
rule,cd042851c41a91dcb39d,mobilenet_v3_small,0.3921989202499389,Complexity threshold selected its preferred feasible model.
rule,560c8d4bfd14be3e6a8a,efficientnet_b0,0.4473113119602203,Threshold preference was infeasible or unavailable; selected the highest-accuracy feasible profile.
rule,71d33942636767e8ed5a,efficientnet_b0,0.4084501266479492,Threshold preference was infeasible or unavailable; selected the highest-accuracy feasible profile.
rule,f6ff97e8bae06024f9d5,mobilenet_v3_small,0.3548454642295837,Complexity threshold selected its preferred feasible model.
rule,71e9baf5ea98ffedf5a8,mobilenet_v3_small,0.2582268714904785,Complexity threshold selected its preferred feasible model.
rule,30fb16826a0b77fbdaf0,mobilenet_v3_small,0.325042724609375,Complexity threshold selected its preferred feasible model.
rule,073d0199c1f24a40dc5b,efficientnet_b0,0.4542423486709595,Threshold preference was infeasible or unavailable; selected the highest-accuracy feasible profile.
rule,b9dd47e849749a3e01ef,mobilenet_v3_small,0.3763380348682403,Complexity threshold selected its preferred feasible model.
rule,050c33a7d7f32fd92ac6,mobilenet_v3_small,0.3160988688468933,Complexity threshold selected its preferred feasible model.
rule,5722417798e696c036a9,efficientnet_b0,0.4537008702754974,Threshold preference was infeasible or unavailable; selected the highest-accuracy feasible profile.
rule,0b8b19a751055a1ec8a0,efficientnet_b0,0.4259228408336639,Threshold preference was infeasible or unavailable; selected the highest-accuracy feasible profile.
rule,9b619751b75c8a6ad1a0,efficientnet_b0,0.4451096653938293,Threshold preference was infeasible or unavailable; selected the highest-accuracy feasible profile.
rule,31d5325988db9f1c752b,efficientnet_b0,0.4224415719509125,Threshold preference was infeasible or unavailable; selected the highest-accuracy feasible profile.
rule,b96089f5a0ee8958f842,mobilenet_v3_small,0.2990542650222778,Complexity threshold selected its preferred feasible model.
rule,3fcb8614fa0697512341,efficientnet_b0,0.4494682252407074,Threshold preference was infeasible or unavailable; selected the highest-accuracy feasible profile.
rule,f164d1a7b2bfad695ace,efficientnet_b0,0.4051744937896728,Threshold preference was infeasible or unavailable; selected the highest-accuracy feasible profile.
rule,f53fbb95080335df2c2d,efficientnet_b0,0.4401855766773224,Threshold preference was infeasible or unavailable; selected the highest-accuracy feasible profile.
rule,68ae5f6b4dfe6c710ddc,mobilenet_v3_small,0.3612437844276428,Complexity threshold selected its preferred feasible model.
rule,2a328ad9ed0463dd8e40,mobilenet_v3_small,0.3964085876941681,Complexity threshold selected its preferred feasible model.
rule,e164986e7efd9a941c8e,efficientnet_b0,0.4309717416763305,Threshold preference was infeasible or unavailable; selected the highest-accuracy feasible profile.
rule,edec038dc21e45a32a00,mobilenet_v3_small,0.3631918728351593,Complexity threshold selected its preferred feasible model.
rule,c502624fc7bb3bb7c430,mobilenet_v3_small,0.3863670527935028,Complexity threshold selected its preferred feasible model.
rule,cabe8ff46702c50e9274,efficientnet_b0,0.431299090385437,Threshold preference was infeasible or unavailable; selected the highest-accuracy feasible profile.
rule,759cbbc8629f7d2e495f,efficientnet_b0,0.4314498603343963,Threshold preference was infeasible or unavailable; selected the highest-accuracy feasible profile.
rule,aca16af98b818790e01b,efficientnet_b0,0.4111779034137726,Threshold preference was infeasible or unavailable; selected the highest-accuracy feasible profile.
rule,0d1cfd3c9113ab92d8a9,efficientnet_b0,0.4730862379074096,Threshold preference was infeasible or unavailable; selected the highest-accuracy feasible profile.
rule,39bb040fb53a1d176cae,efficientnet_b0,0.4279609024524688,Threshold preference was infeasible or unavailable; selected the highest-accuracy feasible profile.
rule,a0917b15d44486760f0e,efficientnet_b0,0.4536961615085602,Threshold preference was infeasible or unavailable; selected the highest-accuracy feasible profile.
rule,ddb3b09917f249dbe143,efficientnet_b0,0.454125165939331,Threshold preference was infeasible or unavailable; selected the highest-accuracy feasible profile.
rule,1fe86a7b0db415dc071c,efficientnet_b0,0.4504099488258362,Threshold preference was infeasible or unavailable; selected the highest-accuracy feasible profile.
rule,f5b6098226ef6b4d3008,efficientnet_b0,0.4437167048454284,Threshold preference was infeasible or unavailable; selected the highest-accuracy feasible profile.
rule,e969791171f72413723a,mobilenet_v3_small,0.2589328289031982,Complexity threshold selected its preferred feasible model.
rule,2f0b56bb43b367cf0737,mobilenet_v3_small,0.3245898187160492,Complexity threshold selected its preferred feasible model.
rule,42416e86d762cb8caf7a,mobilenet_v3_small,0.3911303281784057,Complexity threshold selected its preferred feasible model.
rule,7bf919583e8a809b8724,mobilenet_v3_small,0.3809593915939331,Complexity threshold selected its preferred feasible model.
rule,1718763bdc51740a7d7a,mobilenet_v3_small,0.3714280426502228,Complexity threshold selected its preferred feasible model.
rule,c10444f8b888582761a4,efficientnet_b0,0.420907199382782,Threshold preference was infeasible or unavailable; selected the highest-accuracy feasible profile.
rule,90e1209a31015bd22730,mobilenet_v3_small,0.3769330084323883,Complexity threshold selected its preferred feasible model.
rule,fa8dca38dfc9570aba66,mobilenet_v3_small,0.3981295228004455,Complexity threshold selected its preferred feasible model.
rule,ec65f302bff6f50bb8a2,mobilenet_v3_small,0.3910107910633087,Complexity threshold selected its preferred feasible model.
rule,119e22c1bc53d94525dc,efficientnet_b0,0.4408412575721741,Threshold preference was infeasible or unavailable; selected the highest-accuracy feasible profile.
rule,a090cb4a0dea5c618439,mobilenet_v3_small,0.3529438376426697,Complexity threshold selected its preferred feasible model.
rule,4b548c57634f96cce13f,efficientnet_b0,0.4428637325763702,Threshold preference was infeasible or unavailable; selected the highest-accuracy feasible profile.
rule,9fda59f5fd0df9879327,efficientnet_b0,0.4506925046443939,Threshold preference was infeasible or unavailable; selected the highest-accuracy feasible profile.
rule,a0917b15d44486760f0e,efficientnet_b0,0.4536961615085602,Threshold preference was infeasible or unavailable; selected the highest-accuracy feasible profile.
rule,edec038dc21e45a32a00,mobilenet_v3_small,0.3631918728351593,Complexity threshold selected its preferred feasible model.
rule,b9dd47e849749a3e01ef,mobilenet_v3_small,0.3763380348682403,Complexity threshold selected its preferred feasible model.
rule,13e3bcc97110094b8448,mobilenet_v3_small,0.3864231407642364,Complexity threshold selected its preferred feasible model.
rule,417536921c3e9bb251be,mobilenet_v3_small,0.3760958909988403,Complexity threshold selected its preferred feasible model.
rule,2a328ad9ed0463dd8e40,mobilenet_v3_small,0.3964085876941681,Complexity threshold selected its preferred feasible model.
rule,0d1cfd3c9113ab92d8a9,efficientnet_b0,0.4730862379074096,Threshold preference was infeasible or unavailable; selected the highest-accuracy feasible profile.
rule,560c8d4bfd14be3e6a8a,efficientnet_b0,0.4473113119602203,Threshold preference was infeasible or unavailable; selected the highest-accuracy feasible profile.
rule,1fe86a7b0db415dc071c,efficientnet_b0,0.4504099488258362,Threshold preference was infeasible or unavailable; selected the highest-accuracy feasible profile.
rule,17d5a963eb476a043cf3,efficientnet_b0,0.4463847279548645,Threshold preference was infeasible or unavailable; selected the highest-accuracy feasible profile.
rule,31d5325988db9f1c752b,efficientnet_b0,0.4224415719509125,Threshold preference was infeasible or unavailable; selected the highest-accuracy feasible profile.
rule,45bd4d0f4d7478b0cee3,efficientnet_b0,0.4038387835025787,Threshold preference was infeasible or unavailable; selected the highest-accuracy feasible profile.
rule,4820256bcd3e9dc760e4,efficientnet_b0,0.4488692283630371,Threshold preference was infeasible or unavailable; selected the highest-accuracy feasible profile.
rule,383867303b559ef23d2d,mobilenet_v3_small,0.2955735623836517,Complexity threshold selected its preferred feasible model.
rule,0be2554779cb63aa7570,mobilenet_v3_small,0.3436554074287414,Complexity threshold selected its preferred feasible model.
rule,6d7204950e9ea9baf7eb,efficientnet_b0,0.4566319286823272,Threshold preference was infeasible or unavailable; selected the highest-accuracy feasible profile.
rule,672289c345c6b157c122,efficientnet_b0,0.4414932429790497,Threshold preference was infeasible or unavailable; selected the highest-accuracy feasible profile.
rule,cabe8ff46702c50e9274,efficientnet_b0,0.431299090385437,Threshold preference was infeasible or unavailable; selected the highest-accuracy feasible profile.
rule,3de5f3a0109d307875a8,efficientnet_b0,0.4275709092617035,Threshold preference was infeasible or unavailable; selected the highest-accuracy feasible profile.
rule,b3b7d952751637282f6b,mobilenet_v3_small,0.3212895393371582,Complexity threshold selected its preferred feasible model.
rule,ddb3b09917f249dbe143,efficientnet_b0,0.454125165939331,Threshold preference was infeasible or unavailable; selected the highest-accuracy feasible profile.
rule,e969791171f72413723a,mobilenet_v3_small,0.2589328289031982,Complexity threshold selected its preferred feasible model.
rule,298fb3d15c1c56aa6a1b,efficientnet_b0,0.4621069431304931,Threshold preference was infeasible or unavailable; selected the highest-accuracy feasible profile.
rule,68ae5f6b4dfe6c710ddc,mobilenet_v3_small,0.3612437844276428,Complexity threshold selected its preferred feasible model.
rule,f53fbb95080335df2c2d,efficientnet_b0,0.4401855766773224,Threshold preference was infeasible or unavailable; selected the highest-accuracy feasible profile.
rule,a5cb5dce8fea0d78d48b,mobilenet_v3_small,0.3379197418689728,Complexity threshold selected its preferred feasible model.
rule,ec65f302bff6f50bb8a2,mobilenet_v3_small,0.3910107910633087,Complexity threshold selected its preferred feasible model.
rule,a9ccf20cebb67562b233,efficientnet_b0,0.4069598615169525,Threshold preference was infeasible or unavailable; selected the highest-accuracy feasible profile.
rule,b25a98271d50629a4f1d,efficientnet_b0,0.4476467370986938,Threshold preference was infeasible or unavailable; selected the highest-accuracy feasible profile.
rule,3fcb8614fa0697512341,efficientnet_b0,0.4494682252407074,Threshold preference was infeasible or unavailable; selected the highest-accuracy feasible profile.
rule,4b193d510c7badf1e9d7,mobilenet_v3_small,0.3303617537021637,Complexity threshold selected its preferred feasible model.
rule,b683b233630b42dc4774,efficientnet_b0,0.4529488980770111,Threshold preference was infeasible or unavailable; selected the highest-accuracy feasible profile.
rule,c855206e6d49ba4dd808,efficientnet_b0,0.4460175037384033,Threshold preference was infeasible or unavailable; selected the highest-accuracy feasible profile.
rule,050c33a7d7f32fd92ac6,mobilenet_v3_small,0.3160988688468933,Complexity threshold selected its preferred feasible model.
rule,f6ff97e8bae06024f9d5,mobilenet_v3_small,0.3548454642295837,Complexity threshold selected its preferred feasible model.
rule,6f7809e7f2cc44bd0073,efficientnet_b0,0.406385987997055,Threshold preference was infeasible or unavailable; selected the highest-accuracy feasible profile.
rule,b0bfa88a566c909ba480,mobilenet_v3_small,0.3276153802871704,Complexity threshold selected its preferred feasible model.
rule,b96089f5a0ee8958f842,mobilenet_v3_small,0.2990542650222778,Complexity threshold selected its preferred feasible model.
rule,1ce9829c757e18582436,mobilenet_v3_small,0.2886195480823517,Complexity threshold selected its preferred feasible model.
rule,2eeed640e4c9f230923b,efficientnet_b0,0.4671176075935364,Threshold preference was infeasible or unavailable; selected the highest-accuracy feasible profile.
rule,a2ebfa36b363d02c435f,efficientnet_b0,0.4287274479866028,Threshold preference was infeasible or unavailable; selected the highest-accuracy feasible profile.
rule,073d0199c1f24a40dc5b,efficientnet_b0,0.4542423486709595,Threshold preference was infeasible or unavailable; selected the highest-accuracy feasible profile.
rule,c10444f8b888582761a4,efficientnet_b0,0.420907199382782,Threshold preference was infeasible or unavailable; selected the highest-accuracy feasible profile.
rule,cd042851c41a91dcb39d,mobilenet_v3_small,0.3921989202499389,Complexity threshold selected its preferred feasible model.
rule,e95f8f97b7e36d6619df,mobilenet_v3_small,0.2333433926105499,Complexity threshold selected its preferred feasible model.
rule,be5eaa3600e1cc67f394,mobilenet_v3_small,0.3868842422962188,Complexity threshold selected its preferred feasible model.
rule,95a6d8332e65a953f807,efficientnet_b0,0.4509162604808807,Threshold preference was infeasible or unavailable; selected the highest-accuracy feasible profile.
rule,9663eccdcbe0b346d2fb,mobilenet_v3_small,0.3488146364688873,Complexity threshold selected its preferred feasible model.
rule,5986b7616a1228b54cf8,efficientnet_b0,0.4392241835594177,Threshold preference was infeasible or unavailable; selected the highest-accuracy feasible profile.
rule,c502624fc7bb3bb7c430,mobilenet_v3_small,0.3863670527935028,Complexity threshold selected its preferred feasible model.
rule,2f0b56bb43b367cf0737,mobilenet_v3_small,0.3245898187160492,Complexity threshold selected its preferred feasible model.
rule,b46523267235e8ce5297,mobilenet_v3_small,0.2940942645072937,Complexity threshold selected its preferred feasible model.
rule,ce8529c8eee748f146d3,mobilenet_v3_small,0.357228547334671,Complexity threshold selected its preferred feasible model.
rule,44d0e6aade6060dd3a4c,mobilenet_v3_small,0.3537954688072204,Complexity threshold selected its preferred feasible model.
rule,dfafa0b6ed6c5146f025,efficientnet_b0,0.4572982490062713,Threshold preference was infeasible or unavailable; selected the highest-accuracy feasible profile.
rule,ba3f10e49fa71222a167,mobilenet_v3_small,0.3884414136409759,Complexity threshold selected its preferred feasible model.
rule,30fb16826a0b77fbdaf0,mobilenet_v3_small,0.325042724609375,Complexity threshold selected its preferred feasible model.
rule,5930368dd828c298772d,efficientnet_b0,0.424345850944519,Threshold preference was infeasible or unavailable; selected the highest-accuracy feasible profile.
rule,91bd6a57b11a9ffdc7f7,mobilenet_v3_small,0.3388957381248474,Complexity threshold selected its preferred feasible model.
rule,e1faca667619e6e13dea,mobilenet_v3_small,0.2551495432853699,Complexity threshold selected its preferred feasible model.
rule,9b619751b75c8a6ad1a0,efficientnet_b0,0.4451096653938293,Threshold preference was infeasible or unavailable; selected the highest-accuracy feasible profile.
rule,971fa9f2047ef0b7580b,mobilenet_v3_small,0.372204065322876,Complexity threshold selected its preferred feasible model.
rule,8e0f259737a8cf29adcd,mobilenet_v3_small,0.3806670010089874,Complexity threshold selected its preferred feasible model.
rule,0b8b19a751055a1ec8a0,efficientnet_b0,0.4259228408336639,Threshold preference was infeasible or unavailable; selected the highest-accuracy feasible profile.
rule,7bf919583e8a809b8724,mobilenet_v3_small,0.3809593915939331,Complexity threshold selected its preferred feasible model.
rule,7c84bae86fda676d4554,mobilenet_v3_small,0.3931851387023926,Complexity threshold selected its preferred feasible model.
rule,fa8dca38dfc9570aba66,mobilenet_v3_small,0.3981295228004455,Complexity threshold selected its preferred feasible model.
rule,759cbbc8629f7d2e495f,efficientnet_b0,0.4314498603343963,Threshold preference was infeasible or unavailable; selected the highest-accuracy feasible profile.
rule,2620f63214c6d4d53a2e,efficientnet_b0,0.4545212984085083,Threshold preference was infeasible or unavailable; selected the highest-accuracy feasible profile.
rule,71e9baf5ea98ffedf5a8,mobilenet_v3_small,0.2582268714904785,Complexity threshold selected its preferred feasible model.
rule,a829012efaba7982ccf9,efficientnet_b0,0.4299238920211792,Threshold preference was infeasible or unavailable; selected the highest-accuracy feasible profile.
rule,f164d1a7b2bfad695ace,efficientnet_b0,0.4051744937896728,Threshold preference was infeasible or unavailable; selected the highest-accuracy feasible profile.
rule,97909eccc6227b59cdbd,mobilenet_v3_small,0.2714930176734924,Complexity threshold selected its preferred feasible model.
rule,822ecb098d1efd5cc425,mobilenet_v3_small,0.3987435698509216,Complexity threshold selected its preferred feasible model.
rule,344dee6d7742b737b6b8,mobilenet_v3_small,0.3575295507907867,Complexity threshold selected its preferred feasible model.
rule,a090cb4a0dea5c618439,mobilenet_v3_small,0.3529438376426697,Complexity threshold selected its preferred feasible model.
rule,0038ddc45cbe29596ba9,efficientnet_b0,0.4497123062610626,Threshold preference was infeasible or unavailable; selected the highest-accuracy feasible profile.
rule,92770e44f32b0fb3805b,mobilenet_v3_small,0.3491328060626983,Complexity threshold selected its preferred feasible model.
rule,e164986e7efd9a941c8e,efficientnet_b0,0.4309717416763305,Threshold preference was infeasible or unavailable; selected the highest-accuracy feasible profile.
rule,66ea92408bb1d45e8a80,efficientnet_b0,0.400130420923233,Threshold preference was infeasible or unavailable; selected the highest-accuracy feasible profile.
rule,5f27fa39b4d1da680538,mobilenet_v3_small,0.3705009222030639,Complexity threshold selected its preferred feasible model.
rule,39bb040fb53a1d176cae,efficientnet_b0,0.4279609024524688,Threshold preference was infeasible or unavailable; selected the highest-accuracy feasible profile.
rule,5722417798e696c036a9,efficientnet_b0,0.4537008702754974,Threshold preference was infeasible or unavailable; selected the highest-accuracy feasible profile.
rule,470a9f15033b9d2fc3d8,efficientnet_b0,0.4162020087242126,Threshold preference was infeasible or unavailable; selected the highest-accuracy feasible profile.
rule,8a58d7d2fbec5278ad37,efficientnet_b0,0.46164071559906,Threshold preference was infeasible or unavailable; selected the highest-accuracy feasible profile.
rule,d4dcc887e7e10d2bf5fa,efficientnet_b0,0.4624062478542328,Threshold preference was infeasible or unavailable; selected the highest-accuracy feasible profile.
rule,187e3af108481037ef18,mobilenet_v3_small,0.197446122765541,Complexity threshold selected its preferred feasible model.
rule,441b74bb0600359a5ae1,efficientnet_b0,0.4410563707351684,Threshold preference was infeasible or unavailable; selected the highest-accuracy feasible profile.
rule,119e22c1bc53d94525dc,efficientnet_b0,0.4408412575721741,Threshold preference was infeasible or unavailable; selected the highest-accuracy feasible profile.
rule,184cfe80bff425a554eb,efficientnet_b0,0.4299874007701874,Threshold preference was infeasible or unavailable; selected the highest-accuracy feasible profile.
rule,f5b6098226ef6b4d3008,efficientnet_b0,0.4437167048454284,Threshold preference was infeasible or unavailable; selected the highest-accuracy feasible profile.
rule,1718763bdc51740a7d7a,mobilenet_v3_small,0.3714280426502228,Complexity threshold selected its preferred feasible model.
rule,42416e86d762cb8caf7a,mobilenet_v3_small,0.3911303281784057,Complexity threshold selected its preferred feasible model.
rule,f04e6a8cd69749d35aab,mobilenet_v3_small,0.3871074020862579,Complexity threshold selected its preferred feasible model.
rule,ead41664127f392d4b3a,efficientnet_b0,0.4222639501094818,Threshold preference was infeasible or unavailable; selected the highest-accuracy feasible profile.
rule,90e1209a31015bd22730,mobilenet_v3_small,0.3769330084323883,Complexity threshold selected its preferred feasible model.
rule,71d33942636767e8ed5a,efficientnet_b0,0.4084501266479492,Threshold preference was infeasible or unavailable; selected the highest-accuracy feasible profile.
rule,aca16af98b818790e01b,efficientnet_b0,0.4111779034137726,Threshold preference was infeasible or unavailable; selected the highest-accuracy feasible profile.
learned,e969791171f72413723a,mobilenet_v3_small,0.2589328289031982,Learned utility selected the highest-scoring feasible model.
learned,f164d1a7b2bfad695ace,mobilenet_v3_small,0.4051744937896728,Learned utility selected the highest-scoring feasible model.
learned,44d0e6aade6060dd3a4c,mobilenet_v3_small,0.3537954688072204,Learned utility selected the highest-scoring feasible model.
learned,b25a98271d50629a4f1d,mobilenet_v3_small,0.4476467370986938,Learned utility selected the highest-scoring feasible model.
learned,4820256bcd3e9dc760e4,mobilenet_v3_small,0.4488692283630371,Learned utility selected the highest-scoring feasible model.
learned,b683b233630b42dc4774,mobilenet_v3_small,0.4529488980770111,Learned utility selected the highest-scoring feasible model.
learned,4b193d510c7badf1e9d7,mobilenet_v3_small,0.3303617537021637,Learned utility selected the highest-scoring feasible model.
learned,ead41664127f392d4b3a,mobilenet_v3_small,0.4222639501094818,Learned utility selected the highest-scoring feasible model.
learned,a9ccf20cebb67562b233,mobilenet_v3_small,0.4069598615169525,Learned utility selected the highest-scoring feasible model.
learned,3de5f3a0109d307875a8,mobilenet_v3_small,0.4275709092617035,Learned utility selected the highest-scoring feasible model.
learned,cd042851c41a91dcb39d,mobilenet_v3_small,0.3921989202499389,Learned utility selected the highest-scoring feasible model.
learned,5986b7616a1228b54cf8,mobilenet_v3_small,0.4392241835594177,Learned utility selected the highest-scoring feasible model.
learned,ba3f10e49fa71222a167,mobilenet_v3_small,0.3884414136409759,Learned utility selected the highest-scoring feasible model.
learned,0b8b19a751055a1ec8a0,mobilenet_v3_small,0.4259228408336639,Learned utility selected the highest-scoring feasible model.
learned,30fb16826a0b77fbdaf0,mobilenet_v3_small,0.325042724609375,Learned utility selected the highest-scoring feasible model.
learned,ddb3b09917f249dbe143,mobilenet_v3_small,0.454125165939331,Learned utility selected the highest-scoring feasible model.
learned,6d7204950e9ea9baf7eb,mobilenet_v3_small,0.4566319286823272,Learned utility selected the highest-scoring feasible model.
learned,a0917b15d44486760f0e,mobilenet_v3_small,0.4536961615085602,Learned utility selected the highest-scoring feasible model.
learned,f6ff97e8bae06024f9d5,mobilenet_v3_small,0.3548454642295837,Learned utility selected the highest-scoring feasible model.
learned,92770e44f32b0fb3805b,mobilenet_v3_small,0.3491328060626983,Learned utility selected the highest-scoring feasible model.
learned,2620f63214c6d4d53a2e,mobilenet_v3_small,0.4545212984085083,Learned utility selected the highest-scoring feasible model.
learned,344dee6d7742b737b6b8,mobilenet_v3_small,0.3575295507907867,Learned utility selected the highest-scoring feasible model.
learned,9b619751b75c8a6ad1a0,mobilenet_v3_small,0.4451096653938293,Learned utility selected the highest-scoring feasible model.
learned,c502624fc7bb3bb7c430,mobilenet_v3_small,0.3863670527935028,Learned utility selected the highest-scoring feasible model.
learned,f04e6a8cd69749d35aab,mobilenet_v3_small,0.3871074020862579,Learned utility selected the highest-scoring feasible model.
learned,95a6d8332e65a953f807,mobilenet_v3_small,0.4509162604808807,Learned utility selected the highest-scoring feasible model.
learned,417536921c3e9bb251be,mobilenet_v3_small,0.3760958909988403,Learned utility selected the highest-scoring feasible model.
learned,13e3bcc97110094b8448,mobilenet_v3_small,0.3864231407642364,Learned utility selected the highest-scoring feasible model.
learned,fa8dca38dfc9570aba66,mobilenet_v3_small,0.3981295228004455,Learned utility selected the highest-scoring feasible model.
learned,119e22c1bc53d94525dc,mobilenet_v3_small,0.4408412575721741,Learned utility selected the highest-scoring feasible model.
learned,b46523267235e8ce5297,mobilenet_v3_small,0.2940942645072937,Learned utility selected the highest-scoring feasible model.
learned,f53fbb95080335df2c2d,mobilenet_v3_small,0.4401855766773224,Learned utility selected the highest-scoring feasible model.
learned,560c8d4bfd14be3e6a8a,mobilenet_v3_small,0.4473113119602203,Learned utility selected the highest-scoring feasible model.
learned,45bd4d0f4d7478b0cee3,mobilenet_v3_small,0.4038387835025787,Learned utility selected the highest-scoring feasible model.
learned,68ae5f6b4dfe6c710ddc,mobilenet_v3_small,0.3612437844276428,Learned utility selected the highest-scoring feasible model.
learned,6f7809e7f2cc44bd0073,mobilenet_v3_small,0.406385987997055,Learned utility selected the highest-scoring feasible model.
learned,822ecb098d1efd5cc425,mobilenet_v3_small,0.3987435698509216,Learned utility selected the highest-scoring feasible model.
learned,5930368dd828c298772d,mobilenet_v3_small,0.424345850944519,Learned utility selected the highest-scoring feasible model.
learned,71e9baf5ea98ffedf5a8,mobilenet_v3_small,0.2582268714904785,Learned utility selected the highest-scoring feasible model.
learned,cabe8ff46702c50e9274,mobilenet_v3_small,0.431299090385437,Learned utility selected the highest-scoring feasible model.
learned,edec038dc21e45a32a00,mobilenet_v3_small,0.3631918728351593,Learned utility selected the highest-scoring feasible model.
learned,91bd6a57b11a9ffdc7f7,mobilenet_v3_small,0.3388957381248474,Learned utility selected the highest-scoring feasible model.
learned,97909eccc6227b59cdbd,mobilenet_v3_small,0.2714930176734924,Learned utility selected the highest-scoring feasible model.
learned,1fe86a7b0db415dc071c,mobilenet_v3_small,0.4504099488258362,Learned utility selected the highest-scoring feasible model.
learned,073d0199c1f24a40dc5b,mobilenet_v3_small,0.4542423486709595,Learned utility selected the highest-scoring feasible model.
learned,90e1209a31015bd22730,mobilenet_v3_small,0.3769330084323883,Learned utility selected the highest-scoring feasible model.
learned,7c84bae86fda676d4554,mobilenet_v3_small,0.3931851387023926,Learned utility selected the highest-scoring feasible model.
learned,a2ebfa36b363d02c435f,mobilenet_v3_small,0.4287274479866028,Learned utility selected the highest-scoring feasible model.
learned,e1faca667619e6e13dea,mobilenet_v3_small,0.2551495432853699,Learned utility selected the highest-scoring feasible model.
learned,1ce9829c757e18582436,mobilenet_v3_small,0.2886195480823517,Learned utility selected the highest-scoring feasible model.
learned,383867303b559ef23d2d,mobilenet_v3_small,0.2955735623836517,Learned utility selected the highest-scoring feasible model.
learned,1718763bdc51740a7d7a,mobilenet_v3_small,0.3714280426502228,Learned utility selected the highest-scoring feasible model.
learned,2eeed640e4c9f230923b,mobilenet_v3_small,0.4671176075935364,Learned utility selected the highest-scoring feasible model.
learned,e95f8f97b7e36d6619df,mobilenet_v3_small,0.2333433926105499,Learned utility selected the highest-scoring feasible model.
learned,470a9f15033b9d2fc3d8,mobilenet_v3_small,0.4162020087242126,Learned utility selected the highest-scoring feasible model.
learned,7bf919583e8a809b8724,mobilenet_v3_small,0.3809593915939331,Learned utility selected the highest-scoring feasible model.
learned,71d33942636767e8ed5a,mobilenet_v3_small,0.4084501266479492,Learned utility selected the highest-scoring feasible model.
learned,dfafa0b6ed6c5146f025,mobilenet_v3_small,0.4572982490062713,Learned utility selected the highest-scoring feasible model.
learned,8a58d7d2fbec5278ad37,mobilenet_v3_small,0.46164071559906,Learned utility selected the highest-scoring feasible model.
learned,ce8529c8eee748f146d3,mobilenet_v3_small,0.357228547334671,Learned utility selected the highest-scoring feasible model.
learned,9fda59f5fd0df9879327,mobilenet_v3_small,0.4506925046443939,Learned utility selected the highest-scoring feasible model.
learned,298fb3d15c1c56aa6a1b,mobilenet_v3_small,0.4621069431304931,Learned utility selected the highest-scoring feasible model.
learned,2f0b56bb43b367cf0737,mobilenet_v3_small,0.3245898187160492,Learned utility selected the highest-scoring feasible model.
learned,050c33a7d7f32fd92ac6,mobilenet_v3_small,0.3160988688468933,Learned utility selected the highest-scoring feasible model.
learned,aca16af98b818790e01b,mobilenet_v3_small,0.4111779034137726,Learned utility selected the highest-scoring feasible model.
learned,a829012efaba7982ccf9,mobilenet_v3_small,0.4299238920211792,Learned utility selected the highest-scoring feasible model.
learned,e164986e7efd9a941c8e,mobilenet_v3_small,0.4309717416763305,Learned utility selected the highest-scoring feasible model.
learned,441b74bb0600359a5ae1,mobilenet_v3_small,0.4410563707351684,Learned utility selected the highest-scoring feasible model.
learned,9663eccdcbe0b346d2fb,mobilenet_v3_small,0.3488146364688873,Learned utility selected the highest-scoring feasible model.
learned,17d5a963eb476a043cf3,mobilenet_v3_small,0.4463847279548645,Learned utility selected the highest-scoring feasible model.
learned,a090cb4a0dea5c618439,mobilenet_v3_small,0.3529438376426697,Learned utility selected the highest-scoring feasible model.
learned,8e0f259737a8cf29adcd,mobilenet_v3_small,0.3806670010089874,Learned utility selected the highest-scoring feasible model.
learned,be5eaa3600e1cc67f394,mobilenet_v3_small,0.3868842422962188,Learned utility selected the highest-scoring feasible model.
learned,c855206e6d49ba4dd808,mobilenet_v3_small,0.4460175037384033,Learned utility selected the highest-scoring feasible model.
learned,d4dcc887e7e10d2bf5fa,mobilenet_v3_small,0.4624062478542328,Learned utility selected the highest-scoring feasible model.
learned,42416e86d762cb8caf7a,mobilenet_v3_small,0.3911303281784057,Learned utility selected the highest-scoring feasible model.
learned,4b548c57634f96cce13f,mobilenet_v3_small,0.4428637325763702,Learned utility selected the highest-scoring feasible model.
learned,2a328ad9ed0463dd8e40,mobilenet_v3_small,0.3964085876941681,Learned utility selected the highest-scoring feasible model.
learned,672289c345c6b157c122,mobilenet_v3_small,0.4414932429790497,Learned utility selected the highest-scoring feasible model.
learned,0038ddc45cbe29596ba9,mobilenet_v3_small,0.4497123062610626,Learned utility selected the highest-scoring feasible model.
learned,c10444f8b888582761a4,mobilenet_v3_small,0.420907199382782,Learned utility selected the highest-scoring feasible model.
learned,b0bfa88a566c909ba480,mobilenet_v3_small,0.3276153802871704,Learned utility selected the highest-scoring feasible model.
learned,b9dd47e849749a3e01ef,mobilenet_v3_small,0.3763380348682403,Learned utility selected the highest-scoring feasible model.
learned,31d5325988db9f1c752b,mobilenet_v3_small,0.4224415719509125,Learned utility selected the highest-scoring feasible model.
learned,f5b6098226ef6b4d3008,mobilenet_v3_small,0.4437167048454284,Learned utility selected the highest-scoring feasible model.
learned,66ea92408bb1d45e8a80,mobilenet_v3_small,0.400130420923233,Learned utility selected the highest-scoring feasible model.
learned,ec65f302bff6f50bb8a2,mobilenet_v3_small,0.3910107910633087,Learned utility selected the highest-scoring feasible model.
learned,0d1cfd3c9113ab92d8a9,mobilenet_v3_small,0.4730862379074096,Learned utility selected the highest-scoring feasible model.
learned,971fa9f2047ef0b7580b,mobilenet_v3_small,0.372204065322876,Learned utility selected the highest-scoring feasible model.
learned,a5cb5dce8fea0d78d48b,mobilenet_v3_small,0.3379197418689728,Learned utility selected the highest-scoring feasible model.
learned,184cfe80bff425a554eb,mobilenet_v3_small,0.4299874007701874,Learned utility selected the highest-scoring feasible model.
learned,b96089f5a0ee8958f842,mobilenet_v3_small,0.2990542650222778,Learned utility selected the highest-scoring feasible model.
learned,5f27fa39b4d1da680538,mobilenet_v3_small,0.3705009222030639,Learned utility selected the highest-scoring feasible model.
learned,3fcb8614fa0697512341,mobilenet_v3_small,0.4494682252407074,Learned utility selected the highest-scoring feasible model.
learned,39bb040fb53a1d176cae,mobilenet_v3_small,0.4279609024524688,Learned utility selected the highest-scoring feasible model.
learned,5722417798e696c036a9,mobilenet_v3_small,0.4537008702754974,Learned utility selected the highest-scoring feasible model.
learned,b3b7d952751637282f6b,mobilenet_v3_small,0.3212895393371582,Learned utility selected the highest-scoring feasible model.
learned,759cbbc8629f7d2e495f,mobilenet_v3_small,0.4314498603343963,Learned utility selected the highest-scoring feasible model.
learned,0be2554779cb63aa7570,mobilenet_v3_small,0.3436554074287414,Learned utility selected the highest-scoring feasible model.
learned,187e3af108481037ef18,mobilenet_v3_small,0.197446122765541,Learned utility selected the highest-scoring feasible model.
learned,c855206e6d49ba4dd808,mobilenet_v3_small,0.4460175037384033,Learned utility selected the highest-scoring feasible model.
learned,13e3bcc97110094b8448,mobilenet_v3_small,0.3864231407642364,Learned utility selected the highest-scoring feasible model.
learned,b683b233630b42dc4774,mobilenet_v3_small,0.4529488980770111,Learned utility selected the highest-scoring feasible model.
learned,45bd4d0f4d7478b0cee3,mobilenet_v3_small,0.4038387835025787,Learned utility selected the highest-scoring feasible model.
learned,b46523267235e8ce5297,mobilenet_v3_small,0.2940942645072937,Learned utility selected the highest-scoring feasible model.
learned,f04e6a8cd69749d35aab,mobilenet_v3_small,0.3871074020862579,Learned utility selected the highest-scoring feasible model.
learned,417536921c3e9bb251be,mobilenet_v3_small,0.3760958909988403,Learned utility selected the highest-scoring feasible model.
learned,5930368dd828c298772d,mobilenet_v3_small,0.424345850944519,Learned utility selected the highest-scoring feasible model.
learned,91bd6a57b11a9ffdc7f7,mobilenet_v3_small,0.3388957381248474,Learned utility selected the highest-scoring feasible model.
learned,44d0e6aade6060dd3a4c,mobilenet_v3_small,0.3537954688072204,Learned utility selected the highest-scoring feasible model.
learned,2eeed640e4c9f230923b,mobilenet_v3_small,0.4671176075935364,Learned utility selected the highest-scoring feasible model.
learned,b0bfa88a566c909ba480,mobilenet_v3_small,0.3276153802871704,Learned utility selected the highest-scoring feasible model.
learned,e1faca667619e6e13dea,mobilenet_v3_small,0.2551495432853699,Learned utility selected the highest-scoring feasible model.
learned,ba3f10e49fa71222a167,mobilenet_v3_small,0.3884414136409759,Learned utility selected the highest-scoring feasible model.
learned,66ea92408bb1d45e8a80,mobilenet_v3_small,0.400130420923233,Learned utility selected the highest-scoring feasible model.
learned,92770e44f32b0fb3805b,mobilenet_v3_small,0.3491328060626983,Learned utility selected the highest-scoring feasible model.
learned,9663eccdcbe0b346d2fb,mobilenet_v3_small,0.3488146364688873,Learned utility selected the highest-scoring feasible model.
learned,344dee6d7742b737b6b8,mobilenet_v3_small,0.3575295507907867,Learned utility selected the highest-scoring feasible model.
learned,5f27fa39b4d1da680538,mobilenet_v3_small,0.3705009222030639,Learned utility selected the highest-scoring feasible model.
learned,4b193d510c7badf1e9d7,mobilenet_v3_small,0.3303617537021637,Learned utility selected the highest-scoring feasible model.
learned,7c84bae86fda676d4554,mobilenet_v3_small,0.3931851387023926,Learned utility selected the highest-scoring feasible model.
learned,184cfe80bff425a554eb,mobilenet_v3_small,0.4299874007701874,Learned utility selected the highest-scoring feasible model.
learned,470a9f15033b9d2fc3d8,mobilenet_v3_small,0.4162020087242126,Learned utility selected the highest-scoring feasible model.
learned,9fda59f5fd0df9879327,mobilenet_v3_small,0.4506925046443939,Learned utility selected the highest-scoring feasible model.
learned,17d5a963eb476a043cf3,mobilenet_v3_small,0.4463847279548645,Learned utility selected the highest-scoring feasible model.
learned,b25a98271d50629a4f1d,mobilenet_v3_small,0.4476467370986938,Learned utility selected the highest-scoring feasible model.
learned,5986b7616a1228b54cf8,mobilenet_v3_small,0.4392241835594177,Learned utility selected the highest-scoring feasible model.
learned,b3b7d952751637282f6b,mobilenet_v3_small,0.3212895393371582,Learned utility selected the highest-scoring feasible model.
learned,95a6d8332e65a953f807,mobilenet_v3_small,0.4509162604808807,Learned utility selected the highest-scoring feasible model.
learned,298fb3d15c1c56aa6a1b,mobilenet_v3_small,0.4621069431304931,Learned utility selected the highest-scoring feasible model.
learned,dfafa0b6ed6c5146f025,mobilenet_v3_small,0.4572982490062713,Learned utility selected the highest-scoring feasible model.
learned,822ecb098d1efd5cc425,mobilenet_v3_small,0.3987435698509216,Learned utility selected the highest-scoring feasible model.
learned,3de5f3a0109d307875a8,mobilenet_v3_small,0.4275709092617035,Learned utility selected the highest-scoring feasible model.
learned,6d7204950e9ea9baf7eb,mobilenet_v3_small,0.4566319286823272,Learned utility selected the highest-scoring feasible model.
learned,a829012efaba7982ccf9,mobilenet_v3_small,0.4299238920211792,Learned utility selected the highest-scoring feasible model.
learned,a9ccf20cebb67562b233,mobilenet_v3_small,0.4069598615169525,Learned utility selected the highest-scoring feasible model.
learned,441b74bb0600359a5ae1,mobilenet_v3_small,0.4410563707351684,Learned utility selected the highest-scoring feasible model.
learned,8a58d7d2fbec5278ad37,mobilenet_v3_small,0.46164071559906,Learned utility selected the highest-scoring feasible model.
learned,0be2554779cb63aa7570,mobilenet_v3_small,0.3436554074287414,Learned utility selected the highest-scoring feasible model.
learned,ce8529c8eee748f146d3,mobilenet_v3_small,0.357228547334671,Learned utility selected the highest-scoring feasible model.
learned,a5cb5dce8fea0d78d48b,mobilenet_v3_small,0.3379197418689728,Learned utility selected the highest-scoring feasible model.
learned,4820256bcd3e9dc760e4,mobilenet_v3_small,0.4488692283630371,Learned utility selected the highest-scoring feasible model.
learned,1ce9829c757e18582436,mobilenet_v3_small,0.2886195480823517,Learned utility selected the highest-scoring feasible model.
learned,6f7809e7f2cc44bd0073,mobilenet_v3_small,0.406385987997055,Learned utility selected the highest-scoring feasible model.
learned,d4dcc887e7e10d2bf5fa,mobilenet_v3_small,0.4624062478542328,Learned utility selected the highest-scoring feasible model.
learned,be5eaa3600e1cc67f394,mobilenet_v3_small,0.3868842422962188,Learned utility selected the highest-scoring feasible model.
learned,383867303b559ef23d2d,mobilenet_v3_small,0.2955735623836517,Learned utility selected the highest-scoring feasible model.
learned,187e3af108481037ef18,mobilenet_v3_small,0.197446122765541,Learned utility selected the highest-scoring feasible model.
learned,0038ddc45cbe29596ba9,mobilenet_v3_small,0.4497123062610626,Learned utility selected the highest-scoring feasible model.
learned,a2ebfa36b363d02c435f,mobilenet_v3_small,0.4287274479866028,Learned utility selected the highest-scoring feasible model.
learned,8e0f259737a8cf29adcd,mobilenet_v3_small,0.3806670010089874,Learned utility selected the highest-scoring feasible model.
learned,672289c345c6b157c122,mobilenet_v3_small,0.4414932429790497,Learned utility selected the highest-scoring feasible model.
learned,97909eccc6227b59cdbd,mobilenet_v3_small,0.2714930176734924,Learned utility selected the highest-scoring feasible model.
learned,ead41664127f392d4b3a,mobilenet_v3_small,0.4222639501094818,Learned utility selected the highest-scoring feasible model.
learned,e95f8f97b7e36d6619df,mobilenet_v3_small,0.2333433926105499,Learned utility selected the highest-scoring feasible model.
learned,4b548c57634f96cce13f,mobilenet_v3_small,0.4428637325763702,Learned utility selected the highest-scoring feasible model.
learned,971fa9f2047ef0b7580b,mobilenet_v3_small,0.372204065322876,Learned utility selected the highest-scoring feasible model.
learned,2620f63214c6d4d53a2e,mobilenet_v3_small,0.4545212984085083,Learned utility selected the highest-scoring feasible model.
learned,cd042851c41a91dcb39d,mobilenet_v3_small,0.3921989202499389,Learned utility selected the highest-scoring feasible model.
learned,560c8d4bfd14be3e6a8a,mobilenet_v3_small,0.4473113119602203,Learned utility selected the highest-scoring feasible model.
learned,71d33942636767e8ed5a,mobilenet_v3_small,0.4084501266479492,Learned utility selected the highest-scoring feasible model.
learned,f6ff97e8bae06024f9d5,mobilenet_v3_small,0.3548454642295837,Learned utility selected the highest-scoring feasible model.
learned,71e9baf5ea98ffedf5a8,mobilenet_v3_small,0.2582268714904785,Learned utility selected the highest-scoring feasible model.
learned,30fb16826a0b77fbdaf0,mobilenet_v3_small,0.325042724609375,Learned utility selected the highest-scoring feasible model.
learned,073d0199c1f24a40dc5b,mobilenet_v3_small,0.4542423486709595,Learned utility selected the highest-scoring feasible model.
learned,b9dd47e849749a3e01ef,mobilenet_v3_small,0.3763380348682403,Learned utility selected the highest-scoring feasible model.
learned,050c33a7d7f32fd92ac6,mobilenet_v3_small,0.3160988688468933,Learned utility selected the highest-scoring feasible model.
learned,5722417798e696c036a9,mobilenet_v3_small,0.4537008702754974,Learned utility selected the highest-scoring feasible model.
learned,0b8b19a751055a1ec8a0,mobilenet_v3_small,0.4259228408336639,Learned utility selected the highest-scoring feasible model.
learned,9b619751b75c8a6ad1a0,mobilenet_v3_small,0.4451096653938293,Learned utility selected the highest-scoring feasible model.
learned,31d5325988db9f1c752b,mobilenet_v3_small,0.4224415719509125,Learned utility selected the highest-scoring feasible model.
learned,b96089f5a0ee8958f842,mobilenet_v3_small,0.2990542650222778,Learned utility selected the highest-scoring feasible model.
learned,3fcb8614fa0697512341,mobilenet_v3_small,0.4494682252407074,Learned utility selected the highest-scoring feasible model.
learned,f164d1a7b2bfad695ace,mobilenet_v3_small,0.4051744937896728,Learned utility selected the highest-scoring feasible model.
learned,f53fbb95080335df2c2d,mobilenet_v3_small,0.4401855766773224,Learned utility selected the highest-scoring feasible model.
learned,68ae5f6b4dfe6c710ddc,mobilenet_v3_small,0.3612437844276428,Learned utility selected the highest-scoring feasible model.
learned,2a328ad9ed0463dd8e40,mobilenet_v3_small,0.3964085876941681,Learned utility selected the highest-scoring feasible model.
learned,e164986e7efd9a941c8e,mobilenet_v3_small,0.4309717416763305,Learned utility selected the highest-scoring feasible model.
learned,edec038dc21e45a32a00,mobilenet_v3_small,0.3631918728351593,Learned utility selected the highest-scoring feasible model.
learned,c502624fc7bb3bb7c430,mobilenet_v3_small,0.3863670527935028,Learned utility selected the highest-scoring feasible model.
learned,cabe8ff46702c50e9274,mobilenet_v3_small,0.431299090385437,Learned utility selected the highest-scoring feasible model.
learned,759cbbc8629f7d2e495f,mobilenet_v3_small,0.4314498603343963,Learned utility selected the highest-scoring feasible model.
learned,aca16af98b818790e01b,mobilenet_v3_small,0.4111779034137726,Learned utility selected the highest-scoring feasible model.
learned,0d1cfd3c9113ab92d8a9,mobilenet_v3_small,0.4730862379074096,Learned utility selected the highest-scoring feasible model.
learned,39bb040fb53a1d176cae,mobilenet_v3_small,0.4279609024524688,Learned utility selected the highest-scoring feasible model.
learned,a0917b15d44486760f0e,mobilenet_v3_small,0.4536961615085602,Learned utility selected the highest-scoring feasible model.
learned,ddb3b09917f249dbe143,mobilenet_v3_small,0.454125165939331,Learned utility selected the highest-scoring feasible model.
learned,1fe86a7b0db415dc071c,mobilenet_v3_small,0.4504099488258362,Learned utility selected the highest-scoring feasible model.
learned,f5b6098226ef6b4d3008,mobilenet_v3_small,0.4437167048454284,Learned utility selected the highest-scoring feasible model.
learned,e969791171f72413723a,mobilenet_v3_small,0.2589328289031982,Learned utility selected the highest-scoring feasible model.
learned,2f0b56bb43b367cf0737,mobilenet_v3_small,0.3245898187160492,Learned utility selected the highest-scoring feasible model.
learned,42416e86d762cb8caf7a,mobilenet_v3_small,0.3911303281784057,Learned utility selected the highest-scoring feasible model.
learned,7bf919583e8a809b8724,mobilenet_v3_small,0.3809593915939331,Learned utility selected the highest-scoring feasible model.
learned,1718763bdc51740a7d7a,mobilenet_v3_small,0.3714280426502228,Learned utility selected the highest-scoring feasible model.
learned,c10444f8b888582761a4,mobilenet_v3_small,0.420907199382782,Learned utility selected the highest-scoring feasible model.
learned,90e1209a31015bd22730,mobilenet_v3_small,0.3769330084323883,Learned utility selected the highest-scoring feasible model.
learned,fa8dca38dfc9570aba66,mobilenet_v3_small,0.3981295228004455,Learned utility selected the highest-scoring feasible model.
learned,ec65f302bff6f50bb8a2,mobilenet_v3_small,0.3910107910633087,Learned utility selected the highest-scoring feasible model.
learned,119e22c1bc53d94525dc,mobilenet_v3_small,0.4408412575721741,Learned utility selected the highest-scoring feasible model.
learned,a090cb4a0dea5c618439,mobilenet_v3_small,0.3529438376426697,Learned utility selected the highest-scoring feasible model.
learned,4b548c57634f96cce13f,mobilenet_v3_small,0.4428637325763702,Learned utility selected the highest-scoring feasible model.
learned,9fda59f5fd0df9879327,mobilenet_v3_small,0.4506925046443939,Learned utility selected the highest-scoring feasible model.
learned,a0917b15d44486760f0e,mobilenet_v3_small,0.4536961615085602,Learned utility selected the highest-scoring feasible model.
learned,edec038dc21e45a32a00,mobilenet_v3_small,0.3631918728351593,Learned utility selected the highest-scoring feasible model.
learned,b9dd47e849749a3e01ef,mobilenet_v3_small,0.3763380348682403,Learned utility selected the highest-scoring feasible model.
learned,13e3bcc97110094b8448,mobilenet_v3_small,0.3864231407642364,Learned utility selected the highest-scoring feasible model.
learned,417536921c3e9bb251be,mobilenet_v3_small,0.3760958909988403,Learned utility selected the highest-scoring feasible model.
learned,2a328ad9ed0463dd8e40,mobilenet_v3_small,0.3964085876941681,Learned utility selected the highest-scoring feasible model.
learned,0d1cfd3c9113ab92d8a9,mobilenet_v3_small,0.4730862379074096,Learned utility selected the highest-scoring feasible model.
learned,560c8d4bfd14be3e6a8a,mobilenet_v3_small,0.4473113119602203,Learned utility selected the highest-scoring feasible model.
learned,1fe86a7b0db415dc071c,mobilenet_v3_small,0.4504099488258362,Learned utility selected the highest-scoring feasible model.
learned,17d5a963eb476a043cf3,mobilenet_v3_small,0.4463847279548645,Learned utility selected the highest-scoring feasible model.
learned,31d5325988db9f1c752b,mobilenet_v3_small,0.4224415719509125,Learned utility selected the highest-scoring feasible model.
learned,45bd4d0f4d7478b0cee3,mobilenet_v3_small,0.4038387835025787,Learned utility selected the highest-scoring feasible model.
learned,4820256bcd3e9dc760e4,mobilenet_v3_small,0.4488692283630371,Learned utility selected the highest-scoring feasible model.
learned,383867303b559ef23d2d,mobilenet_v3_small,0.2955735623836517,Learned utility selected the highest-scoring feasible model.
learned,0be2554779cb63aa7570,mobilenet_v3_small,0.3436554074287414,Learned utility selected the highest-scoring feasible model.
learned,6d7204950e9ea9baf7eb,mobilenet_v3_small,0.4566319286823272,Learned utility selected the highest-scoring feasible model.
learned,672289c345c6b157c122,mobilenet_v3_small,0.4414932429790497,Learned utility selected the highest-scoring feasible model.
learned,cabe8ff46702c50e9274,mobilenet_v3_small,0.431299090385437,Learned utility selected the highest-scoring feasible model.
learned,3de5f3a0109d307875a8,mobilenet_v3_small,0.4275709092617035,Learned utility selected the highest-scoring feasible model.
learned,b3b7d952751637282f6b,mobilenet_v3_small,0.3212895393371582,Learned utility selected the highest-scoring feasible model.
learned,ddb3b09917f249dbe143,mobilenet_v3_small,0.454125165939331,Learned utility selected the highest-scoring feasible model.
learned,e969791171f72413723a,mobilenet_v3_small,0.2589328289031982,Learned utility selected the highest-scoring feasible model.
learned,298fb3d15c1c56aa6a1b,mobilenet_v3_small,0.4621069431304931,Learned utility selected the highest-scoring feasible model.
learned,68ae5f6b4dfe6c710ddc,mobilenet_v3_small,0.3612437844276428,Learned utility selected the highest-scoring feasible model.
learned,f53fbb95080335df2c2d,mobilenet_v3_small,0.4401855766773224,Learned utility selected the highest-scoring feasible model.
learned,a5cb5dce8fea0d78d48b,mobilenet_v3_small,0.3379197418689728,Learned utility selected the highest-scoring feasible model.
learned,ec65f302bff6f50bb8a2,mobilenet_v3_small,0.3910107910633087,Learned utility selected the highest-scoring feasible model.
learned,a9ccf20cebb67562b233,mobilenet_v3_small,0.4069598615169525,Learned utility selected the highest-scoring feasible model.
learned,b25a98271d50629a4f1d,mobilenet_v3_small,0.4476467370986938,Learned utility selected the highest-scoring feasible model.
learned,3fcb8614fa0697512341,mobilenet_v3_small,0.4494682252407074,Learned utility selected the highest-scoring feasible model.
learned,4b193d510c7badf1e9d7,mobilenet_v3_small,0.3303617537021637,Learned utility selected the highest-scoring feasible model.
learned,b683b233630b42dc4774,mobilenet_v3_small,0.4529488980770111,Learned utility selected the highest-scoring feasible model.
learned,c855206e6d49ba4dd808,mobilenet_v3_small,0.4460175037384033,Learned utility selected the highest-scoring feasible model.
learned,050c33a7d7f32fd92ac6,mobilenet_v3_small,0.3160988688468933,Learned utility selected the highest-scoring feasible model.
learned,f6ff97e8bae06024f9d5,mobilenet_v3_small,0.3548454642295837,Learned utility selected the highest-scoring feasible model.
learned,6f7809e7f2cc44bd0073,mobilenet_v3_small,0.406385987997055,Learned utility selected the highest-scoring feasible model.
learned,b0bfa88a566c909ba480,mobilenet_v3_small,0.3276153802871704,Learned utility selected the highest-scoring feasible model.
learned,b96089f5a0ee8958f842,mobilenet_v3_small,0.2990542650222778,Learned utility selected the highest-scoring feasible model.
learned,1ce9829c757e18582436,mobilenet_v3_small,0.2886195480823517,Learned utility selected the highest-scoring feasible model.
learned,2eeed640e4c9f230923b,mobilenet_v3_small,0.4671176075935364,Learned utility selected the highest-scoring feasible model.
learned,a2ebfa36b363d02c435f,mobilenet_v3_small,0.4287274479866028,Learned utility selected the highest-scoring feasible model.
learned,073d0199c1f24a40dc5b,mobilenet_v3_small,0.4542423486709595,Learned utility selected the highest-scoring feasible model.
learned,c10444f8b888582761a4,mobilenet_v3_small,0.420907199382782,Learned utility selected the highest-scoring feasible model.
learned,cd042851c41a91dcb39d,mobilenet_v3_small,0.3921989202499389,Learned utility selected the highest-scoring feasible model.
learned,e95f8f97b7e36d6619df,mobilenet_v3_small,0.2333433926105499,Learned utility selected the highest-scoring feasible model.
learned,be5eaa3600e1cc67f394,mobilenet_v3_small,0.3868842422962188,Learned utility selected the highest-scoring feasible model.
learned,95a6d8332e65a953f807,mobilenet_v3_small,0.4509162604808807,Learned utility selected the highest-scoring feasible model.
learned,9663eccdcbe0b346d2fb,mobilenet_v3_small,0.3488146364688873,Learned utility selected the highest-scoring feasible model.
learned,5986b7616a1228b54cf8,mobilenet_v3_small,0.4392241835594177,Learned utility selected the highest-scoring feasible model.
learned,c502624fc7bb3bb7c430,mobilenet_v3_small,0.3863670527935028,Learned utility selected the highest-scoring feasible model.
learned,2f0b56bb43b367cf0737,mobilenet_v3_small,0.3245898187160492,Learned utility selected the highest-scoring feasible model.
learned,b46523267235e8ce5297,mobilenet_v3_small,0.2940942645072937,Learned utility selected the highest-scoring feasible model.
learned,ce8529c8eee748f146d3,mobilenet_v3_small,0.357228547334671,Learned utility selected the highest-scoring feasible model.
learned,44d0e6aade6060dd3a4c,mobilenet_v3_small,0.3537954688072204,Learned utility selected the highest-scoring feasible model.
learned,dfafa0b6ed6c5146f025,mobilenet_v3_small,0.4572982490062713,Learned utility selected the highest-scoring feasible model.
learned,ba3f10e49fa71222a167,mobilenet_v3_small,0.3884414136409759,Learned utility selected the highest-scoring feasible model.
learned,30fb16826a0b77fbdaf0,mobilenet_v3_small,0.325042724609375,Learned utility selected the highest-scoring feasible model.
learned,5930368dd828c298772d,mobilenet_v3_small,0.424345850944519,Learned utility selected the highest-scoring feasible model.
learned,91bd6a57b11a9ffdc7f7,mobilenet_v3_small,0.3388957381248474,Learned utility selected the highest-scoring feasible model.
learned,e1faca667619e6e13dea,mobilenet_v3_small,0.2551495432853699,Learned utility selected the highest-scoring feasible model.
learned,9b619751b75c8a6ad1a0,mobilenet_v3_small,0.4451096653938293,Learned utility selected the highest-scoring feasible model.
learned,971fa9f2047ef0b7580b,mobilenet_v3_small,0.372204065322876,Learned utility selected the highest-scoring feasible model.
learned,8e0f259737a8cf29adcd,mobilenet_v3_small,0.3806670010089874,Learned utility selected the highest-scoring feasible model.
learned,0b8b19a751055a1ec8a0,mobilenet_v3_small,0.4259228408336639,Learned utility selected the highest-scoring feasible model.
learned,7bf919583e8a809b8724,mobilenet_v3_small,0.3809593915939331,Learned utility selected the highest-scoring feasible model.
learned,7c84bae86fda676d4554,mobilenet_v3_small,0.3931851387023926,Learned utility selected the highest-scoring feasible model.
learned,fa8dca38dfc9570aba66,mobilenet_v3_small,0.3981295228004455,Learned utility selected the highest-scoring feasible model.
learned,759cbbc8629f7d2e495f,mobilenet_v3_small,0.4314498603343963,Learned utility selected the highest-scoring feasible model.
learned,2620f63214c6d4d53a2e,mobilenet_v3_small,0.4545212984085083,Learned utility selected the highest-scoring feasible model.
learned,71e9baf5ea98ffedf5a8,mobilenet_v3_small,0.2582268714904785,Learned utility selected the highest-scoring feasible model.
learned,a829012efaba7982ccf9,mobilenet_v3_small,0.4299238920211792,Learned utility selected the highest-scoring feasible model.
learned,f164d1a7b2bfad695ace,mobilenet_v3_small,0.4051744937896728,Learned utility selected the highest-scoring feasible model.
learned,97909eccc6227b59cdbd,mobilenet_v3_small,0.2714930176734924,Learned utility selected the highest-scoring feasible model.
learned,822ecb098d1efd5cc425,mobilenet_v3_small,0.3987435698509216,Learned utility selected the highest-scoring feasible model.
learned,344dee6d7742b737b6b8,mobilenet_v3_small,0.3575295507907867,Learned utility selected the highest-scoring feasible model.
learned,a090cb4a0dea5c618439,mobilenet_v3_small,0.3529438376426697,Learned utility selected the highest-scoring feasible model.
learned,0038ddc45cbe29596ba9,mobilenet_v3_small,0.4497123062610626,Learned utility selected the highest-scoring feasible model.
learned,92770e44f32b0fb3805b,mobilenet_v3_small,0.3491328060626983,Learned utility selected the highest-scoring feasible model.
learned,e164986e7efd9a941c8e,mobilenet_v3_small,0.4309717416763305,Learned utility selected the highest-scoring feasible model.
learned,66ea92408bb1d45e8a80,mobilenet_v3_small,0.400130420923233,Learned utility selected the highest-scoring feasible model.
learned,5f27fa39b4d1da680538,mobilenet_v3_small,0.3705009222030639,Learned utility selected the highest-scoring feasible model.
learned,39bb040fb53a1d176cae,mobilenet_v3_small,0.4279609024524688,Learned utility selected the highest-scoring feasible model.
learned,5722417798e696c036a9,mobilenet_v3_small,0.4537008702754974,Learned utility selected the highest-scoring feasible model.
learned,470a9f15033b9d2fc3d8,mobilenet_v3_small,0.4162020087242126,Learned utility selected the highest-scoring feasible model.
learned,8a58d7d2fbec5278ad37,mobilenet_v3_small,0.46164071559906,Learned utility selected the highest-scoring feasible model.
learned,d4dcc887e7e10d2bf5fa,mobilenet_v3_small,0.4624062478542328,Learned utility selected the highest-scoring feasible model.
learned,187e3af108481037ef18,mobilenet_v3_small,0.197446122765541,Learned utility selected the highest-scoring feasible model.
learned,441b74bb0600359a5ae1,mobilenet_v3_small,0.4410563707351684,Learned utility selected the highest-scoring feasible model.
learned,119e22c1bc53d94525dc,mobilenet_v3_small,0.4408412575721741,Learned utility selected the highest-scoring feasible model.
learned,184cfe80bff425a554eb,mobilenet_v3_small,0.4299874007701874,Learned utility selected the highest-scoring feasible model.
learned,f5b6098226ef6b4d3008,mobilenet_v3_small,0.4437167048454284,Learned utility selected the highest-scoring feasible model.
learned,1718763bdc51740a7d7a,mobilenet_v3_small,0.3714280426502228,Learned utility selected the highest-scoring feasible model.
learned,42416e86d762cb8caf7a,mobilenet_v3_small,0.3911303281784057,Learned utility selected the highest-scoring feasible model.
learned,f04e6a8cd69749d35aab,mobilenet_v3_small,0.3871074020862579,Learned utility selected the highest-scoring feasible model.
learned,ead41664127f392d4b3a,mobilenet_v3_small,0.4222639501094818,Learned utility selected the highest-scoring feasible model.
learned,90e1209a31015bd22730,mobilenet_v3_small,0.3769330084323883,Learned utility selected the highest-scoring feasible model.
learned,71d33942636767e8ed5a,mobilenet_v3_small,0.4084501266479492,Learned utility selected the highest-scoring feasible model.
learned,aca16af98b818790e01b,mobilenet_v3_small,0.4111779034137726,Learned utility selected the highest-scoring feasible model.
