inference_ms,load_ms,memory_mb,cpu_percent,class_index,prediction,confidence,latency_ms,backend,selected_model,request_id,complexity,reason,analyzer_ms,policy,latency_budget_ms,memory_budget_mb,profile_constraint_satisfied,constraint_satisfied,sample_id,repetition,label,correct
5.483735,0.0,127.18359375,99.6470788516348,491,chain saw,0.251669982959622,10.057203999849662,cpp,mobilenet_v3_small,5b6f25f54f524de2a162f7682559bca9,,Static baseline: every image uses this model,0.0,mobilenet_v3_small,50.0,2048.0,True,True,e969791171f72413723a,0,491,1
5.791897,0.0,127.18359375,99.79666951395774,0,tench,0.9996678401020548,9.08570100000361,cpp,mobilenet_v3_small,d7e3393622fa4f4fad4de188d185d0af,,Static baseline: every image uses this model,0.0,mobilenet_v3_small,50.0,2048.0,True,True,f164d1a7b2bfad695ace,0,0,1
5.763389,0.0,127.25,99.62810540024915,663,monastery,0.5785628468160603,9.10526799998479,cpp,mobilenet_v3_small,d0f9d0f93f18495dbbb47563eba4d862,,Static baseline: every image uses this model,0.0,mobilenet_v3_small,50.0,2048.0,True,True,44d0e6aade6060dd3a4c,0,497,0
6.910688,0.0,127.25390625,99.45360979987036,675,moving van,0.5434645453746406,10.742688999926033,cpp,mobilenet_v3_small,ffaa272a03c24c27bd52f0c428bdd74a,,Static baseline: every image uses this model,0.0,mobilenet_v3_small,50.0,2048.0,True,True,b25a98271d50629a4f1d,0,569,0
7.300112,0.0,127.2578125,99.4369749161358,566,French horn,0.6595821624205583,11.276406999968458,cpp,mobilenet_v3_small,81c9061249464101a53ea3238d1b47bb,,Static baseline: every image uses this model,0.0,mobilenet_v3_small,50.0,2048.0,True,True,4820256bcd3e9dc760e4,0,566,1
6.398446,0.0,127.2578125,99.44664306250836,491,chain saw,0.5559572843536429,10.879054000042744,cpp,mobilenet_v3_small,4cc4cb4084084d28a3bca38b6766523f,,Static baseline: every image uses this model,0.0,mobilenet_v3_small,50.0,2048.0,True,True,b683b233630b42dc4774,0,491,1
5.522672,0.0,127.2578125,99.40253915848751,232,Border collie,0.2272443551445507,9.321113000169134,cpp,mobilenet_v3_small,fb85c2ca7ee3479aab89b100317f5807,,Static baseline: every image uses this model,0.0,mobilenet_v3_small,50.0,2048.0,True,True,4b193d510c7badf1e9d7,0,217,0
5.282244,0.0,127.2578125,99.5984432521703,482,cassette player,0.6060792280018127,8.940953000092122,cpp,mobilenet_v3_small,56f03574e30e4eab9a394bacc020e502,,Static baseline: every image uses this model,0.0,mobilenet_v3_small,50.0,2048.0,True,True,ead41664127f392d4b3a,0,482,1
5.150069,0.0,127.26171875,99.49627200348694,491,chain saw,0.9999988317844206,8.416050000050745,cpp,mobilenet_v3_small,2b837fa333a04eff8df224c50f8f4d8a,,Static baseline: every image uses this model,0.0,mobilenet_v3_small,50.0,2048.0,True,True,a9ccf20cebb67562b233,0,491,1
4.924322,0.0,127.26953125,99.575838279148,739,potter's wheel,0.2081629327076862,8.420609000040713,cpp,mobilenet_v3_small,5b3080cd31df48918477f1f82cb2efde,,Static baseline: every image uses this model,0.0,mobilenet_v3_small,50.0,2048.0,True,True,3de5f3a0109d307875a8,0,491,0
5.210427,0.0,127.26953125,99.60563200597568,569,garbage truck,0.5083698992920235,8.4056010000495,cpp,mobilenet_v3_small,d4c0d84c0950445299ef1075088363f4,,Static baseline: every image uses this model,0.0,mobilenet_v3_small,50.0,2048.0,True,True,cd042851c41a91dcb39d,0,569,1
5.375841,0.0,127.26953125,99.60725347924682,569,garbage truck,0.9988802628096758,8.664366999937556,cpp,mobilenet_v3_small,883a30e498634df6a8d6d602799d6a2d,,Static baseline: every image uses this model,0.0,mobilenet_v3_small,50.0,2048.0,True,True,5986b7616a1228b54cf8,0,569,1
5.007861,0.0,127.2734375,99.51128423896868,482,cassette player,0.386667270163702,7.887815999993109,cpp,mobilenet_v3_small,ad1c78ed116d4542b7b14cbae819e3b5,,Static baseline: every image uses this model,0.0,mobilenet_v3_small,50.0,2048.0,True,True,ba3f10e49fa71222a167,0,482,1
5.261299,0.0,127.27734375,99.55562603517532,491,chain saw,0.980391565854831,8.633043999907386,cpp,mobilenet_v3_small,30580d4103e34704b1c677987378993d,,Static baseline: every image uses this model,0.0,mobilenet_v3_small,50.0,2048.0,True,True,0b8b19a751055a1ec8a0,0,491,1
5.189723,0.0,127.27734375,99.6759281550814,701,parachute,0.9546257468146624,8.69683700011592,cpp,mobilenet_v3_small,19e8ee4a5f294548925e46cc9d470e63,,Static baseline: every image uses this model,0.0,mobilenet_v3_small,50.0,2048.0,True,True,30fb16826a0b77fbdaf0,0,701,1
5.417396,0.0,127.28515625,99.54117860050034,701,parachute,0.9980184011598716,8.61468099992635,cpp,mobilenet_v3_small,ed1e30d6b8c24602af3442a580ae8041,,Static baseline: every image uses this model,0.0,mobilenet_v3_small,50.0,2048.0,True,True,ddb3b09917f249dbe143,0,701,1
5.337899,0.0,127.28515625,99.51044658615888,491,chain saw,0.9997509188596484,8.600082999919323,cpp,mobilenet_v3_small,d1741793cba14823a3ecc0345a0c69d8,,Static baseline: every image uses this model,0.0,mobilenet_v3_small,50.0,2048.0,True,True,6d7204950e9ea9baf7eb,0,491,1
5.158918,0.0,127.28515625,99.65663697407028,663,monastery,0.4560518812694235,8.345685999984198,cpp,mobilenet_v3_small,292ab236f8944ebca317b5faf70f2ba8,,Static baseline: every image uses this model,0.0,mobilenet_v3_small,50.0,2048.0,True,True,a0917b15d44486760f0e,0,497,0
5.40814,0.0,127.28515625,99.73234864452132,0,tench,0.9048288077752856,8.63623500003996,cpp,mobilenet_v3_small,78de879500164f4b993ccce1712dfe88,,Static baseline: every image uses this model,0.0,mobilenet_v3_small,50.0,2048.0,True,True,f6ff97e8bae06024f9d5,0,0,1
5.33285,0.0,127.25390625,99.21315063117454,856,thresher,0.7002647793086434,8.983295000007274,cpp,mobilenet_v3_small,d0955c8dc4d34181844f95ff38ad54fd,,Static baseline: every image uses this model,0.0,mobilenet_v3_small,50.0,2048.0,True,True,92770e44f32b0fb3805b,0,569,0
5.854508,0.0,127.28515625,99.42494227029697,663,monastery,0.464341906334016,9.249679999811631,cpp,mobilenet_v3_small,43f7c3ee0f8f4319bc21c558f31cbbcb,,Static baseline: every image uses this model,0.0,mobilenet_v3_small,50.0,2048.0,True,True,2620f63214c6d4d53a2e,0,497,0
6.338523,0.0,127.28515625,99.71190469582764,569,garbage truck,0.6968233599676954,10.57566700001189,cpp,mobilenet_v3_small,eb9a920f8052454d8ab3733ef1e3ef76,,Static baseline: every image uses this model,0.0,mobilenet_v3_small,50.0,2048.0,True,True,344dee6d7742b737b6b8,0,569,1
6.172541,0.0,127.2890625,99.55218132183624,848,tape player,0.486917427749532,9.765112999957635,cpp,mobilenet_v3_small,d8651249396d4266be08245503632ebb,,Static baseline: every image uses this model,0.0,mobilenet_v3_small,50.0,2048.0,True,True,9b619751b75c8a6ad1a0,0,482,0
5.433063,0.0,127.2890625,99.844111140899,217,English springer,0.7260319279122938,8.781255999792847,cpp,mobilenet_v3_small,c243332c4fc7449fa2e1a362eddeb394,,Static baseline: every image uses this model,0.0,mobilenet_v3_small,50.0,2048.0,True,True,c502624fc7bb3bb7c430,0,217,1
5.293982,0.0,127.2890625,99.59711266268992,569,garbage truck,0.6580952102416495,8.677611999928558,cpp,mobilenet_v3_small,25f2f1558c1f4280a2f61d3168082a31,,Static baseline: every image uses this model,0.0,mobilenet_v3_small,50.0,2048.0,True,True,f04e6a8cd69749d35aab,0,569,1
5.554756,0.0,127.29296875,99.63673430085636,566,French horn,0.9932583260971868,8.822468000062145,cpp,mobilenet_v3_small,1a7b65fbf1534516912d5549c3daac35,,Static baseline: every image uses this model,0.0,mobilenet_v3_small,50.0,2048.0,True,True,95a6d8332e65a953f807,0,566,1
5.940633,0.0,127.29296875,99.86281042617674,701,parachute,0.9694100204551596,9.437305999881572,cpp,mobilenet_v3_small,252eaf26c5d94854bfcdc8feb4f8e055,,Static baseline: every image uses this model,0.0,mobilenet_v3_small,50.0,2048.0,True,True,417536921c3e9bb251be,0,701,1
5.760632,0.0,127.29296875,99.57355206124032,663,monastery,0.43443191769851,10.041085000011662,cpp,mobilenet_v3_small,53edd9599a5d49b290348fd7ccc67ac0,,Static baseline: every image uses this model,0.0,mobilenet_v3_small,50.0,2048.0,True,True,13e3bcc97110094b8448,0,497,0
5.380388,0.0,127.29296875,99.66645176542752,749,quill,0.2781236584435557,8.28126099986548,cpp,mobilenet_v3_small,9103865a66aa4bea951ba054ac47fc26,,Static baseline: every image uses this model,0.0,mobilenet_v3_small,50.0,2048.0,True,True,fa8dca38dfc9570aba66,0,482,0
5.348965,0.0,127.29296875,99.63226575914496,668,mosque,0.4012105871484328,8.573038999884375,cpp,mobilenet_v3_small,04b03dc336a84c89a84c5bdb28f38c98,,Static baseline: every image uses this model,0.0,mobilenet_v3_small,50.0,2048.0,True,True,119e22c1bc53d94525dc,0,497,0
5.392784,0.0,127.296875,99.60451449077551,481,cassette,0.4872942850333939,8.586660999981177,cpp,mobilenet_v3_small,e3e8127c3a9443cfb6c6ad693868d30f,,Static baseline: every image uses this model,0.0,mobilenet_v3_small,50.0,2048.0,True,True,b46523267235e8ce5297,0,482,0
5.158022,0.0,127.296875,99.54288423639984,0,tench,0.7647460872029334,8.698452999851725,cpp,mobilenet_v3_small,d5f33711b42f47a89fcc593a9f8e81c3,,Static baseline: every image uses this model,0.0,mobilenet_v3_small,50.0,2048.0,True,True,f53fbb95080335df2c2d,0,0,1
5.804887,0.0,127.296875,99.84927848653808,217,English springer,0.0878971902297676,9.10022699986257,cpp,mobilenet_v3_small,b1e378e0ae604ac4ba5327251363b32a,,Static baseline: every image uses this model,0.0,mobilenet_v3_small,50.0,2048.0,True,True,560c8d4bfd14be3e6a8a,0,217,1
5.691873,0.0,127.296875,99.7502975651332,569,garbage truck,0.6379212474982539,9.03835799999797,cpp,mobilenet_v3_small,3c184881c4df438093a4f6a1cc16a737,,Static baseline: every image uses this model,0.0,mobilenet_v3_small,50.0,2048.0,True,True,45bd4d0f4d7478b0cee3,0,569,1
7.110562,0.0,127.296875,99.16062113544056,701,parachute,0.4260599249409807,12.746330000027228,cpp,mobilenet_v3_small,c1e54c9b58414e799204c310ec568044,,Static baseline: every image uses this model,0.0,mobilenet_v3_small,50.0,2048.0,True,True,68ae5f6b4dfe6c710ddc,0,701,1
5.179069,0.0,127.296875,99.6478136499865,217,English springer,0.9552077726096326,8.660188000021662,cpp,mobilenet_v3_small,48d20ad552d641df873653e2a6175404,,Static baseline: every image uses this model,0.0,mobilenet_v3_small,50.0,2048.0,True,True,6f7809e7f2cc44bd0073,0,217,1
5.125796,0.0,127.296875,99.73596049907016,491,chain saw,0.999675761532608,9.857616000090276,cpp,mobilenet_v3_small,d526033d0ee34ee0a2da40358038004b,,Static baseline: every image uses this model,0.0,mobilenet_v3_small,50.0,2048.0,True,True,822ecb098d1efd5cc425,0,491,1
5.062892,0.0,127.30078125,99.60098890223824,566,French horn,0.7359467944606322,8.318314999996801,cpp,mobilenet_v3_small,7a3b158452c0496799a72b60f7a4eba3,,Static baseline: every image uses this model,0.0,mobilenet_v3_small,50.0,2048.0,True,True,5930368dd828c298772d,0,566,1
5.104944,0.0,127.3046875,99.6379211240835,574,golf ball,0.9568963740172376,8.31338200009668,cpp,mobilenet_v3_small,7eb66f56bedc45dca813e824a74bc7c5,,Static baseline: every image uses this model,0.0,mobilenet_v3_small,50.0,2048.0,True,True,71e9baf5ea98ffedf5a8,0,574,1
5.07304,0.0,127.3046875,99.52587555651868,571,gas pump,0.9996508005833028,8.236866999823178,cpp,mobilenet_v3_small,541c593bee3f475cbbb8b5d5d6da1380,,Static baseline: every image uses this model,0.0,mobilenet_v3_small,50.0,2048.0,True,True,cabe8ff46702c50e9274,0,571,1
5.264346,0.0,127.3125,99.4637052045373,227,kelpie,0.2578671865305892,8.764768999981243,cpp,mobilenet_v3_small,b53e67d064a941b38b453a122db3fc31,,Static baseline: every image uses this model,0.0,mobilenet_v3_small,50.0,2048.0,True,True,edec038dc21e45a32a00,0,217,0
5.235944,0.0,127.3125,99.44500379138582,844,switch,0.3237283886630832,9.466371000144136,cpp,mobilenet_v3_small,67ddb8cc368d4baa88f4ad690054c511,,Static baseline: every image uses this model,0.0,mobilenet_v3_small,50.0,2048.0,True,True,91bd6a57b11a9ffdc7f7,0,482,0
5.118133,0.0,127.3125,99.61906081980985,491,chain saw,0.9971914082173996,8.066641999903368,cpp,mobilenet_v3_small,f67b00eb5a31435d8f4539a53ad053b9,,Static baseline: every image uses this model,0.0,mobilenet_v3_small,50.0,2048.0,True,True,97909eccc6227b59cdbd,0,491,1
4.917985,0.0,127.31640625,99.59279828045229,566,French horn,0.9997432464525134,8.075850000068385,cpp,mobilenet_v3_small,6e214b099cad4952969a3b8f3d96a74a,,Static baseline: every image uses this model,0.0,mobilenet_v3_small,50.0,2048.0,True,True,1fe86a7b0db415dc071c,0,566,1
5.739566,0.0,127.31640625,99.17708669685692,195,Boston bull,0.2922176778312602,10.1971860001413,cpp,mobilenet_v3_small,4000fc904198417aaa25ddce7422b706,,Static baseline: every image uses this model,0.0,mobilenet_v3_small,50.0,2048.0,True,True,073d0199c1f24a40dc5b,0,217,0
6.172542,0.0,127.31640625,99.48707075372867,571,gas pump,0.9997290856284924,9.739159999980984,cpp,mobilenet_v3_small,0d01bf88a7044f24975082e42b887a8c,,Static baseline: every image uses this model,0.0,mobilenet_v3_small,50.0,2048.0,True,True,90e1209a31015bd22730,0,571,1
5.4556,0.0,127.31640625,99.65189151331514,0,tench,0.9976274975683465,9.113251000144372,cpp,mobilenet_v3_small,1292aa52fac24fe2b40f827025ce9c77,,Static baseline: every image uses this model,0.0,mobilenet_v3_small,50.0,2048.0,True,True,7c84bae86fda676d4554,0,0,1
5.167238,0.0,127.31640625,99.48440793703412,0,tench,0.9999760854005414,8.50769500016213,cpp,mobilenet_v3_small,44239497f6024abea5ed959dd518b8e3,,Static baseline: every image uses this model,0.0,mobilenet_v3_small,50.0,2048.0,True,True,a2ebfa36b363d02c435f,0,0,1
5.044612,0.0,127.31640625,99.46608745606407,574,golf ball,0.994480320376245,7.846977999861338,cpp,mobilenet_v3_small,beb59a15abe84059872aa124e955ec2b,,Static baseline: every image uses this model,0.0,mobilenet_v3_small,50.0,2048.0,True,True,e1faca667619e6e13dea,0,574,1
5.259344,0.0,127.91015625,99.44507508582892,701,parachute,0.9996197023251672,9.317657000110556,cpp,mobilenet_v3_small,d4c77b6ea2244b43b2e2b2a375861aad,,Static baseline: every image uses this model,0.0,mobilenet_v3_small,50.0,2048.0,True,True,1ce9829c757e18582436,0,701,1
5.348082,0.0,127.91015625,99.5636257662956,701,parachute,0.9544760323646558,8.859138999923744,cpp,mobilenet_v3_small,a761582b9df94befbc0d0d68a1259e19,,Static baseline: every image uses this model,0.0,mobilenet_v3_small,50.0,2048.0,True,True,383867303b559ef23d2d,0,701,1
5.10784,0.0,127.91015625,99.64881675267604,569,garbage truck,0.5097801949650608,8.369135000066308,cpp,mobilenet_v3_small,66a50653874140828e161c038e302d06,,Static baseline: every image uses this model,0.0,mobilenet_v3_small,50.0,2048.0,True,True,1718763bdc51740a7d7a,0,569,1
4.90099,0.0,127.91015625,99.70880737664454,569,garbage truck,0.4962246448369193,7.820252999863442,cpp,mobilenet_v3_small,5ba9217ea77641999190bf831b5fe88d,,Static baseline: every image uses this model,0.0,mobilenet_v3_small,50.0,2048.0,True,True,2eeed640e4c9f230923b,0,569,1
5.063552,0.0,128.48828125,99.62984036629254,574,golf ball,0.8303300836410683,8.729477000088082,cpp,mobilenet_v3_small,7082e60f2ee545219c650be2dc904332,,Static baseline: every image uses this model,0.0,mobilenet_v3_small,50.0,2048.0,True,True,e95f8f97b7e36d6619df,0,574,1
5.048552,0.0,128.4921875,99.66493030705615,574,golf ball,0.9413075580488498,8.378257000003941,cpp,mobilenet_v3_small,522d37c3eb6c4930aec0729561cbc983,,Static baseline: every image uses this model,0.0,mobilenet_v3_small,50.0,2048.0,True,True,470a9f15033b9d2fc3d8,0,574,1
5.055721,0.0,128.49609375,99.71217046429364,0,tench,0.9975248440699528,8.240293999961068,cpp,mobilenet_v3_small,b60bde4f70b24b4fbdc28e17e2ce42cb,,Static baseline: every image uses this model,0.0,mobilenet_v3_small,50.0,2048.0,True,True,7bf919583e8a809b8724,0,0,1
4.991741,0.0,128.49609375,99.55417393190751,217,English springer,0.5835511659436893,8.177180000075168,cpp,mobilenet_v3_small,faf2829f98864268979d7e2905fc2107,,Static baseline: every image uses this model,0.0,mobilenet_v3_small,50.0,2048.0,True,True,71d33942636767e8ed5a,0,217,1
4.719312,0.0,128.49609375,99.57354439221464,574,golf ball,0.9969133444997234,7.604543000070407,cpp,mobilenet_v3_small,27c7ba4235de4097bb997808a722907a,,Static baseline: every image uses this model,0.0,mobilenet_v3_small,50.0,2048.0,True,True,dfafa0b6ed6c5146f025,0,574,1
5.119081,0.0,129.0703125,99.51405587449212,491,chain saw,0.709344160626665,8.59893100005138,cpp,mobilenet_v3_small,7160615e3ebc461e9c009832934700c3,,Static baseline: every image uses this model,0.0,mobilenet_v3_small,50.0,2048.0,True,True,8a58d7d2fbec5278ad37,0,491,1
4.986557,0.0,129.0703125,99.63599217196132,569,garbage truck,0.9928520384760782,8.580310000070313,cpp,mobilenet_v3_small,5b6f1a8b08a04a0496d6b235ba48b67a,,Static baseline: every image uses this model,0.0,mobilenet_v3_small,50.0,2048.0,True,True,ce8529c8eee748f146d3,0,569,1
4.800572,0.0,129.0703125,99.63456770456362,571,gas pump,0.9406437023561692,7.814033000158815,cpp,mobilenet_v3_small,f329bac6e7e2495c844947f781376d29,,Static baseline: every image uses this model,0.0,mobilenet_v3_small,50.0,2048.0,True,True,9fda59f5fd0df9879327,0,571,1
5.794864,0.0,129.4375,99.75610007331208,406,altar,0.3487917450787637,9.223454999983003,cpp,mobilenet_v3_small,706ab9cb2c5a4ae29f37758fc12ee32b,,Static baseline: every image uses this model,0.0,mobilenet_v3_small,50.0,2048.0,True,True,298fb3d15c1c56aa6a1b,0,497,0
5.861139,0.0,129.4375,99.62122260926044,217,English springer,0.5586676246212985,9.136237000120673,cpp,mobilenet_v3_small,64987f455db44fc18b4490024d21218a,,Static baseline: every image uses this model,0.0,mobilenet_v3_small,50.0,2048.0,True,True,2f0b56bb43b367cf0737,0,217,1
6.637386,0.0,129.4453125,99.30986356780262,497,church,0.6786071250248797,11.703483000019332,cpp,mobilenet_v3_small,ec53c80df51647a79280bf1e04def290,,Static baseline: every image uses this model,0.0,mobilenet_v3_small,50.0,2048.0,True,True,050c33a7d7f32fd92ac6,0,497,1
5.498747,0.0,129.625,98.0897867202606,674,mousetrap,0.0965965452461388,9.603691999927833,cpp,mobilenet_v3_small,7af7beeca7a64ec9a1012187f0527f70,,Static baseline: every image uses this model,0.0,mobilenet_v3_small,50.0,2048.0,True,True,aca16af98b818790e01b,0,482,0
7.031569,0.0,129.84765625,99.48188271748118,566,French horn,0.6730542706168385,10.879003999889392,cpp,mobilenet_v3_small,cacf066086f54cd4866d8833153f6bee,,Static baseline: every image uses this model,0.0,mobilenet_v3_small,50.0,2048.0,True,True,a829012efaba7982ccf9,0,566,1
5.721015,0.0,129.97265625,99.39744298405478,566,French horn,0.9970273035380478,10.067595000009533,cpp,mobilenet_v3_small,150f038ea4fb4f24a85232df4d70d82a,,Static baseline: every image uses this model,0.0,mobilenet_v3_small,50.0,2048.0,True,True,e164986e7efd9a941c8e,0,566,1
5.384113,0.0,130.0390625,99.61148544716173,713,photocopier,0.8444178158135708,8.841624999831765,cpp,mobilenet_v3_small,c72235210ab7423c9c286fd143bd802f,,Static baseline: every image uses this model,0.0,mobilenet_v3_small,50.0,2048.0,True,True,441b74bb0600359a5ae1,0,482,0
5.286357,0.0,130.0390625,99.41593349125316,482,cassette player,0.247736669173771,8.421129999987897,cpp,mobilenet_v3_small,43c3bb9627f7414c85cff3c562a7ac17,,Static baseline: every image uses this model,0.0,mobilenet_v3_small,50.0,2048.0,True,True,9663eccdcbe0b346d2fb,0,482,1
5.356975,0.0,130.04296875,99.41245197164449,571,gas pump,0.709198912733874,8.363912000049822,cpp,mobilenet_v3_small,ec54867268c24718b38a9b490c412001,,Static baseline: every image uses this model,0.0,mobilenet_v3_small,50.0,2048.0,True,True,17d5a963eb476a043cf3,0,571,1
5.020231,0.0,130.50390625,99.24940192530188,701,parachute,0.4462090784953996,8.71132000020225,cpp,mobilenet_v3_small,14665952248340009dce3bdd9e271922,,Static baseline: every image uses this model,0.0,mobilenet_v3_small,50.0,2048.0,True,True,a090cb4a0dea5c618439,0,701,1
4.73891,0.0,130.63671875,99.80276776625988,73,barn spider,0.4334660134851359,7.827828000017689,cpp,mobilenet_v3_small,1c46ee65f5a6435a838ae18071d5d7c5,,Static baseline: every image uses this model,0.0,mobilenet_v3_small,50.0,2048.0,True,True,8e0f259737a8cf29adcd,0,701,0
4.978017,0.0,130.63671875,99.69376796356534,574,golf ball,0.9999996653090328,8.047819000012169,cpp,mobilenet_v3_small,1b21421847254b93bb22c4c34a84ac8a,,Static baseline: every image uses this model,0.0,mobilenet_v3_small,50.0,2048.0,True,True,be5eaa3600e1cc67f394,0,574,1
5.04172,0.0,131.00390625,99.66198374052787,476,carousel,0.2047949511478363,8.632425000087096,cpp,mobilenet_v3_small,e31c990867e145e0bf94c312bf3559f7,,Static baseline: every image uses this model,0.0,mobilenet_v3_small,50.0,2048.0,True,True,c855206e6d49ba4dd808,0,701,0
4.894629,0.0,131.0078125,99.79550973280207,884,vault,0.3555013024688301,7.913823999842862,cpp,mobilenet_v3_small,ec3bc905216a49aeb4944db0fb844b96,,Static baseline: every image uses this model,0.0,mobilenet_v3_small,50.0,2048.0,True,True,d4dcc887e7e10d2bf5fa,0,497,0
5.724652,0.0,131.12109375,99.36444486634048,497,church,0.7919017757483665,10.763661000055436,cpp,mobilenet_v3_small,5fde60aff8fb4d1faac3f86ae085994f,,Static baseline: every image uses this model,0.0,mobilenet_v3_small,50.0,2048.0,True,True,42416e86d762cb8caf7a,0,497,1
5.322147,0.0,131.2578125,99.72995469917316,574,golf ball,0.9987844174862068,8.553749999919091,cpp,mobilenet_v3_small,5d674e482987451581ab1e5236f9acb7,,Static baseline: every image uses this model,0.0,mobilenet_v3_small,50.0,2048.0,True,True,4b548c57634f96cce13f,0,574,1
7.741742,0.0,131.38671875,98.23253031783068,232,Border collie,0.1046552488295859,11.675957000079508,cpp,mobilenet_v3_small,9d1c5178d8224a818a677eb06cec7e02,,Static baseline: every image uses this model,0.0,mobilenet_v3_small,50.0,2048.0,True,True,2a328ad9ed0463dd8e40,0,217,0
5.205461,0.0,131.515625,99.64044098748596,0,tench,0.5121972551131087,8.775750000040716,cpp,mobilenet_v3_small,2ed7e8a6f78e43a2b18f0ac619f4143d,,Static baseline: every image uses this model,0.0,mobilenet_v3_small,50.0,2048.0,True,True,672289c345c6b157c122,0,0,1
5.57637,0.0,131.91015625,99.50173518526042,830,stretcher,0.5082401855591424,9.43213300001844,cpp,mobilenet_v3_small,d868d5c420ef4c13b99a765de8c9245c,,Static baseline: every image uses this model,0.0,mobilenet_v3_small,50.0,2048.0,True,True,0038ddc45cbe29596ba9,0,491,0
5.412944,0.0,131.87890625,99.44260357603552,675,moving van,0.6997966960014768,9.066975999985516,cpp,mobilenet_v3_small,a58a9569c17740c0abed97695804d43a,,Static baseline: every image uses this model,0.0,mobilenet_v3_small,50.0,2048.0,True,True,c10444f8b888582761a4,0,569,0
5.344698,0.0,131.91015625,99.54068218395234,701,parachute,0.9991826182515902,9.061263999910809,cpp,mobilenet_v3_small,c4947032eac044979290944bf7e2ccee,,Static baseline: every image uses this model,0.0,mobilenet_v3_small,50.0,2048.0,True,True,b0bfa88a566c909ba480,0,701,1
5.072799,0.0,131.91015625,99.58488302495968,574,golf ball,0.9897354315759668,8.545784000034473,cpp,mobilenet_v3_small,664af79256164819b392b1eefb776869,,Static baseline: every image uses this model,0.0,mobilenet_v3_small,50.0,2048.0,True,True,b9dd47e849749a3e01ef,0,574,1
4.879825,0.0,131.91015625,99.491547584145,701,parachute,0.9153856828646042,10.118940999973349,cpp,mobilenet_v3_small,7807e97722c143e1956d406a1a10bf60,,Static baseline: every image uses this model,0.0,mobilenet_v3_small,50.0,2048.0,True,True,31d5325988db9f1c752b,0,701,1
5.259877,0.0,131.91015625,99.45050535030532,0,tench,0.9997778983859752,8.584068999880401,cpp,mobilenet_v3_small,7e86e51d9c71469b99a0e095be04227e,,Static baseline: every image uses this model,0.0,mobilenet_v3_small,50.0,2048.0,True,True,f5b6098226ef6b4d3008,0,0,1
5.218912,0.0,131.91015625,99.31657548792064,571,gas pump,0.2348529151239717,8.792338999910498,cpp,mobilenet_v3_small,75a6af1769b840079b6f7564a877fca4,,Static baseline: every image uses this model,0.0,mobilenet_v3_small,50.0,2048.0,True,True,66ea92408bb1d45e8a80,0,571,1
4.906825,0.0,131.91015625,99.67696443161776,663,monastery,0.5503947837333284,8.020478999924308,cpp,mobilenet_v3_small,97e78f4be46d4d24aba51a7501ea2fd5,,Static baseline: every image uses this model,0.0,mobilenet_v3_small,50.0,2048.0,True,True,ec65f302bff6f50bb8a2,0,497,0
5.566704,0.0,131.91015625,99.46725303831327,621,lawn mower,0.3023785111436779,8.733038999935161,cpp,mobilenet_v3_small,0f1462e5d93f4350a2d428425e550a8f,,Static baseline: every image uses this model,0.0,mobilenet_v3_small,50.0,2048.0,True,True,0d1cfd3c9113ab92d8a9,0,571,0
5.997569,0.0,131.91015625,99.42070401590266,707,pay-phone,0.2157933159083242,9.42644199994902,cpp,mobilenet_v3_small,6f3929dd8f284b3ca03157eeb2ca3bf7,,Static baseline: every image uses this model,0.0,mobilenet_v3_small,50.0,2048.0,True,True,971fa9f2047ef0b7580b,0,571,0
7.964867,0.0,131.91015625,99.14081087736216,400,academic gown,0.1963711158238826,12.696156999936647,cpp,mobilenet_v3_small,42ab40fdb5744e0eb58cc459a17a225c,,Static baseline: every image uses this model,0.0,mobilenet_v3_small,50.0,2048.0,True,True,a5cb5dce8fea0d78d48b,0,574,0
5.838728,0.0,131.91015625,99.2455760624695,571,gas pump,0.9695163198885124,9.40293600001496,cpp,mobilenet_v3_small,06ed1a39e9cd4507a95f9610cfcb1265,,Static baseline: every image uses this model,0.0,mobilenet_v3_small,50.0,2048.0,True,True,184cfe80bff425a554eb,0,571,1
7.517664,0.0,131.9140625,99.52577766424706,590,hand-held computer,0.4004814688046831,11.115883000002214,cpp,mobilenet_v3_small,78d0063780264e56b5a874c0a4762a3d,,Static baseline: every image uses this model,0.0,mobilenet_v3_small,50.0,2048.0,True,True,b96089f5a0ee8958f842,0,482,0
5.435045,0.0,131.9140625,99.45028575314456,522,croquet ball,0.4393907913941756,10.324455000045418,cpp,mobilenet_v3_small,20c3801abe2d4bc4978ea75a27b310e9,,Static baseline: every image uses this model,0.0,mobilenet_v3_small,50.0,2048.0,True,True,5f27fa39b4d1da680538,0,574,0
5.273125,0.0,131.9140625,99.53187636229524,220,Sussex spaniel,0.2058296499984729,8.822242000178449,cpp,mobilenet_v3_small,5946a524d029490ca171661ca35d7aaa,,Static baseline: every image uses this model,0.0,mobilenet_v3_small,50.0,2048.0,True,True,3fcb8614fa0697512341,0,217,0
5.147778,0.0,131.9140625,99.56761203132582,116,chiton,0.419688258144664,8.293708999872251,cpp,mobilenet_v3_small,bcec800db16c4b4aa8c5e00f1d560a21,,Static baseline: every image uses this model,0.0,mobilenet_v3_small,50.0,2048.0,True,True,39bb040fb53a1d176cae,0,0,0
5.190316,0.0,131.9140625,99.70936316229476,491,chain saw,0.262145664616863,8.591477999971175,cpp,mobilenet_v3_small,eac61e637b0a4f4ba3059c4c42413e4e,,Static baseline: every image uses this model,0.0,mobilenet_v3_small,50.0,2048.0,True,True,5722417798e696c036a9,0,491,1
5.299646,0.0,131.9140625,99.5830955166865,701,parachute,0.9997642845125476,8.900359999870489,cpp,mobilenet_v3_small,097fad9e87dc4ba5a698f16670267ac5,,Static baseline: every image uses this model,0.0,mobilenet_v3_small,50.0,2048.0,True,True,b3b7d952751637282f6b,0,701,1
5.125382,0.0,131.9140625,99.65088303587731,675,moving van,0.2235748584627742,8.287194000104137,cpp,mobilenet_v3_small,6583664f427142f3b110eeed8e6a4e9e,,Static baseline: every image uses this model,0.0,mobilenet_v3_small,50.0,2048.0,True,True,759cbbc8629f7d2e495f,0,569,0
4.948633,0.0,131.9140625,99.74301690084752,569,garbage truck,0.9736842001502076,8.360472000049413,cpp,mobilenet_v3_small,37cc7d454cc94267abb00ccf797c2361,,Static baseline: every image uses this model,0.0,mobilenet_v3_small,50.0,2048.0,True,True,0be2554779cb63aa7570,0,569,1
5.182652,0.0,131.9140625,99.59570613404534,574,golf ball,0.9997044662015924,8.292483000104767,cpp,mobilenet_v3_small,db15d7e924f944b98a06f24e495081eb,,Static baseline: every image uses this model,0.0,mobilenet_v3_small,50.0,2048.0,True,True,187e3af108481037ef18,0,574,1
5.47886,0.0,131.9140625,99.5658274497825,476,carousel,0.2047949511478363,8.743297999899369,cpp,mobilenet_v3_small,6c170a5d6b474b81a85a3768ccc068cb,,Static baseline: every image uses this model,0.0,mobilenet_v3_small,50.0,2048.0,True,True,c855206e6d49ba4dd808,1,701,0
6.833404,0.0,131.9140625,99.49818976486944,663,monastery,0.43443191769851,10.471288999951868,cpp,mobilenet_v3_small,50828beaa79f40f4ac38302a9281b114,,Static baseline: every image uses this model,0.0,mobilenet_v3_small,50.0,2048.0,True,True,13e3bcc97110094b8448,1,497,0
6.016101,0.0,131.9140625,99.55498534807644,491,chain saw,0.5559572843536429,10.601224000083675,cpp,mobilenet_v3_small,0e0add0ebb5643ec9e4f62ed379380c2,,Static baseline: every image uses this model,0.0,mobilenet_v3_small,50.0,2048.0,True,True,b683b233630b42dc4774,1,491,1
5.311399,0.0,131.9140625,99.55063976551342,569,garbage truck,0.6379212474982539,8.946496999897136,cpp,mobilenet_v3_small,df5f8024a3434b02b45d14e6d23efb73,,Static baseline: every image uses this model,0.0,mobilenet_v3_small,50.0,2048.0,True,True,45bd4d0f4d7478b0cee3,1,569,1
5.317855,0.0,131.9140625,99.46511156210178,481,cassette,0.4872942850333939,8.31893100007619,cpp,mobilenet_v3_small,aeed5129e33249e6ab1cee674ce1d0f3,,Static baseline: every image uses this model,0.0,mobilenet_v3_small,50.0,2048.0,True,True,b46523267235e8ce5297,1,482,0
5.333412,0.0,131.91796875,99.87671625524048,569,garbage truck,0.6580952102416495,8.583450999822162,cpp,mobilenet_v3_small,755a352d6ca74192b306ed0e2fc4e85d,,Static baseline: every image uses this model,0.0,mobilenet_v3_small,50.0,2048.0,True,True,f04e6a8cd69749d35aab,1,569,1
5.287037,0.0,131.921875,99.54411091876553,701,parachute,0.9694100204551596,8.865095000146539,cpp,mobilenet_v3_small,baa1872a2756414d98177450dffe27d9,,Static baseline: every image uses this model,0.0,mobilenet_v3_small,50.0,2048.0,True,True,417536921c3e9bb251be,1,701,1
5.22295,0.0,131.921875,99.49826228958352,566,French horn,0.7359467944606322,8.605293000073289,cpp,mobilenet_v3_small,d52a3810e8cb479e84ca46440c74835d,,Static baseline: every image uses this model,0.0,mobilenet_v3_small,50.0,2048.0,True,True,5930368dd828c298772d,1,566,1
4.925933,0.0,131.921875,99.41800978794925,844,switch,0.3237283886630832,9.66511100000389,cpp,mobilenet_v3_small,1eea980a5e3748b5bb9c00a3cf5c2c15,,Static baseline: every image uses this model,0.0,mobilenet_v3_small,50.0,2048.0,True,True,91bd6a57b11a9ffdc7f7,1,482,0
4.904109,0.0,131.921875,99.72647206065602,663,monastery,0.5785628468160603,8.04853800013916,cpp,mobilenet_v3_small,973d3ec2e6054b0c94df27ba3666c842,,Static baseline: every image uses this model,0.0,mobilenet_v3_small,50.0,2048.0,True,True,44d0e6aade6060dd3a4c,1,497,0
5.084182,0.0,131.921875,99.51255736284028,569,garbage truck,0.4962246448369193,7.982887999787636,cpp,mobilenet_v3_small,c0374ed13fa04ef39d0cdb5f0523fa6b,,Static baseline: every image uses this model,0.0,mobilenet_v3_small,50.0,2048.0,True,True,2eeed640e4c9f230923b,1,569,1
5.026068,0.0,131.921875,99.63586787410516,701,parachute,0.9991826182515902,8.602372000041214,cpp,mobilenet_v3_small,802d7ac8597a4f5c9b2795a0df79e9b3,,Static baseline: every image uses this model,0.0,mobilenet_v3_small,50.0,2048.0,True,True,b0bfa88a566c909ba480,1,701,1
4.929793,0.0,131.921875,99.66590349096649,574,golf ball,0.994480320376245,7.682810000005702,cpp,mobilenet_v3_small,82a7282554f14e01aef88dc127bbacab,,Static baseline: every image uses this model,0.0,mobilenet_v3_small,50.0,2048.0,True,True,e1faca667619e6e13dea,1,574,1
4.918925,0.0,131.92578125,99.69228161012728,482,cassette player,0.386667270163702,7.703472000002876,cpp,mobilenet_v3_small,97d00a8cc24445d7870443fb062ffa7c,,Static baseline: every image uses this model,0.0,mobilenet_v3_small,50.0,2048.0,True,True,ba3f10e49fa71222a167,1,482,1
5.158761,0.0,131.92578125,99.4905016362004,571,gas pump,0.2348529151239717,8.687761000146565,cpp,mobilenet_v3_small,a70f34ca24794fc89bb1c2a2c932bb5a,,Static baseline: every image uses this model,0.0,mobilenet_v3_small,50.0,2048.0,True,True,66ea92408bb1d45e8a80,1,571,1
4.703507,0.0,131.92578125,99.68693648155748,856,thresher,0.7002647793086434,7.5923890001377,cpp,mobilenet_v3_small,94279262e8cf4c6d96563abfc5e131f9,,Static baseline: every image uses this model,0.0,mobilenet_v3_small,50.0,2048.0,True,True,92770e44f32b0fb3805b,1,569,0
5.199152,0.0,131.92578125,99.69532428837068,482,cassette player,0.247736669173771,8.248114000025453,cpp,mobilenet_v3_small,8da3a333aae84ada9352ce1f75afc8ad,,Static baseline: every image uses this model,0.0,mobilenet_v3_small,50.0,2048.0,True,True,9663eccdcbe0b346d2fb,1,482,1
5.028824,0.0,131.92578125,99.6722027936101,569,garbage truck,0.6968233599676954,8.882321000101001,cpp,mobilenet_v3_small,a843ad23cb3b4628a88ce34b837ab429,,Static baseline: every image uses this model,0.0,mobilenet_v3_small,50.0,2048.0,True,True,344dee6d7742b737b6b8,1,569,1
5.202747,0.0,131.92578125,99.50005973138968,522,croquet ball,0.4393907913941756,9.21650099985527,cpp,mobilenet_v3_small,b52af37fa16d4d9f9be10b6595e4f023,,Static baseline: every image uses this model,0.0,mobilenet_v3_small,50.0,2048.0,True,True,5f27fa39b4d1da680538,1,574,0
4.914905,0.0,131.9296875,99.82430633141088,232,Border collie,0.2272443551445507,7.982644000094297,cpp,mobilenet_v3_small,735a6d22474745fdbdf8b5542d00b63d,,Static baseline: every image uses this model,0.0,mobilenet_v3_small,50.0,2048.0,True,True,4b193d510c7badf1e9d7,1,217,0
4.980043,0.0,131.9375,99.84230974700652,0,tench,0.9976274975683465,8.27318100004959,cpp,mobilenet_v3_small,bdbe16db30924dba8cd006e16183b8dc,,Static baseline: every image uses this model,0.0,mobilenet_v3_small,50.0,2048.0,True,True,7c84bae86fda676d4554,1,0,1
4.981825,0.0,131.9375,99.70984987785184,571,gas pump,0.9695163198885124,8.129239999789206,cpp,mobilenet_v3_small,d6ddccf71b6b4b468a463329768af0a9,,Static baseline: every image uses this model,0.0,mobilenet_v3_small,50.0,2048.0,True,True,184cfe80bff425a554eb,1,571,1
4.862701,0.0,131.9375,99.6756550189354,574,golf ball,0.9413075580488498,8.122215999947002,cpp,mobilenet_v3_small,2a75d8fea7f64e71b57301a1f449f312,,Static baseline: every image uses this model,0.0,mobilenet_v3_small,50.0,2048.0,True,True,470a9f15033b9d2fc3d8,1,574,1
4.974424,0.0,131.9375,99.68777914439038,571,gas pump,0.9406437023561692,8.044626000128119,cpp,mobilenet_v3_small,5704777bca0f48a1949d6bb300d2d937,,Static baseline: every image uses this model,0.0,mobilenet_v3_small,50.0,2048.0,True,True,9fda59f5fd0df9879327,1,571,1
5.74416,0.0,131.9375,99.51404142194426,571,gas pump,0.709198912733874,8.826883999972779,cpp,mobilenet_v3_small,8602bacb12c445428c752e9c6acaa602,,Static baseline: every image uses this model,0.0,mobilenet_v3_small,50.0,2048.0,True,True,17d5a963eb476a043cf3,1,571,1
5.138461,0.0,131.9375,99.6467994036952,675,moving van,0.5434645453746406,8.473654999988867,cpp,mobilenet_v3_small,8a564f3dd8bb49618fa3e29f85928d40,,Static baseline: every image uses this model,0.0,mobilenet_v3_small,50.0,2048.0,True,True,b25a98271d50629a4f1d,1,569,0
4.790126,0.0,131.94140625,99.65136524573084,569,garbage truck,0.9988802628096758,8.008668000002217,cpp,mobilenet_v3_small,de65055ef8ca4c16bff4fbe00f0379d5,,Static baseline: every image uses this model,0.0,mobilenet_v3_small,50.0,2048.0,True,True,5986b7616a1228b54cf8,1,569,1
5.055038,0.0,131.94140625,99.58457248852277,701,parachute,0.9997642845125476,8.577428999842596,cpp,mobilenet_v3_small,6ebd37cff20f4608a1317f0e33f99ae9,,Static baseline: every image uses this model,0.0,mobilenet_v3_small,50.0,2048.0,True,True,b3b7d952751637282f6b,1,701,1
4.905938,0.0,131.94140625,99.80198900266628,566,French horn,0.9932583260971868,7.737448999932894,cpp,mobilenet_v3_small,fb43224cd65640b9b25ded3ed7aeec9e,,Static baseline: every image uses this model,0.0,mobilenet_v3_small,50.0,2048.0,True,True,95a6d8332e65a953f807,1,566,1
4.909148,0.0,131.94140625,99.59209572442887,406,altar,0.3487917450787637,8.23134300003403,cpp,mobilenet_v3_small,b075b4e29df54d5ab3e81a399d093c18,,Static baseline: every image uses this model,0.0,mobilenet_v3_small,50.0,2048.0,True,True,298fb3d15c1c56aa6a1b,1,497,0
5.162232,0.0,131.94140625,99.62491156358016,574,golf ball,0.9969133444997234,8.34923100001106,cpp,mobilenet_v3_small,7b083af75fd24b6782f94c62e23adc2e,,Static baseline: every image uses this model,0.0,mobilenet_v3_small,50.0,2048.0,True,True,dfafa0b6ed6c5146f025,1,574,1
4.791275,0.0,131.94140625,99.6913406064759,491,chain saw,0.999675761532608,9.230886999830544,cpp,mobilenet_v3_small,a3a07d96f92a4b7a9073fe5c052838c9,,Static baseline: every image uses this model,0.0,mobilenet_v3_small,50.0,2048.0,True,True,822ecb098d1efd5cc425,1,491,1
4.921115,0.0,131.94921875,99.75819875396036,739,potter's wheel,0.2081629327076862,8.126509000021542,cpp,mobilenet_v3_small,8ad2064d53ea4ecd81de7fbbc94c48d8,,Static baseline: every image uses this model,0.0,mobilenet_v3_small,50.0,2048.0,True,True,3de5f3a0109d307875a8,1,491,0
5.083114,0.0,131.94921875,99.73430114891926,491,chain saw,0.9997509188596484,8.250318000136758,cpp,mobilenet_v3_small,a438d0536fe6444283f9138729e6de65,,Static baseline: every image uses this model,0.0,mobilenet_v3_small,50.0,2048.0,True,True,6d7204950e9ea9baf7eb,1,491,1
5.05107,0.0,131.953125,99.67561543893176,566,French horn,0.6730542706168385,8.528766000154064,cpp,mobilenet_v3_small,cbcebb0c9e8f4413a8eeb0fdf0e8c47f,,Static baseline: every image uses this model,0.0,mobilenet_v3_small,50.0,2048.0,True,True,a829012efaba7982ccf9,1,566,1
4.874219,0.0,131.953125,99.68064064080254,491,chain saw,0.9999988317844206,7.91459499987468,cpp,mobilenet_v3_small,5ea44813aa1245bdbaeb1e1b3ce554da,,Static baseline: every image uses this model,0.0,mobilenet_v3_small,50.0,2048.0,True,True,a9ccf20cebb67562b233,1,491,1
4.994883,0.0,131.953125,99.67162790659567,713,photocopier,0.8444178158135708,8.198017000040636,cpp,mobilenet_v3_small,eb218899b7bc41a98882cde40adcd407,,Static baseline: every image uses this model,0.0,mobilenet_v3_small,50.0,2048.0,True,True,441b74bb0600359a5ae1,1,482,0
4.872414,0.0,131.953125,99.58364158383856,491,chain saw,0.709344160626665,7.895361000009871,cpp,mobilenet_v3_small,8e7dfc37018f4400aa68efbb1ab40690,,Static baseline: every image uses this model,0.0,mobilenet_v3_small,50.0,2048.0,True,True,8a58d7d2fbec5278ad37,1,491,1
4.604545,0.0,131.95703125,99.67081308107474,569,garbage truck,0.9736842001502076,7.761243999993894,cpp,mobilenet_v3_small,247972f73b3f413f8fda4a7fe95b9951,,Static baseline: every image uses this model,0.0,mobilenet_v3_small,50.0,2048.0,True,True,0be2554779cb63aa7570,1,569,1
4.804897,0.0,132.04296875,99.74744887636544,569,garbage truck,0.9928520384760782,8.345240999915404,cpp,mobilenet_v3_small,6aaad51d3fb04b69aba1ded5a717c632,,Static baseline: every image uses this model,0.0,mobilenet_v3_small,50.0,2048.0,True,True,ce8529c8eee748f146d3,1,569,1
4.784175,0.0,132.04296875,99.64651557262508,400,academic gown,0.1963711158238826,7.752251000056276,cpp,mobilenet_v3_small,0f101df6a0fc4829889ef0d85b6620c7,,Static baseline: every image uses this model,0.0,mobilenet_v3_small,50.0,2048.0,True,True,a5cb5dce8fea0d78d48b,1,574,0
5.06592,0.0,132.046875,99.53652974052554,566,French horn,0.6595821624205583,8.475409000084255,cpp,mobilenet_v3_small,4ce80a516c6f430a9cf78fe6b8e780f3,,Static baseline: every image uses this model,0.0,mobilenet_v3_small,50.0,2048.0,True,True,4820256bcd3e9dc760e4,1,566,1
5.936693,0.0,132.2421875,99.4810942870314,701,parachute,0.9996197023251672,9.750519000135682,cpp,mobilenet_v3_small,b294c289189f48ab91a87c83381b96ee,,Static baseline: every image uses this model,0.0,mobilenet_v3_small,50.0,2048.0,True,True,1ce9829c757e18582436,1,701,1
5.249986,0.0,132.37890625,99.75798679160766,217,English springer,0.9552077726096326,8.991658000013558,cpp,mobilenet_v3_small,812725db689b48fabeb9c3a905acf2f3,,Static baseline: every image uses this model,0.0,mobilenet_v3_small,50.0,2048.0,True,True,6f7809e7f2cc44bd0073,1,217,1
5.146239,0.0,132.3515625,99.58793127658308,884,vault,0.3555013024688301,8.654139000100258,cpp,mobilenet_v3_small,ab283418396248b986bb419414901438,,Static baseline: every image uses this model,0.0,mobilenet_v3_small,50.0,2048.0,True,True,d4dcc887e7e10d2bf5fa,1,497,0
5.33154,0.0,132.3828125,99.54361511774805,574,golf ball,0.9999996653090328,9.442906999993284,cpp,mobilenet_v3_small,3111443a249d4698ab2c1f6ddd9a4630,,Static baseline: every image uses this model,0.0,mobilenet_v3_small,50.0,2048.0,True,True,be5eaa3600e1cc67f394,1,574,1
5.207694,0.0,132.3828125,99.72684297216288,701,parachute,0.9544760323646558,8.663515000080224,cpp,mobilenet_v3_small,1142786665454aec9d3d7cc0ee89a8e5,,Static baseline: every image uses this model,0.0,mobilenet_v3_small,50.0,2048.0,True,True,383867303b559ef23d2d,1,701,1
5.151421,0.0,132.3828125,99.77980512858264,574,golf ball,0.9997044662015924,8.214995999878738,cpp,mobilenet_v3_small,c2ca3fbed0a04c7d846b6d4ac0fb339d,,Static baseline: every image uses this model,0.0,mobilenet_v3_small,50.0,2048.0,True,True,187e3af108481037ef18,1,574,1
4.879605,0.0,132.3828125,99.59896742550087,830,stretcher,0.5082401855591424,8.07340899996234,cpp,mobilenet_v3_small,f2f6cb40713249ddac2393b1c2f66ec7,,Static baseline: every image uses this model,0.0,mobilenet_v3_small,50.0,2048.0,True,True,0038ddc45cbe29596ba9,1,491,0
5.235259,0.0,132.3828125,99.66946717590103,0,tench,0.9999760854005414,8.74769400002151,cpp,mobilenet_v3_small,608e4408df854836bc3b7bddae836e97,,Static baseline: every image uses this model,0.0,mobilenet_v3_small,50.0,2048.0,True,True,a2ebfa36b363d02c435f,1,0,1
5.428851,0.0,132.3828125,99.56284794178312,73,barn spider,0.4334660134851359,8.79419400007464,cpp,mobilenet_v3_small,5bdeb9c4676f43ceaac92a106b92ad9d,,Static baseline: every image uses this model,0.0,mobilenet_v3_small,50.0,2048.0,True,True,8e0f259737a8cf29adcd,1,701,0
5.579009,0.0,132.3828125,99.35269531755068,0,tench,0.5121972551131087,10.655106000058367,cpp,mobilenet_v3_small,469db5f278184c13925d11552de8cad9,,Static baseline: every image uses this model,0.0,mobilenet_v3_small,50.0,2048.0,True,True,672289c345c6b157c122,1,0,1
5.559338,0.0,132.3828125,99.72146808084308,491,chain saw,0.9971914082173996,8.578908999879786,cpp,mobilenet_v3_small,e12029354b81446b88e1d12422b14426,,Static baseline: every image uses this model,0.0,mobilenet_v3_small,50.0,2048.0,True,True,97909eccc6227b59cdbd,1,491,1
5.539126,0.0,132.3828125,99.54107419530963,482,cassette player,0.6060792280018127,8.792052999979205,cpp,mobilenet_v3_small,3bc16eb1d63c4fc2bfab6e3cb7ec8ec3,,Static baseline: every image uses this model,0.0,mobilenet_v3_small,50.0,2048.0,True,True,ead41664127f392d4b3a,1,482,1
6.429707,0.0,132.3828125,99.40920885982584,574,golf ball,0.8303300836410683,9.99761100001706,cpp,mobilenet_v3_small,ec877a23895543c88dd6ac57fe6aea25,,Static baseline: every image uses this model,0.0,mobilenet_v3_small,50.0,2048.0,True,True,e95f8f97b7e36d6619df,1,574,1
7.387264,0.0,132.3828125,99.38730191346508,574,golf ball,0.9987844174862068,11.82686900006047,cpp,mobilenet_v3_small,d88e1820282545b4a27bd7bf5ddf886f,,Static baseline: every image uses this model,0.0,mobilenet_v3_small,50.0,2048.0,True,True,4b548c57634f96cce13f,1,574,1
11.095312,0.0,132.38671875,99.09664130035269,707,pay-phone,0.2157933159083242,15.292374999944514,cpp,mobilenet_v3_small,8664fc58f706418980ecaa760966c0e6,,Static baseline: every image uses this model,0.0,mobilenet_v3_small,50.0,2048.0,True,True,971fa9f2047ef0b7580b,1,571,0
12.10369,0.0,132.38671875,98.88282852279691,663,monastery,0.464341906334016,21.20829300019977,cpp,mobilenet_v3_small,f6ab091dca574bdeac872e9f64ced98a,,Static baseline: every image uses this model,0.0,mobilenet_v3_small,50.0,2048.0,True,True,2620f63214c6d4d53a2e,1,497,0
12.014202,0.0,132.38671875,99.00996698166988,569,garbage truck,0.5083698992920235,20.89980799996738,cpp,mobilenet_v3_small,38f780a1244649a4aaf8a5b4916a22e3,,Static baseline: every image uses this model,0.0,mobilenet_v3_small,50.0,2048.0,True,True,cd042851c41a91dcb39d,1,569,1
12.080289,0.0,132.38671875,98.97228727427114,217,English springer,0.0878971902297676,20.677178999903845,cpp,mobilenet_v3_small,90f1d01b1b5941f88af3e917d2c0d216,,Static baseline: every image uses this model,0.0,mobilenet_v3_small,50.0,2048.0,True,True,560c8d4bfd14be3e6a8a,1,217,1
9.704805,0.0,132.38671875,99.04053847969536,217,English springer,0.5835511659436893,17.856787000027907,cpp,mobilenet_v3_small,da4d92af830d4c72855f9975662cf7aa,,Static baseline: every image uses this model,0.0,mobilenet_v3_small,50.0,2048.0,True,True,71d33942636767e8ed5a,1,217,1
16.121895,0.0,132.38671875,98.14409098949147,0,tench,0.9048288077752856,25.541499999917505,cpp,mobilenet_v3_small,42af0248eaf4471d9899305f07f9bc76,,Static baseline: every image uses this model,0.0,mobilenet_v3_small,50.0,2048.0,True,True,f6ff97e8bae06024f9d5,1,0,1
7.833332,0.0,132.38671875,98.2897027004635,574,golf ball,0.9568963740172376,14.799005999975634,cpp,mobilenet_v3_small,60be83ccfc0d4145bb313bfea77f7406,,Static baseline: every image uses this model,0.0,mobilenet_v3_small,50.0,2048.0,True,True,71e9baf5ea98ffedf5a8,1,574,1
8.627873,0.0,132.38671875,99.31540047941404,701,parachute,0.9546257468146624,13.286599999901227,cpp,mobilenet_v3_small,db2e122bd5314e708f71ae1bab806ea2,,Static baseline: every image uses this model,0.0,mobilenet_v3_small,50.0,2048.0,True,True,30fb16826a0b77fbdaf0,1,701,1
9.161155,0.0,132.38671875,98.73336417536213,195,Boston bull,0.2922176778312602,15.249844999971174,cpp,mobilenet_v3_small,b302e6fabbfe4df789ad14163c246903,,Static baseline: every image uses this model,0.0,mobilenet_v3_small,50.0,2048.0,True,True,073d0199c1f24a40dc5b,1,217,0
5.867429,0.0,132.38671875,99.20347904408816,574,golf ball,0.9897354315759668,10.618552999858366,cpp,mobilenet_v3_small,2b770861397645788be066487501775c,,Static baseline: every image uses this model,0.0,mobilenet_v3_small,50.0,2048.0,True,True,b9dd47e849749a3e01ef,1,574,1
5.156336,0.0,132.38671875,99.59544650780528,497,church,0.6786071250248797,8.486145999995642,cpp,mobilenet_v3_small,3ccede5dbaef49b8bd9d0223578985f0,,Static baseline: every image uses this model,0.0,mobilenet_v3_small,50.0,2048.0,True,True,050c33a7d7f32fd92ac6,1,497,1
5.312643,0.0,132.38671875,99.28838912071832,491,chain saw,0.262145664616863,9.830512999997154,cpp,mobilenet_v3_small,261900a9aa2a400ca5dc3b03b24e9ee7,,Static baseline: every image uses this model,0.0,mobilenet_v3_small,50.0,2048.0,True,True,5722417798e696c036a9,1,491,1
5.292067,0.0,132.38671875,99.59968220398882,491,chain saw,0.980391565854831,8.697339999798714,cpp,mobilenet_v3_small,25c48b9f7db74b10926b4bcd29ec8550,,Static baseline: every image uses this model,0.0,mobilenet_v3_small,50.0,2048.0,True,True,0b8b19a751055a1ec8a0,1,491,1
5.544271,0.0,132.38671875,99.74613849899234,848,tape player,0.486917427749532,9.164051999960066,cpp,mobilenet_v3_small,a4bc5e66f7e14a84a0ca024ad94df9d0,,Static baseline: every image uses this model,0.0,mobilenet_v3_small,50.0,2048.0,True,True,9b619751b75c8a6ad1a0,1,482,0
4.982662,0.0,132.390625,99.55180899827374,701,parachute,0.9153856828646042,10.588566000024002,cpp,mobilenet_v3_small,58263af6928d486a855674036b926f39,,Static baseline: every image uses this model,0.0,mobilenet_v3_small,50.0,2048.0,True,True,31d5325988db9f1c752b,1,701,1
5.07603,0.0,132.390625,99.58522902158244,590,hand-held computer,0.4004814688046831,8.088318999853072,cpp,mobilenet_v3_small,51077f69535e407da4798dd3a62c0809,,Static baseline: every image uses this model,0.0,mobilenet_v3_small,50.0,2048.0,True,True,b96089f5a0ee8958f842,1,482,0
5.323464,0.0,132.39453125,99.34464164809036,220,Sussex spaniel,0.2058296499984729,9.514946999843232,cpp,mobilenet_v3_small,2fde1d987c1b4c4eb516a397aefeb5f9,,Static baseline: every image uses this model,0.0,mobilenet_v3_small,50.0,2048.0,True,True,3fcb8614fa0697512341,1,217,0
5.17646,0.0,132.39453125,99.73434350207744,0,tench,0.9996678401020548,8.405214999811506,cpp,mobilenet_v3_small,9a6c79d0fcbd46da9ec5636982092786,,Static baseline: every image uses this model,0.0,mobilenet_v3_small,50.0,2048.0,True,True,f164d1a7b2bfad695ace,1,0,1
4.688356,0.0,132.39453125,99.70454868728493,0,tench,0.7647460872029334,7.726822999984506,cpp,mobilenet_v3_small,e69b4fa635344064957e2f4dd4c6d75b,,Static baseline: every image uses this model,0.0,mobilenet_v3_small,50.0,2048.0,True,True,f53fbb95080335df2c2d,1,0,1
4.919986,0.0,132.39453125,99.38713498217167,701,parachute,0.4260599249409807,8.509540999966703,cpp,mobilenet_v3_small,84088b04c3bd40b291b0fae8a7bdc8ea,,Static baseline: every image uses this model,0.0,mobilenet_v3_small,50.0,2048.0,True,True,68ae5f6b4dfe6c710ddc,1,701,1
5.039234,0.0,132.39453125,99.47104984805956,232,Border collie,0.1046552488295859,8.35296099990046,cpp,mobilenet_v3_small,44abe08d609a4becbdec8a1a4acf6679,,Static baseline: every image uses this model,0.0,mobilenet_v3_small,50.0,2048.0,True,True,2a328ad9ed0463dd8e40,1,217,0
5.476786,0.0,132.39453125,99.31645251669464,566,French horn,0.9970273035380478,8.73618900004658,cpp,mobilenet_v3_small,a05a7562f7c749b28c48f0758e74de70,,Static baseline: every image uses this model,0.0,mobilenet_v3_small,50.0,2048.0,True,True,e164986e7efd9a941c8e,1,566,1
5.095903,0.0,132.3984375,99.40914318158664,227,kelpie,0.2578671865305892,8.197079000183294,cpp,mobilenet_v3_small,8297853dc8734017887c9e2f08dea046,,Static baseline: every image uses this model,0.0,mobilenet_v3_small,50.0,2048.0,True,True,edec038dc21e45a32a00,1,217,0
5.050044,0.0,132.3984375,99.685236039211,217,English springer,0.7260319279122938,8.351655000069513,cpp,mobilenet_v3_small,af616b28d75a4520abdb4c9c2d65616b,,Static baseline: every image uses this model,0.0,mobilenet_v3_small,50.0,2048.0,True,True,c502624fc7bb3bb7c430,1,217,1
5.037913,0.0,132.3984375,99.63607945909077,571,gas pump,0.9996508005833028,8.153703000061796,cpp,mobilenet_v3_small,94b388252e0d48d0865ff04a0c7a012b,,Static baseline: every image uses this model,0.0,mobilenet_v3_small,50.0,2048.0,True,True,cabe8ff46702c50e9274,1,571,1
4.96773,0.0,132.3984375,99.42548741444246,675,moving van,0.2235748584627742,8.023497000067437,cpp,mobilenet_v3_small,8b9d8a45a42f4953896883eba22cd622,,Static baseline: every image uses this model,0.0,mobilenet_v3_small,50.0,2048.0,True,True,759cbbc8629f7d2e495f,1,569,0
5.02358,0.0,132.3984375,99.5917055735682,674,mousetrap,0.0965965452461388,8.262175000027128,cpp,mobilenet_v3_small,fecc8f426243431f9da3a97e00d22879,,Static baseline: every image uses this model,0.0,mobilenet_v3_small,50.0,2048.0,True,True,aca16af98b818790e01b,1,482,0
4.951192,0.0,132.3984375,99.58667887455826,621,lawn mower,0.3023785111436779,8.1055620000825,cpp,mobilenet_v3_small,5014b066ef28491a987400bc1dcee7c8,,Static baseline: every image uses this model,0.0,mobilenet_v3_small,50.0,2048.0,True,True,0d1cfd3c9113ab92d8a9,1,571,0
4.976876,0.0,132.3984375,99.64149581201173,116,chiton,0.419688258144664,8.147742999881302,cpp,mobilenet_v3_small,0be4f7f93dd148f686b5f41e7a62061e,,Static baseline: every image uses this model,0.0,mobilenet_v3_small,50.0,2048.0,True,True,39bb040fb53a1d176cae,1,0,0
5.044952,0.0,132.40234375,99.47633188350432,663,monastery,0.4560518812694235,8.345362000000023,cpp,mobilenet_v3_small,205ddcc937dc414fa4709d6721bf1963,,Static baseline: every image uses this model,0.0,mobilenet_v3_small,50.0,2048.0,True,True,a0917b15d44486760f0e,1,497,0
5.213177,0.0,132.40234375,99.56332735657956,701,parachute,0.9980184011598716,8.24713899987728,cpp,mobilenet_v3_small,3d32f8073a8342979348d588f14c4e7a,,Static baseline: every image uses this model,0.0,mobilenet_v3_small,50.0,2048.0,True,True,ddb3b09917f249dbe143,1,701,1
6.686985,0.0,132.40625,99.44827389150694,566,French horn,0.9997432464525134,10.50702500015177,cpp,mobilenet_v3_small,37d5e63f86e94c6aa4ab35a8f29f6e50,,Static baseline: every image uses this model,0.0,mobilenet_v3_small,50.0,2048.0,True,True,1fe86a7b0db415dc071c,1,566,1
5.130509,0.0,132.40625,99.60611161275251,0,tench,0.9997778983859752,8.522464999941803,cpp,mobilenet_v3_small,fbde41c648f841a1bbba74f74618bf9c,,Static baseline: every image uses this model,0.0,mobilenet_v3_small,50.0,2048.0,True,True,f5b6098226ef6b4d3008,1,0,1
4.862235,0.0,132.40625,99.60061556879292,491,chain saw,0.251669982959622,9.781552999811538,cpp,mobilenet_v3_small,7b4c89a2b97643e5a3c238cc065c14ae,,Static baseline: every image uses this model,0.0,mobilenet_v3_small,50.0,2048.0,True,True,e969791171f72413723a,1,491,1
5.395027,0.0,132.40625,99.49333657649436,217,English springer,0.5586676246212985,8.636699999897246,cpp,mobilenet_v3_small,e7f20f6ff0e14e84aaf0c8a06a6341bd,,Static baseline: every image uses this model,0.0,mobilenet_v3_small,50.0,2048.0,True,True,2f0b56bb43b367cf0737,1,217,1
5.170633,0.0,132.41015625,99.44740656036645,497,church,0.7919017757483665,8.700428999873111,cpp,mobilenet_v3_small,be59654a19c74c99b5eddd22ce684385,,Static baseline: every image uses this model,0.0,mobilenet_v3_small,50.0,2048.0,True,True,42416e86d762cb8caf7a,1,497,1
4.796101,0.0,132.41015625,99.5292441431154,0,tench,0.9975248440699528,7.872020999911911,cpp,mobilenet_v3_small,af48c64dcdfc46dbaa55e7afe15cda9a,,Static baseline: every image uses this model,0.0,mobilenet_v3_small,50.0,2048.0,True,True,7bf919583e8a809b8724,1,0,1
5.026338,0.0,132.41015625,99.44438713710454,569,garbage truck,0.5097801949650608,8.288685000024998,cpp,mobilenet_v3_small,d3ccba80d5254407a257f5ba10c9ad46,,Static baseline: every image uses this model,0.0,mobilenet_v3_small,50.0,2048.0,True,True,1718763bdc51740a7d7a,1,569,1
5.357865,0.0,132.41015625,99.857860163178,675,moving van,0.6997966960014768,8.540885000002163,cpp,mobilenet_v3_small,881defff31244cb086aa873fa2f361db,,Static baseline: every image uses this model,0.0,mobilenet_v3_small,50.0,2048.0,True,True,c10444f8b888582761a4,1,569,0
4.847186,0.0,132.41015625,99.88141158822968,571,gas pump,0.9997290856284924,7.5580739999168145,cpp,mobilenet_v3_small,c17ea66ff5484d9ab94ab566ab0639b5,,Static baseline: every image uses this model,0.0,mobilenet_v3_small,50.0,2048.0,True,True,90e1209a31015bd22730,1,571,1
5.544368,0.0,132.41015625,99.63884290230092,749,quill,0.2781236584435557,8.539773999928002,cpp,mobilenet_v3_small,add2583d718c433887cbc423e5edae63,,Static baseline: every image uses this model,0.0,mobilenet_v3_small,50.0,2048.0,True,True,fa8dca38dfc9570aba66,1,482,0
5.811511,0.0,132.41015625,99.50999585295736,663,monastery,0.5503947837333284,10.233994999907736,cpp,mobilenet_v3_small,8922ddd517ed41c5a218b23ed252d247,,Static baseline: every image uses this model,0.0,mobilenet_v3_small,50.0,2048.0,True,True,ec65f302bff6f50bb8a2,1,497,0
5.980778,0.0,132.4140625,99.63958083642494,668,mosque,0.4012105871484328,9.1462949999368,cpp,mobilenet_v3_small,aa6ef639d7044f57b71b8777e2ce5d69,,Static baseline: every image uses this model,0.0,mobilenet_v3_small,50.0,2048.0,True,True,119e22c1bc53d94525dc,1,497,0
5.72242,0.0,132.4140625,99.68303645527334,701,parachute,0.4462090784953996,9.683448000032511,cpp,mobilenet_v3_small,7bdcb0d73b024577a30afa79b5051007,,Static baseline: every image uses this model,0.0,mobilenet_v3_small,50.0,2048.0,True,True,a090cb4a0dea5c618439,1,701,1
5.119852,0.0,132.42578125,99.71585047347904,574,golf ball,0.9987844174862068,8.40860099992824,cpp,mobilenet_v3_small,455b73f0482d4fdf9f476a3f3147d40a,,Static baseline: every image uses this model,0.0,mobilenet_v3_small,50.0,2048.0,True,True,4b548c57634f96cce13f,2,574,1
5.040103,0.0,132.42578125,99.82745198532288,571,gas pump,0.9406437023561692,8.3020370000213,cpp,mobilenet_v3_small,64c8f3a1d5a04a489c7e977657c17b7a,,Static baseline: every image uses this model,0.0,mobilenet_v3_small,50.0,2048.0,True,True,9fda59f5fd0df9879327,2,571,1
5.439244,0.0,132.4296875,99.75728636871392,663,monastery,0.4560518812694235,8.867240000199672,cpp,mobilenet_v3_small,8945511eacfd482cb20b10ac093826cd,,Static baseline: every image uses this model,0.0,mobilenet_v3_small,50.0,2048.0,True,True,a0917b15d44486760f0e,2,497,0
4.994838,0.0,132.4296875,99.8028247384637,227,kelpie,0.2578671865305892,8.27588599986484,cpp,mobilenet_v3_small,42a81838c23648cdba53ef91c85b41ac,,Static baseline: every image uses this model,0.0,mobilenet_v3_small,50.0,2048.0,True,True,edec038dc21e45a32a00,2,217,0
5.222224,0.0,132.52734375,99.7177711132978,574,golf ball,0.9897354315759668,8.64865399989867,cpp,mobilenet_v3_small,745dfcf57454458d8383b579416c421e,,Static baseline: every image uses this model,0.0,mobilenet_v3_small,50.0,2048.0,True,True,b9dd47e849749a3e01ef,2,574,1
5.182582,0.0,132.52734375,99.48141789572404,663,monastery,0.43443191769851,8.72185899993383,cpp,mobilenet_v3_small,99dc8e3c03b746ad94f3b73ea0d9435a,,Static baseline: every image uses this model,0.0,mobilenet_v3_small,50.0,2048.0,True,True,13e3bcc97110094b8448,2,497,0
5.331665,0.0,132.52734375,99.58934615708591,701,parachute,0.9694100204551596,8.740694999914922,cpp,mobilenet_v3_small,6bb6029839d1458a87692259eecb8e5f,,Static baseline: every image uses this model,0.0,mobilenet_v3_small,50.0,2048.0,True,True,417536921c3e9bb251be,2,701,1
5.148547,0.0,132.6953125,99.58913815967256,232,Border collie,0.1046552488295859,8.6048389998723,cpp,mobilenet_v3_small,13a1f843b443423692915b03186baf76,,Static baseline: every image uses this model,0.0,mobilenet_v3_small,50.0,2048.0,True,True,2a328ad9ed0463dd8e40,2,217,0
5.534081,0.0,132.6640625,99.15034585568728,621,lawn mower,0.3023785111436779,9.406651000062991,cpp,mobilenet_v3_small,7504ddedc51f4a5da70e0638b45dfc85,,Static baseline: every image uses this model,0.0,mobilenet_v3_small,50.0,2048.0,True,True,0d1cfd3c9113ab92d8a9,2,571,0
5.946019,0.0,132.6953125,94.0925914306404,217,English springer,0.0878971902297676,9.815335999974195,cpp,mobilenet_v3_small,9b71c3d28a58450aafee4074accf7679,,Static baseline: every image uses this model,0.0,mobilenet_v3_small,50.0,2048.0,True,True,560c8d4bfd14be3e6a8a,2,217,1
5.337669,0.0,132.6953125,96.83607753279584,566,French horn,0.9997432464525134,9.020417000101588,cpp,mobilenet_v3_small,f590e115b5da4edf96da2720c03e452b,,Static baseline: every image uses this model,0.0,mobilenet_v3_small,50.0,2048.0,True,True,1fe86a7b0db415dc071c,2,566,1
5.277297,0.0,132.6953125,99.5708106697429,571,gas pump,0.709198912733874,8.347131999926205,cpp,mobilenet_v3_small,cab1720f44494f998485fb4ede4712cb,,Static baseline: every image uses this model,0.0,mobilenet_v3_small,50.0,2048.0,True,True,17d5a963eb476a043cf3,2,571,1
4.937655,0.0,132.6953125,99.69926751761834,701,parachute,0.9153856828646042,10.612422000122024,cpp,mobilenet_v3_small,8c27ed2074ac4cd389caad73ea87615f,,Static baseline: every image uses this model,0.0,mobilenet_v3_small,50.0,2048.0,True,True,31d5325988db9f1c752b,2,701,1
5.09952,0.0,132.6953125,99.48776718647912,569,garbage truck,0.6379212474982539,8.376855000051364,cpp,mobilenet_v3_small,77d60944595c4df3a04bce87ba019836,,Static baseline: every image uses this model,0.0,mobilenet_v3_small,50.0,2048.0,True,True,45bd4d0f4d7478b0cee3,2,569,1
5.080901,0.0,132.6953125,99.49673076446796,566,French horn,0.6595821624205583,8.268138999937946,cpp,mobilenet_v3_small,ff7686be92794ea481f5e7cf267a5726,,Static baseline: every image uses this model,0.0,mobilenet_v3_small,50.0,2048.0,True,True,4820256bcd3e9dc760e4,2,566,1
4.816988,0.0,132.6953125,99.56606743026128,701,parachute,0.9544760323646558,7.997094999836918,cpp,mobilenet_v3_small,4b1a086328694060a31e0d60092f9f83,,Static baseline: every image uses this model,0.0,mobilenet_v3_small,50.0,2048.0,True,True,383867303b559ef23d2d,2,701,1
5.091172,0.0,132.6953125,99.52066098914756,569,garbage truck,0.9736842001502076,8.633347000113645,cpp,mobilenet_v3_small,a825838111bc4e6a9b8d151fbfd9242d,,Static baseline: every image uses this model,0.0,mobilenet_v3_small,50.0,2048.0,True,True,0be2554779cb63aa7570,2,569,1
4.970172,0.0,132.6953125,99.52937008800578,491,chain saw,0.9997509188596484,8.118906000163406,cpp,mobilenet_v3_small,4c6da6272d7249b5aacc120f12fccacd,,Static baseline: every image uses this model,0.0,mobilenet_v3_small,50.0,2048.0,True,True,6d7204950e9ea9baf7eb,2,491,1
5.2406,0.0,132.6953125,99.54368903117523,0,tench,0.5121972551131087,8.713136999858762,cpp,mobilenet_v3_small,7f4080ba0aa54b7e87735957c9a17a64,,Static baseline: every image uses this model,0.0,mobilenet_v3_small,50.0,2048.0,True,True,672289c345c6b157c122,2,0,1
5.063533,0.0,132.6953125,99.55049128477768,571,gas pump,0.9996508005833028,8.419859000014185,cpp,mobilenet_v3_small,39f67aee790d44e0acfbdd5c9727d8e2,,Static baseline: every image uses this model,0.0,mobilenet_v3_small,50.0,2048.0,True,True,cabe8ff46702c50e9274,2,571,1
5.008131,0.0,132.6953125,99.69320194632002,739,potter's wheel,0.2081629327076862,8.19040400006088,cpp,mobilenet_v3_small,e84a0ce4900b48b0914ed08b8479077b,,Static baseline: every image uses this model,0.0,mobilenet_v3_small,50.0,2048.0,True,True,3de5f3a0109d307875a8,2,491,0
4.995408,0.0,132.6953125,99.49364721911896,701,parachute,0.9997642845125476,8.43937299987374,cpp,mobilenet_v3_small,2340706b8bcc498f8b989cadfe1fca8e,,Static baseline: every image uses this model,0.0,mobilenet_v3_small,50.0,2048.0,True,True,b3b7d952751637282f6b,2,701,1
4.953936,0.0,132.6953125,99.5893550206826,701,parachute,0.9980184011598716,8.097261999864713,cpp,mobilenet_v3_small,bc98f13fad264b74bac9852e0d80100c,,Static baseline: every image uses this model,0.0,mobilenet_v3_small,50.0,2048.0,True,True,ddb3b09917f249dbe143,2,701,1
5.55686,0.0,132.6953125,94.19164368095277,491,chain saw,0.251669982959622,10.69269799995709,cpp,mobilenet_v3_small,ad20f0fef1b3450ea3fd9775e23a2332,,Static baseline: every image uses this model,0.0,mobilenet_v3_small,50.0,2048.0,True,True,e969791171f72413723a,2,491,1
5.165876,0.0,132.69921875,99.672843968679,406,altar,0.3487917450787637,8.702881000090201,cpp,mobilenet_v3_small,6303802fdc2b43089b8babd8d56059da,,Static baseline: every image uses this model,0.0,mobilenet_v3_small,50.0,2048.0,True,True,298fb3d15c1c56aa6a1b,2,497,0
5.055325,0.0,132.69921875,99.47614169703589,701,parachute,0.4260599249409807,8.456866999949852,cpp,mobilenet_v3_small,1e870b7133ae4c78a549dcee4657b6e4,,Static baseline: every image uses this model,0.0,mobilenet_v3_small,50.0,2048.0,True,True,68ae5f6b4dfe6c710ddc,2,701,1
5.133139,0.0,132.69921875,99.4648583303797,0,tench,0.7647460872029334,8.357600000181264,cpp,mobilenet_v3_small,46fb8a3fbe094bacbc335f8fec03d756,,Static baseline: every image uses this model,0.0,mobilenet_v3_small,50.0,2048.0,True,True,f53fbb95080335df2c2d,2,0,1
6.226434,0.0,132.69921875,99.4479627512082,400,academic gown,0.1963711158238826,9.381250999922486,cpp,mobilenet_v3_small,35b616ee29114ecfb35068b1c1c877d2,,Static baseline: every image uses this model,0.0,mobilenet_v3_small,50.0,2048.0,True,True,a5cb5dce8fea0d78d48b,2,574,0
5.896225,0.0,132.69921875,99.58156424496978,663,monastery,0.5503947837333284,9.731004000059327,cpp,mobilenet_v3_small,c7362bd508614b1ab67cf9ba0062dacb,,Static baseline: every image uses this model,0.0,mobilenet_v3_small,50.0,2048.0,True,True,ec65f302bff6f50bb8a2,2,497,0
5.509123,0.0,132.69921875,99.58656526206464,491,chain saw,0.9999988317844206,8.8758870001584,cpp,mobilenet_v3_small,de2b52f5e61741679df5cc830c06c282,,Static baseline: every image uses this model,0.0,mobilenet_v3_small,50.0,2048.0,True,True,a9ccf20cebb67562b233,2,491,1
5.798695,0.0,132.69921875,99.83547069704122,675,moving van,0.5434645453746406,9.24151500021253,cpp,mobilenet_v3_small,076005d774c84802bdcac09d4d31e461,,Static baseline: every image uses this model,0.0,mobilenet_v3_small,50.0,2048.0,True,True,b25a98271d50629a4f1d,2,569,0
7.97452,0.0,132.69921875,99.45887633009993,220,Sussex spaniel,0.2058296499984729,12.085777000038432,cpp,mobilenet_v3_small,96eb0510c132408aa11d6dda42f3d36d,,Static baseline: every image uses this model,0.0,mobilenet_v3_small,50.0,2048.0,True,True,3fcb8614fa0697512341,2,217,0
6.176263,0.0,132.69921875,99.50111368235048,232,Border collie,0.2272443551445507,10.107913999945596,cpp,mobilenet_v3_small,0acf855ed507467bb85b07924849caa1,,Static baseline: every image uses this model,0.0,mobilenet_v3_small,50.0,2048.0,True,True,4b193d510c7badf1e9d7,2,217,0
8.196589,0.0,132.69921875,99.31044661626514,491,chain saw,0.5559572843536429,12.595543999850634,cpp,mobilenet_v3_small,68591207ae5c4e7096c78a41eb033885,,Static baseline: every image uses this model,0.0,mobilenet_v3_small,50.0,2048.0,True,True,b683b233630b42dc4774,2,491,1
5.94577,0.0,132.69921875,99.12399789373288,476,carousel,0.2047949511478363,10.85225699989678,cpp,mobilenet_v3_small,6b20ba440efb47e2bd27695b1da932a6,,Static baseline: every image uses this model,0.0,mobilenet_v3_small,50.0,2048.0,True,True,c855206e6d49ba4dd808,2,701,0
5.425317,0.0,132.69921875,99.372365228359,497,church,0.6786071250248797,8.990100999881179,cpp,mobilenet_v3_small,305f9950e7524658aa50869c419eaaf7,,Static baseline: every image uses this model,0.0,mobilenet_v3_small,50.0,2048.0,True,True,050c33a7d7f32fd92ac6,2,497,1
5.394667,0.0,132.69921875,99.51757018894992,0,tench,0.9048288077752856,9.019965000106822,cpp,mobilenet_v3_small,7c650dace5bd44ca93af740bc515f110,,Static baseline: every image uses this model,0.0,mobilenet_v3_small,50.0,2048.0,True,True,f6ff97e8bae06024f9d5,2,0,1
5.675926,0.0,132.69921875,99.490469417498,217,English springer,0.9552077726096326,9.285212999884608,cpp,mobilenet_v3_small,2b98a044bd874d7da90251f342c8cbb8,,Static baseline: every image uses this model,0.0,mobilenet_v3_small,50.0,2048.0,True,True,6f7809e7f2cc44bd0073,2,217,1
5.357663,0.0,132.69921875,99.5020102432698,701,parachute,0.9991826182515902,8.882511999900089,cpp,mobilenet_v3_small,a25b7a4c803146209987f69868fa7080,,Static baseline: every image uses this model,0.0,mobilenet_v3_small,50.0,2048.0,True,True,b0bfa88a566c909ba480,2,701,1
5.219166,0.0,132.703125,99.34043908332872,590,hand-held computer,0.4004814688046831,8.594354000024396,cpp,mobilenet_v3_small,416a35ab543740eda43ee579d4fb67d0,,Static baseline: every image uses this model,0.0,mobilenet_v3_small,50.0,2048.0,True,True,b96089f5a0ee8958f842,2,482,0
5.573484,0.0,132.70703125,99.41825731969608,701,parachute,0.9996197023251672,9.03062499992302,cpp,mobilenet_v3_small,0602b388c9c54673ad656213a8f0e89a,,Static baseline: every image uses this model,0.0,mobilenet_v3_small,50.0,2048.0,True,True,1ce9829c757e18582436,2,701,1
5.476912,0.0,132.70703125,98.36656908346116,569,garbage truck,0.4962246448369193,8.690541999840207,cpp,mobilenet_v3_small,a596f7741242447caadfc4ed2e470c4c,,Static baseline: every image uses this model,0.0,mobilenet_v3_small,50.0,2048.0,True,True,2eeed640e4c9f230923b,2,569,1
5.649819,0.0,132.70703125,99.39581662237238,0,tench,0.9999760854005414,8.946125000193206,cpp,mobilenet_v3_small,05c1a937e4194b3fb4024accac5dd1f1,,Static baseline: every image uses this model,0.0,mobilenet_v3_small,50.0,2048.0,True,True,a2ebfa36b363d02c435f,2,0,1
6.151752,0.0,132.70703125,99.21913332347,195,Boston bull,0.2922176778312602,9.809356999994634,cpp,mobilenet_v3_small,9a4191095c424d67b65703049b47cc9e,,Static baseline: every image uses this model,0.0,mobilenet_v3_small,50.0,2048.0,True,True,073d0199c1f24a40dc5b,2,217,0
6.918736,0.0,132.70703125,98.740704292942,675,moving van,0.6997966960014768,12.488965000102326,cpp,mobilenet_v3_small,a957e2ee002641afa69248cab5f9d9f9,,Static baseline: every image uses this model,0.0,mobilenet_v3_small,50.0,2048.0,True,True,c10444f8b888582761a4,2,569,0
5.437047,0.0,132.70703125,99.7744257728288,569,garbage truck,0.5083698992920235,9.072844999991505,cpp,mobilenet_v3_small,175b0310044a466e81d226819e22c9fe,,Static baseline: every image uses this model,0.0,mobilenet_v3_small,50.0,2048.0,True,True,cd042851c41a91dcb39d,2,569,1
5.219254,0.0,132.70703125,99.40828876845949,574,golf ball,0.8303300836410683,8.850601000176539,cpp,mobilenet_v3_small,cc7bdc9fe8b74936be70dbf9cb25425a,,Static baseline: every image uses this model,0.0,mobilenet_v3_small,50.0,2048.0,True,True,e95f8f97b7e36d6619df,2,574,1
5.063322,0.0,132.7109375,99.70368244764192,574,golf ball,0.9999996653090328,8.266132000017024,cpp,mobilenet_v3_small,b45eefbdf24f4db7a235508712bed075,,Static baseline: every image uses this model,0.0,mobilenet_v3_small,50.0,2048.0,True,True,be5eaa3600e1cc67f394,2,574,1
5.104814,0.0,132.7109375,99.63143794951492,566,French horn,0.9932583260971868,8.075437999877977,cpp,mobilenet_v3_small,7424e21dc06b406dbc4dd0ed9f142574,,Static baseline: every image uses this model,0.0,mobilenet_v3_small,50.0,2048.0,True,True,95a6d8332e65a953f807,2,566,1
5.31514,0.0,132.7109375,99.72996923848802,482,cassette player,0.247736669173771,8.572727000000668,cpp,mobilenet_v3_small,cf36dfce5cd8410699e346d0106fa45d,,Static baseline: every image uses this model,0.0,mobilenet_v3_small,50.0,2048.0,True,True,9663eccdcbe0b346d2fb,2,482,1
5.221963,0.0,132.7109375,99.57293016571442,569,garbage truck,0.9988802628096758,8.638633999908052,cpp,mobilenet_v3_small,4a3e2e461afa47b5b8441b89d72225f3,,Static baseline: every image uses this model,0.0,mobilenet_v3_small,50.0,2048.0,True,True,5986b7616a1228b54cf8,2,569,1
5.227325,0.0,132.7109375,99.46816392246708,217,English springer,0.7260319279122938,8.496790999970472,cpp,mobilenet_v3_small,f052b027a45c44319aaacfafae33af5c,,Static baseline: every image uses this model,0.0,mobilenet_v3_small,50.0,2048.0,True,True,c502624fc7bb3bb7c430,2,217,1
5.509248,0.0,132.7109375,99.58714538608132,217,English springer,0.5586676246212985,8.686592999993081,cpp,mobilenet_v3_small,f9b4020a2ec249c8acc5e901ef3494c6,,Static baseline: every image uses this model,0.0,mobilenet_v3_small,50.0,2048.0,True,True,2f0b56bb43b367cf0737,2,217,1
5.500025,0.0,132.7109375,99.57731001756709,481,cassette,0.4872942850333939,8.54692600000817,cpp,mobilenet_v3_small,d2a111f9382f4811a332b9f87ec81e18,,Static baseline: every image uses this model,0.0,mobilenet_v3_small,50.0,2048.0,True,True,b46523267235e8ce5297,2,482,0
5.661137,0.0,132.7109375,99.60910182605129,569,garbage truck,0.9928520384760782,9.57922099996722,cpp,mobilenet_v3_small,823386075c024180a2dd15af42555983,,Static baseline: every image uses this model,0.0,mobilenet_v3_small,50.0,2048.0,True,True,ce8529c8eee748f146d3,2,569,1
7.754633,0.0,132.71875,99.52290713258974,663,monastery,0.5785628468160603,11.550790999990568,cpp,mobilenet_v3_small,b8b33c8fd537437493999f1c76555a85,,Static baseline: every image uses this model,0.0,mobilenet_v3_small,50.0,2048.0,True,True,44d0e6aade6060dd3a4c,2,497,0
6.118771,0.0,132.71875,99.36695270901173,574,golf ball,0.9969133444997234,10.585939000065991,cpp,mobilenet_v3_small,5a84a989f8d346f2b040fef4b4e7bade,,Static baseline: every image uses this model,0.0,mobilenet_v3_small,50.0,2048.0,True,True,dfafa0b6ed6c5146f025,2,574,1
5.36469,0.0,132.71875,99.78194885645554,482,cassette player,0.386667270163702,8.477369000047474,cpp,mobilenet_v3_small,76427a8a2833406289a74e1154778091,,Static baseline: every image uses this model,0.0,mobilenet_v3_small,50.0,2048.0,True,True,ba3f10e49fa71222a167,2,482,1
5.272519,0.0,132.71875,99.37177308139962,701,parachute,0.9546257468146624,8.999295999956303,cpp,mobilenet_v3_small,a861242e38c544ca91662e819feb1c63,,Static baseline: every image uses this model,0.0,mobilenet_v3_small,50.0,2048.0,True,True,30fb16826a0b77fbdaf0,2,701,1
6.222779,0.0,132.72265625,99.57124912080413,566,French horn,0.7359467944606322,9.763945000031526,cpp,mobilenet_v3_small,a8a5589535fe4169b0b8c05a9c50bce7,,Static baseline: every image uses this model,0.0,mobilenet_v3_small,50.0,2048.0,True,True,5930368dd828c298772d,2,566,1
5.765283,0.0,132.72265625,99.61983542411984,844,switch,0.3237283886630832,10.67800700002408,cpp,mobilenet_v3_small,fb0cab86d4a143dea73ce493c03d9d74,,Static baseline: every image uses this model,0.0,mobilenet_v3_small,50.0,2048.0,True,True,91bd6a57b11a9ffdc7f7,2,482,0
5.336275,0.0,132.7265625,99.52419436529242,574,golf ball,0.994480320376245,8.586069000102725,cpp,mobilenet_v3_small,b72ae935560740e8a7daca08ba2e3094,,Static baseline: every image uses this model,0.0,mobilenet_v3_small,50.0,2048.0,True,True,e1faca667619e6e13dea,2,574,1
5.258021,0.0,132.7265625,99.78866760700946,848,tape player,0.486917427749532,8.650354000110383,cpp,mobilenet_v3_small,6ebdfc9330464e2b87566de069c7d5ec,,Static baseline: every image uses this model,0.0,mobilenet_v3_small,50.0,2048.0,True,True,9b619751b75c8a6ad1a0,2,482,0
5.834447,0.0,132.7265625,99.6916828091551,707,pay-phone,0.2157933159083242,9.102962999804731,cpp,mobilenet_v3_small,c70ab5bec63b4a638ac25139fb64d3fa,,Static baseline: every image uses this model,0.0,mobilenet_v3_small,50.0,2048.0,True,True,971fa9f2047ef0b7580b,2,571,0
5.619848,0.0,132.7265625,99.62892726110708,73,barn spider,0.4334660134851359,8.90795700001945,cpp,mobilenet_v3_small,1c3f2f6599e448e49509702508e4ebfc,,Static baseline: every image uses this model,0.0,mobilenet_v3_small,50.0,2048.0,True,True,8e0f259737a8cf29adcd,2,701,0
6.224752,0.0,132.7265625,99.61745469123608,491,chain saw,0.980391565854831,9.892423000110284,cpp,mobilenet_v3_small,90cd417cd83043e6a10310c0ee86cd16,,Static baseline: every image uses this model,0.0,mobilenet_v3_small,50.0,2048.0,True,True,0b8b19a751055a1ec8a0,2,491,1
8.060806,0.0,132.7265625,99.55137086110317,0,tench,0.9975248440699528,12.018613000009282,cpp,mobilenet_v3_small,cef76277fe2f44279caf7ea52d61b480,,Static baseline: every image uses this model,0.0,mobilenet_v3_small,50.0,2048.0,True,True,7bf919583e8a809b8724,2,0,1
5.516907,0.0,132.7265625,99.78747178943054,0,tench,0.9976274975683465,9.257123999987016,cpp,mobilenet_v3_small,d60dc97db2744244bc4d3395d7e620c9,,Static baseline: every image uses this model,0.0,mobilenet_v3_small,50.0,2048.0,True,True,7c84bae86fda676d4554,2,0,1
5.822589,0.0,132.7265625,99.28694002891478,749,quill,0.2781236584435557,9.375649000048725,cpp,mobilenet_v3_small,2ae04f3aac1b4dc78a96f548be472128,,Static baseline: every image uses this model,0.0,mobilenet_v3_small,50.0,2048.0,True,True,fa8dca38dfc9570aba66,2,482,0
5.448133,0.0,132.734375,99.69174813253618,675,moving van,0.2235748584627742,9.03514400010863,cpp,mobilenet_v3_small,6bd8a278347f4690be5620995cd42685,,Static baseline: every image uses this model,0.0,mobilenet_v3_small,50.0,2048.0,True,True,759cbbc8629f7d2e495f,2,569,0
5.367971,0.0,132.734375,99.6588895174339,663,monastery,0.464341906334016,8.676661000208696,cpp,mobilenet_v3_small,c02f133a2d81465cadb0a98a7c9bb77e,,Static baseline: every image uses this model,0.0,mobilenet_v3_small,50.0,2048.0,True,True,2620f63214c6d4d53a2e,2,497,0
5.15402,0.0,132.8125,99.71138856086708,574,golf ball,0.9568963740172376,8.426208000173574,cpp,mobilenet_v3_small,5219c5a5aa2243abb4bc5478896fa23a,,Static baseline: every image uses this model,0.0,mobilenet_v3_small,50.0,2048.0,True,True,71e9baf5ea98ffedf5a8,2,574,1
5.363651,0.0,133.046875,99.46816604214976,566,French horn,0.6730542706168385,9.09569600003124,cpp,mobilenet_v3_small,a01151889c4347468d540dbe7a16d2bf,,Static baseline: every image uses this model,0.0,mobilenet_v3_small,50.0,2048.0,True,True,a829012efaba7982ccf9,2,566,1
5.293066,0.0,133.06640625,99.70690728215322,0,tench,0.9996678401020548,8.773333000135608,cpp,mobilenet_v3_small,b2f96222f30648adbb55156979ad92a5,,Static baseline: every image uses this model,0.0,mobilenet_v3_small,50.0,2048.0,True,True,f164d1a7b2bfad695ace,2,0,1
5.066499,0.0,133.06640625,99.60377216099236,491,chain saw,0.9971914082173996,8.046633000049042,cpp,mobilenet_v3_small,ac2f2a5c61b34ff6ac46876272a6a9d3,,Static baseline: every image uses this model,0.0,mobilenet_v3_small,50.0,2048.0,True,True,97909eccc6227b59cdbd,2,491,1
4.842471,0.0,134.05078125,99.69699545024297,491,chain saw,0.999675761532608,10.00150000004396,cpp,mobilenet_v3_small,f83ea21baf5a4aeab157c568545d711b,,Static baseline: every image uses this model,0.0,mobilenet_v3_small,50.0,2048.0,True,True,822ecb098d1efd5cc425,2,491,1
5.142796,0.0,134.05078125,99.7274567848066,569,garbage truck,0.6968233599676954,8.638629999950354,cpp,mobilenet_v3_small,131d1458a8854c0996b9c9875b18efa3,,Static baseline: every image uses this model,0.0,mobilenet_v3_small,50.0,2048.0,True,True,344dee6d7742b737b6b8,2,569,1
5.398297,0.0,134.0234375,99.3073008139174,701,parachute,0.4462090784953996,9.478861999923538,cpp,mobilenet_v3_small,6c3246d22db847b99df8091cd2ea01cf,,Static baseline: every image uses this model,0.0,mobilenet_v3_small,50.0,2048.0,True,True,a090cb4a0dea5c618439,2,701,1
5.286486,0.0,134.0546875,99.25659694272,830,stretcher,0.5082401855591424,9.512739999991028,cpp,mobilenet_v3_small,0890cfe6033941119edaf9ffed92d776,,Static baseline: every image uses this model,0.0,mobilenet_v3_small,50.0,2048.0,True,True,0038ddc45cbe29596ba9,2,491,0
5.033683,0.0,134.0546875,99.8426721699414,856,thresher,0.7002647793086434,8.414913000024171,cpp,mobilenet_v3_small,c64e6762014f49a3b1ba2f04b3c7f49b,,Static baseline: every image uses this model,0.0,mobilenet_v3_small,50.0,2048.0,True,True,92770e44f32b0fb3805b,2,569,0
5.249664,0.0,134.0546875,99.6353102805856,566,French horn,0.9970273035380478,8.656674000121711,cpp,mobilenet_v3_small,133c0e3aeecc4b49aad440dfda452a71,,Static baseline: every image uses this model,0.0,mobilenet_v3_small,50.0,2048.0,True,True,e164986e7efd9a941c8e,2,566,1
5.286083,0.0,134.0546875,99.589386866623,571,gas pump,0.2348529151239717,8.982908000007228,cpp,mobilenet_v3_small,7a67f2853d8f4e748f6a1982f923d417,,Static baseline: every image uses this model,0.0,mobilenet_v3_small,50.0,2048.0,True,True,66ea92408bb1d45e8a80,2,571,1
5.011739,0.0,134.0546875,99.18761336545492,522,croquet ball,0.4393907913941756,9.130873999993128,cpp,mobilenet_v3_small,0a98b107b92a4996a2d03dd4e902bf63,,Static baseline: every image uses this model,0.0,mobilenet_v3_small,50.0,2048.0,True,True,5f27fa39b4d1da680538,2,574,0
4.902346,0.0,134.0546875,99.81539190222428,116,chiton,0.419688258144664,8.057067999970968,cpp,mobilenet_v3_small,add056c2067a4acaa44352b075a173dd,,Static baseline: every image uses this model,0.0,mobilenet_v3_small,50.0,2048.0,True,True,39bb040fb53a1d176cae,2,0,0
4.808706,0.0,134.0546875,99.7430087150993,491,chain saw,0.262145664616863,8.219734000022072,cpp,mobilenet_v3_small,f8789f4f12fb462196308fe2f47917cb,,Static baseline: every image uses this model,0.0,mobilenet_v3_small,50.0,2048.0,True,True,5722417798e696c036a9,2,491,1
4.957274,0.0,134.0546875,99.85510435115184,574,golf ball,0.9413075580488498,8.181059999969875,cpp,mobilenet_v3_small,893f2f2a499a40e7953a378eeeb600bb,,Static baseline: every image uses this model,0.0,mobilenet_v3_small,50.0,2048.0,True,True,470a9f15033b9d2fc3d8,2,574,1
5.076235,0.0,134.0546875,99.76059470456345,491,chain saw,0.709344160626665,8.117615000173828,cpp,mobilenet_v3_small,29b9de98191d47499dab14697af0dd16,,Static baseline: every image uses this model,0.0,mobilenet_v3_small,50.0,2048.0,True,True,8a58d7d2fbec5278ad37,2,491,1
5.065651,0.0,134.0546875,99.63483941462091,884,vault,0.3555013024688301,8.255546000100367,cpp,mobilenet_v3_small,8850a304cf8045eb8c2d40481c4468fd,,Static baseline: every image uses this model,0.0,mobilenet_v3_small,50.0,2048.0,True,True,d4dcc887e7e10d2bf5fa,2,497,0
5.311634,0.0,134.0546875,99.64998150206095,574,golf ball,0.9997044662015924,8.454695999944306,cpp,mobilenet_v3_small,52fa4747f8394ac6aed500c46e9cefdc,,Static baseline: every image uses this model,0.0,mobilenet_v3_small,50.0,2048.0,True,True,187e3af108481037ef18,2,574,1
5.372651,0.0,134.0546875,99.60160617947471,713,photocopier,0.8444178158135708,8.85505699989153,cpp,mobilenet_v3_small,4bf023fb2c7e4976a22562e1c1e81ffd,,Static baseline: every image uses this model,0.0,mobilenet_v3_small,50.0,2048.0,True,True,441b74bb0600359a5ae1,2,482,0
4.919946,0.0,134.0546875,99.57269199677974,668,mosque,0.4012105871484328,7.967789000076664,cpp,mobilenet_v3_small,451250c46a3e47a693d15a08231396e3,,Static baseline: every image uses this model,0.0,mobilenet_v3_small,50.0,2048.0,True,True,119e22c1bc53d94525dc,2,497,0
4.988347,0.0,134.0546875,99.66829838763228,571,gas pump,0.9695163198885124,8.21913400000085,cpp,mobilenet_v3_small,ed75a843feb846469940291fb99e9ed1,,Static baseline: every image uses this model,0.0,mobilenet_v3_small,50.0,2048.0,True,True,184cfe80bff425a554eb,2,571,1
5.02332,0.0,134.05859375,99.5613848415567,0,tench,0.9997778983859752,8.435185000053025,cpp,mobilenet_v3_small,89b65ac5420e4264a834242a989d7c08,,Static baseline: every image uses this model,0.0,mobilenet_v3_small,50.0,2048.0,True,True,f5b6098226ef6b4d3008,2,0,1
4.701782,0.0,134.05859375,99.75819807433176,569,garbage truck,0.5097801949650608,7.662470000013855,cpp,mobilenet_v3_small,3836134880044c77b27335e902ce8124,,Static baseline: every image uses this model,0.0,mobilenet_v3_small,50.0,2048.0,True,True,1718763bdc51740a7d7a,2,569,1
4.884607,0.0,134.05859375,99.52545381212563,497,church,0.7919017757483665,8.216902999947706,cpp,mobilenet_v3_small,e477638581cd46a6aa73ea01692693b9,,Static baseline: every image uses this model,0.0,mobilenet_v3_small,50.0,2048.0,True,True,42416e86d762cb8caf7a,2,497,1
5.161514,0.0,134.05859375,99.5888180577768,569,garbage truck,0.6580952102416495,8.268115999953807,cpp,mobilenet_v3_small,92c1bf33f93a4ccba22bed4bd2c4e8e5,,Static baseline: every image uses this model,0.0,mobilenet_v3_small,50.0,2048.0,True,True,f04e6a8cd69749d35aab,2,569,1
4.854052,0.0,134.05859375,99.62736151997248,482,cassette player,0.6060792280018127,8.096319000060248,cpp,mobilenet_v3_small,7a31c34ebbd447a29dfb0ffdc84cc55a,,Static baseline: every image uses this model,0.0,mobilenet_v3_small,50.0,2048.0,True,True,ead41664127f392d4b3a,2,482,1
5.083912,0.0,134.05859375,99.71057895864688,571,gas pump,0.9997290856284924,7.852228000047035,cpp,mobilenet_v3_small,a29d97f28c654ffa817a9758dd403fbc,,Static baseline: every image uses this model,0.0,mobilenet_v3_small,50.0,2048.0,True,True,90e1209a31015bd22730,2,571,1
5.317463,0.0,134.05859375,99.78629199947306,217,English springer,0.5835511659436893,8.589289999918037,cpp,mobilenet_v3_small,b2d29a55464a4e188150ee8a41aaba3d,,Static baseline: every image uses this model,0.0,mobilenet_v3_small,50.0,2048.0,True,True,71d33942636767e8ed5a,2,217,1
5.203283,0.0,134.05859375,99.67103762520144,674,mousetrap,0.0965965452461388,8.461758000066766,cpp,mobilenet_v3_small,fe04d9c551524795a51ced2d16e3052a,,Static baseline: every image uses this model,0.0,mobilenet_v3_small,50.0,2048.0,True,True,aca16af98b818790e01b,2,482,0
141.882639,0.0,291.89453125,99.575145158956,491,chain saw,0.9910136354565686,146.05906299993876,cpp,resnet50,14f45cd24d7540cabdec0bbd431727cf,,Static baseline: every image uses this model,0.0,resnet50,50.0,2048.0,True,False,e969791171f72413723a,0,491,1
140.841432,0.0,291.8984375,99.62271597808876,0,tench,0.9998372098432988,145.1238239999384,cpp,resnet50,5502d96b7ebc49438cf3dcb59033d44f,,Static baseline: every image uses this model,0.0,resnet50,50.0,2048.0,True,False,f164d1a7b2bfad695ace,0,0,1
141.188071,0.0,291.8984375,99.57409434403364,442,bell cote,0.4239633999695592,144.90861800004495,cpp,resnet50,3bb659d815934d18a5d45845238dffcc,,Static baseline: every image uses this model,0.0,resnet50,50.0,2048.0,True,False,44d0e6aade6060dd3a4c,0,497,0
145.94283,0.0,291.90234375,99.57103408531788,569,garbage truck,0.9819116265568768,149.69021499996416,cpp,resnet50,995a441b57484985b58bcc9cc33cd145,,Static baseline: every image uses this model,0.0,resnet50,50.0,2048.0,True,False,b25a98271d50629a4f1d,0,569,1
137.556067,0.0,291.90625,99.64050772659164,566,French horn,0.6425495199186732,141.98830899999848,cpp,resnet50,977aaf641fed4422901270b6e15b83ab,,Static baseline: every image uses this model,0.0,resnet50,50.0,2048.0,True,False,4820256bcd3e9dc760e4,0,566,1
139.062336,0.0,291.90625,99.60358590583066,491,chain saw,0.8169318608727218,142.96817599984024,cpp,resnet50,845c64ed9ee2472b90230ad73505e0ec,,Static baseline: every image uses this model,0.0,resnet50,50.0,2048.0,True,False,b683b233630b42dc4774,0,491,1
162.409524,0.0,291.90625,99.38710436304169,217,English springer,0.2264306404549855,166.70244299984915,cpp,resnet50,26a32c54171c4075a374f88d026e64fc,,Static baseline: every image uses this model,0.0,resnet50,50.0,2048.0,True,False,4b193d510c7badf1e9d7,0,217,1
137.131838,0.0,291.90625,99.64145924284564,482,cassette player,0.5937648272244642,141.54011499999797,cpp,resnet50,8b7c6b8f69f44ad9908a167a55f16320,,Static baseline: every image uses this model,0.0,resnet50,50.0,2048.0,True,False,ead41664127f392d4b3a,0,482,1
138.312323,0.0,291.91796875,99.65542278967705,491,chain saw,0.999999991045322,141.60367699992094,cpp,resnet50,01fd558d8ef7400a9afb5d8a1e6ebfa4,,Static baseline: every image uses this model,0.0,resnet50,50.0,2048.0,True,False,a9ccf20cebb67562b233,0,491,1
140.978967,0.0,291.921875,99.50183004085676,255,Leonberg,0.1938697458379369,144.31781500002216,cpp,resnet50,8068bb2d1a394ab589bc7c0feb0561fa,,Static baseline: every image uses this model,0.0,resnet50,50.0,2048.0,True,False,3de5f3a0109d307875a8,0,491,0
139.093817,0.0,291.921875,99.58332273495836,675,moving van,0.4587099070815758,143.22211700005028,cpp,resnet50,21ffdffcc6e44741bb0fd64354ceb7b8,,Static baseline: every image uses this model,0.0,resnet50,50.0,2048.0,True,False,cd042851c41a91dcb39d,0,569,0
139.944674,0.0,291.921875,99.60456491368082,569,garbage truck,0.9993910638370368,143.53708599992387,cpp,resnet50,5ce303be0a8345bfbca8edec581c8da1,,Static baseline: every image uses this model,0.0,resnet50,50.0,2048.0,True,False,5986b7616a1228b54cf8,0,569,1
143.578272,0.0,291.921875,99.54015110647624,482,cassette player,0.5619070442850296,147.51954600001227,cpp,resnet50,a75641d3938c4c42b329bd5f882dec3c,,Static baseline: every image uses this model,0.0,resnet50,50.0,2048.0,True,False,ba3f10e49fa71222a167,0,482,1
141.33502,0.0,291.9296875,99.62178548413408,491,chain saw,0.9983680225777152,146.1096749999342,cpp,resnet50,1189eebf9a0948ff8f316e8197f15dd3,,Static baseline: every image uses this model,0.0,resnet50,50.0,2048.0,True,False,0b8b19a751055a1ec8a0,0,491,1
140.747196,0.0,291.9296875,99.4938811079894,701,parachute,0.9994130670997868,144.60910499997226,cpp,resnet50,08ec7c118ef2417baeaa3041c4da3a6b,,Static baseline: every image uses this model,0.0,resnet50,50.0,2048.0,True,False,30fb16826a0b77fbdaf0,0,701,1
142.450231,0.0,291.93359375,99.520821395965,701,parachute,0.995568995827542,146.34501499995167,cpp,resnet50,93030285dd3e47a286407b82066ec15c,,Static baseline: every image uses this model,0.0,resnet50,50.0,2048.0,True,False,ddb3b09917f249dbe143,0,701,1
138.301232,0.0,291.93359375,99.5584102189585,491,chain saw,0.999996648808231,142.65841900009946,cpp,resnet50,20b85e28749843b9a8da3644450be5cf,,Static baseline: every image uses this model,0.0,resnet50,50.0,2048.0,True,False,6d7204950e9ea9baf7eb,0,491,1
135.818038,0.0,291.93359375,99.64249411781496,497,church,0.6085877081823586,139.44329999981164,cpp,resnet50,1f56e2a200a348ddb79973d4359b1a48,,Static baseline: every image uses this model,0.0,resnet50,50.0,2048.0,True,False,a0917b15d44486760f0e,0,497,1
141.073369,0.0,291.9375,99.58471906195618,0,tench,0.9978035118284396,145.65561400013394,cpp,resnet50,f508277231af41759e522867c0e4ba63,,Static baseline: every image uses this model,0.0,resnet50,50.0,2048.0,True,False,f6ff97e8bae06024f9d5,0,0,1
154.055938,0.0,291.90625,99.519072025709,856,thresher,0.8039245176467615,157.45642599995335,cpp,resnet50,e0d1f1a6ccc74a1782c3e9de9b29e121,,Static baseline: every image uses this model,0.0,resnet50,50.0,2048.0,True,False,92770e44f32b0fb3805b,0,569,0
137.147666,0.0,291.9375,99.59320664626732,497,church,0.8775101247615053,141.5920379999989,cpp,resnet50,b4504ec6859c49ea8a3a14b89f17bd39,,Static baseline: every image uses this model,0.0,resnet50,50.0,2048.0,True,False,2620f63214c6d4d53a2e,0,497,1
149.060818,0.0,292.0,99.45219557143452,569,garbage truck,0.9991976797868184,153.78444500015576,cpp,resnet50,b6e94869d5924440a7115f288ffef2a6,,Static baseline: every image uses this model,0.0,resnet50,50.0,2048.0,True,False,344dee6d7742b737b6b8,0,569,1
193.974152,0.0,292.0,99.36653488170543,482,cassette player,0.4389134976724498,197.76384900001176,cpp,resnet50,16b2324f58974f10aa8ca3f253348709,,Static baseline: every image uses this model,0.0,resnet50,50.0,2048.0,True,False,9b619751b75c8a6ad1a0,0,482,1
175.398751,0.0,292.0,99.3245286724367,217,English springer,0.4036900396341877,178.93091099995218,cpp,resnet50,22bebe91af2b47c0ba08a6a4b4339cd0,,Static baseline: every image uses this model,0.0,resnet50,50.0,2048.0,True,False,c502624fc7bb3bb7c430,0,217,1
172.436932,0.0,292.0,99.48017502721378,569,garbage truck,0.9685872967014566,175.79070800002228,cpp,resnet50,ab07668f5b5746c686c1f468589bb563,,Static baseline: every image uses this model,0.0,resnet50,50.0,2048.0,True,False,f04e6a8cd69749d35aab,0,569,1
165.054068,0.0,292.00390625,99.53951962482569,566,French horn,0.999781571245137,167.95851500000936,cpp,resnet50,41318a167c2a4b08b4768ac05cae2088,,Static baseline: every image uses this model,0.0,resnet50,50.0,2048.0,True,False,95a6d8332e65a953f807,0,566,1
179.946351,0.0,292.0078125,99.4722577263845,701,parachute,0.9816562267135884,183.6654080000244,cpp,resnet50,fa5dd53aebae4fb782ab2aab5be61647,,Static baseline: every image uses this model,0.0,resnet50,50.0,2048.0,True,False,417536921c3e9bb251be,0,701,1
176.618151,0.0,292.0078125,99.43697005420586,698,palace,0.263947815635364,180.1715889998832,cpp,resnet50,5e4436c236f241bc9143804a9e437884,,Static baseline: every image uses this model,0.0,resnet50,50.0,2048.0,True,False,13e3bcc97110094b8448,0,497,0
217.466849,0.0,292.0078125,83.44987142097105,482,cassette player,0.5281679563239009,230.4283850000957,cpp,resnet50,5b789e2c88ba46f1b37ab4bf7a8f3428,,Static baseline: every image uses this model,0.0,resnet50,50.0,2048.0,True,False,fa8dca38dfc9570aba66,0,482,1
172.246878,0.0,292.0078125,99.36835023774611,442,bell cote,0.4691865180477117,176.34709399999338,cpp,resnet50,47951080d47b4043b7a40406b421a72c,,Static baseline: every image uses this model,0.0,resnet50,50.0,2048.0,True,False,119e22c1bc53d94525dc,0,497,0
165.582686,0.0,292.0078125,99.47761638166595,481,cassette,0.7954863669344094,168.47944100004497,cpp,resnet50,e1b8bfe4e343440ba8c18d058c6c9440,,Static baseline: every image uses this model,0.0,resnet50,50.0,2048.0,True,False,b46523267235e8ce5297,0,482,0
170.774635,0.0,292.0078125,99.4933636039449,0,tench,0.9534055706652472,174.07415000002402,cpp,resnet50,dcd2c67e6ab44282b2b5f938b43e0794,,Static baseline: every image uses this model,0.0,resnet50,50.0,2048.0,True,False,f53fbb95080335df2c2d,0,0,1
166.743836,0.0,292.0078125,99.47112900061512,217,English springer,0.931947459945508,170.1131280001391,cpp,resnet50,5fdbab5781684f13b88247cd3a97a968,,Static baseline: every image uses this model,0.0,resnet50,50.0,2048.0,True,False,560c8d4bfd14be3e6a8a,0,217,1
170.055069,0.0,292.01171875,99.47288816921042,569,garbage truck,0.4104123197651417,173.60908000000563,cpp,resnet50,16d90e9068254d44b7862ac3e4f2a76d,,Static baseline: every image uses this model,0.0,resnet50,50.0,2048.0,True,False,45bd4d0f4d7478b0cee3,0,569,1
170.293095,0.0,292.01171875,99.52029466950276,701,parachute,0.2778874910510607,173.7099730000864,cpp,resnet50,beb4ac2c95854332aaa21cb7de17a07f,,Static baseline: every image uses this model,0.0,resnet50,50.0,2048.0,True,False,68ae5f6b4dfe6c710ddc,0,701,1
206.519552,0.0,292.01171875,99.47126297531368,217,English springer,0.731606110719086,210.5386890000318,cpp,resnet50,a19f45e733fd472f8752fdc012a6a4a8,,Static baseline: every image uses this model,0.0,resnet50,50.0,2048.0,True,False,6f7809e7f2cc44bd0073,0,217,1
182.747163,0.0,292.01171875,99.5552120616932,491,chain saw,0.9997338574885788,188.4374389999266,cpp,resnet50,6e9e9b31802a42b99d8f89eff49602d0,,Static baseline: every image uses this model,0.0,resnet50,50.0,2048.0,True,False,822ecb098d1efd5cc425,0,491,1
170.866038,0.0,292.015625,99.04868769773464,566,French horn,0.8942093070444904,174.13513899987265,cpp,resnet50,a9cbaf47a5be46b2b5dc9130ea011329,,Static baseline: every image uses this model,0.0,resnet50,50.0,2048.0,True,False,5930368dd828c298772d,0,566,1
143.781797,0.0,292.015625,99.59432324733471,574,golf ball,0.9447162539376748,146.87925700013693,cpp,resnet50,be5e57b17b504524b85157248ab0fa8b,,Static baseline: every image uses this model,0.0,resnet50,50.0,2048.0,True,False,71e9baf5ea98ffedf5a8,0,574,1
136.584784,0.0,292.01953125,99.6466639199061,571,gas pump,0.9992940619832628,139.5747639999172,cpp,resnet50,661cc2d4b0544c758367fd02501acc2e,,Static baseline: every image uses this model,0.0,resnet50,50.0,2048.0,True,False,cabe8ff46702c50e9274,0,571,1
138.351119,0.0,292.02734375,99.62219512797306,217,English springer,0.3968471335877054,141.9523780000418,cpp,resnet50,71f70177f2e94012b80cc2a2601f3a82,,Static baseline: every image uses this model,0.0,resnet50,50.0,2048.0,True,False,edec038dc21e45a32a00,0,217,1
146.286586,0.0,292.02734375,99.59976534148586,844,switch,0.8941750194793908,150.30182600003172,cpp,resnet50,a4179f83098d4b1b9ad163c748b5ad5e,,Static baseline: every image uses this model,0.0,resnet50,50.0,2048.0,True,False,91bd6a57b11a9ffdc7f7,0,482,0
136.699316,0.0,292.02734375,99.65232440317484,491,chain saw,0.99074535070575,139.7069580000334,cpp,resnet50,146136210be34b4297513917c3cb8174,,Static baseline: every image uses this model,0.0,resnet50,50.0,2048.0,True,False,97909eccc6227b59cdbd,0,491,1
138.932467,0.0,292.02734375,99.64516671766128,566,French horn,0.9994854304714528,142.19438400004947,cpp,resnet50,e85be116cb434c54abecf2db79eaa6ad,,Static baseline: every image uses this model,0.0,resnet50,50.0,2048.0,True,False,1fe86a7b0db415dc071c,0,566,1
142.163647,0.0,292.03125,99.63149732375524,217,English springer,0.8939310383472365,145.26190300011876,cpp,resnet50,7e59bc5a3ea7431fb70e7ae00c180bd7,,Static baseline: every image uses this model,0.0,resnet50,50.0,2048.0,True,False,073d0199c1f24a40dc5b,0,217,1
143.849566,0.0,292.03515625,99.62155868173149,571,gas pump,0.9994223597030224,146.80083100006414,cpp,resnet50,3050bd0ee0e94af99b2509611e8c2a5a,,Static baseline: every image uses this model,0.0,resnet50,50.0,2048.0,True,False,90e1209a31015bd22730,0,571,1
138.941922,0.0,292.03515625,99.61342958128704,0,tench,0.9930264140509838,142.20074099989688,cpp,resnet50,63cfbf32885f4d39b5eae68405e0259b,,Static baseline: every image uses this model,0.0,resnet50,50.0,2048.0,True,False,7c84bae86fda676d4554,0,0,1
139.693084,0.0,292.03515625,99.63785149836455,0,tench,0.9997217881131794,143.15453399990474,cpp,resnet50,cc248b68ee3a430ebc1d892a80f2c107,,Static baseline: every image uses this model,0.0,resnet50,50.0,2048.0,True,False,a2ebfa36b363d02c435f,0,0,1
139.752484,0.0,292.03515625,99.64057294337825,574,golf ball,0.9955434632087792,143.1136000001061,cpp,resnet50,e55edde6a989432a8c6ca9169b870ce6,,Static baseline: every image uses this model,0.0,resnet50,50.0,2048.0,True,False,e1faca667619e6e13dea,0,574,1
149.39072,0.0,292.046875,99.58497674174606,701,parachute,0.9925201491072728,152.76228200013975,cpp,resnet50,8ddc69899859488f9ce91c2ddc1bea34,,Static baseline: every image uses this model,0.0,resnet50,50.0,2048.0,True,False,1ce9829c757e18582436,0,701,1
133.301124,0.0,292.05078125,99.59502032867424,701,parachute,0.9993568466957554,136.3594369997827,cpp,resnet50,48c7afeee2434c61ba97375c581363b5,,Static baseline: every image uses this model,0.0,resnet50,50.0,2048.0,True,False,383867303b559ef23d2d,0,701,1
139.620021,0.0,292.05078125,99.50620383585893,569,garbage truck,0.9348729300694154,142.82816500008266,cpp,resnet50,3c36a27982b9428f91e761c8a8614f6f,,Static baseline: every image uses this model,0.0,resnet50,50.0,2048.0,True,False,1718763bdc51740a7d7a,0,569,1
144.132404,0.0,292.05078125,99.49265636932698,569,garbage truck,0.7398057375405778,146.9006319998698,cpp,resnet50,7c653a8d5fe04cdbb6a0f65c26015d4b,,Static baseline: every image uses this model,0.0,resnet50,50.0,2048.0,True,False,2eeed640e4c9f230923b,0,569,1
140.655464,0.0,292.0546875,99.46332862094404,574,golf ball,0.8715230221466692,143.9074319998781,cpp,resnet50,915e624971ef429aa00bb0f8f92b92fe,,Static baseline: every image uses this model,0.0,resnet50,50.0,2048.0,True,False,e95f8f97b7e36d6619df,0,574,1
144.557196,0.0,292.0546875,99.52010656456947,574,golf ball,0.986681315582401,147.94576199983567,cpp,resnet50,a3cc2b4d63874f268d16944ace407567,,Static baseline: every image uses this model,0.0,resnet50,50.0,2048.0,True,False,470a9f15033b9d2fc3d8,0,574,1
136.952089,0.0,292.0625,99.60415003180304,0,tench,0.9993487688821868,140.33473399990726,cpp,resnet50,9a989899f65f4097bbc1d7f2d4d28880,,Static baseline: every image uses this model,0.0,resnet50,50.0,2048.0,True,False,7bf919583e8a809b8724,0,0,1
148.359024,0.0,292.0625,99.57785239719657,218,Welsh springer spaniel,0.4897611482898357,151.6990730001453,cpp,resnet50,543fd202217c40b9a43309dafdeaff32,,Static baseline: every image uses this model,0.0,resnet50,50.0,2048.0,True,False,71d33942636767e8ed5a,0,217,0
142.148422,0.0,292.0625,99.6179566360567,574,golf ball,0.9999357543746686,145.6816299998991,cpp,resnet50,32a31ef09bf341199e3559f1aed9976d,,Static baseline: every image uses this model,0.0,resnet50,50.0,2048.0,True,False,dfafa0b6ed6c5146f025,0,574,1
140.464787,0.0,292.0625,99.61041834828298,830,stretcher,0.4981842645545609,143.53242699985458,cpp,resnet50,b73510c4a79848089fa21a75413158a2,,Static baseline: every image uses this model,0.0,resnet50,50.0,2048.0,True,False,8a58d7d2fbec5278ad37,0,491,0
138.306177,0.0,292.0625,99.63694670967529,569,garbage truck,0.9989247898886994,142.08162099998844,cpp,resnet50,f7b5cf6a3c9046d4ae224dd11e69eb2c,,Static baseline: every image uses this model,0.0,resnet50,50.0,2048.0,True,False,ce8529c8eee748f146d3,0,569,1
139.844228,0.0,292.06640625,99.51770395490122,571,gas pump,0.9945472459813072,143.28066899997793,cpp,resnet50,e28770d60bbb45a092e4435701f52ea1,,Static baseline: every image uses this model,0.0,resnet50,50.0,2048.0,True,False,9fda59f5fd0df9879327,0,571,1
144.212265,0.0,292.06640625,99.50159708557456,406,altar,0.4880198118388332,147.4379419998968,cpp,resnet50,40a81e78897b4743a2f04f3f3909afab,,Static baseline: every image uses this model,0.0,resnet50,50.0,2048.0,True,False,298fb3d15c1c56aa6a1b,0,497,0
135.243651,0.0,292.0703125,99.60235896183752,217,English springer,0.8654785383148105,138.296088000061,cpp,resnet50,3e330c9ed88e4cf295c58e882485ac79,,Static baseline: every image uses this model,0.0,resnet50,50.0,2048.0,True,False,2f0b56bb43b367cf0737,0,217,1
133.462722,0.0,292.07421875,99.62853239571474,497,church,0.8641686499269012,136.38066800012894,cpp,resnet50,284b3b7625294338ace964d37940b73d,,Static baseline: every image uses this model,0.0,resnet50,50.0,2048.0,True,False,050c33a7d7f32fd92ac6,0,497,1
132.832029,0.0,292.07421875,99.63533767860142,482,cassette player,0.2983887879444755,136.070817000018,cpp,resnet50,1c4040a3e0574b93ba8ce1012369a0d7,,Static baseline: every image uses this model,0.0,resnet50,50.0,2048.0,True,False,aca16af98b818790e01b,0,482,1
170.844981,0.0,292.078125,99.3195572169352,566,French horn,0.667894250054406,175.35096699998576,cpp,resnet50,9c81a9ec04f744aa9a741b71de250709,,Static baseline: every image uses this model,0.0,resnet50,50.0,2048.0,True,False,a829012efaba7982ccf9,0,566,1
152.9814,0.0,292.0859375,99.5007466167116,566,French horn,0.998165304170552,160.00512499999786,cpp,resnet50,c33d41a040874c47bb29c35ba71d2469,,Static baseline: every image uses this model,0.0,resnet50,50.0,2048.0,True,False,e164986e7efd9a941c8e,0,566,1
137.595618,0.0,292.08984375,99.63276926401068,848,tape player,0.3148640566152518,141.10229600009916,cpp,resnet50,c85af53becc5454598a930e1098d4b38,,Static baseline: every image uses this model,0.0,resnet50,50.0,2048.0,True,False,441b74bb0600359a5ae1,0,482,0
139.970499,0.0,292.08984375,99.59771689841,482,cassette player,0.1874165329112176,143.24215900001036,cpp,resnet50,d0e8346abad44d119bc76be03f962cf9,,Static baseline: every image uses this model,0.0,resnet50,50.0,2048.0,True,False,9663eccdcbe0b346d2fb,0,482,1
140.869901,0.0,292.09375,99.64496951081958,571,gas pump,0.9991133710225504,143.55640299982042,cpp,resnet50,ad99206dcb294929965d1c94b3484ad5,,Static baseline: every image uses this model,0.0,resnet50,50.0,2048.0,True,False,17d5a963eb476a043cf3,0,571,1
138.735973,0.0,292.09375,99.65249247167743,701,parachute,0.8723095089570371,142.16584100017826,cpp,resnet50,452b49242e1d4dd0992b077e017d7e4a,,Static baseline: every image uses this model,0.0,resnet50,50.0,2048.0,True,False,a090cb4a0dea5c618439,0,701,1
140.891592,0.0,292.09765625,99.64167042098646,701,parachute,0.8847840669602001,143.86811200006375,cpp,resnet50,df71bfdd0d704f2faa7f6911c3ad80ce,,Static baseline: every image uses this model,0.0,resnet50,50.0,2048.0,True,False,8e0f259737a8cf29adcd,0,701,1
137.353014,0.0,292.09765625,99.6535989092376,574,golf ball,0.9999940948782204,140.33904999996594,cpp,resnet50,5fbc14b2dc3f4b93bbac27123f1057e3,,Static baseline: every image uses this model,0.0,resnet50,50.0,2048.0,True,False,be5eaa3600e1cc67f394,0,574,1
140.634546,0.0,292.09765625,99.60409295661606,601,hoopskirt,0.1742497687264916,144.31367399993178,cpp,resnet50,69122223aaf5434189d662033b134ccb,,Static baseline: every image uses this model,0.0,resnet50,50.0,2048.0,True,False,c855206e6d49ba4dd808,0,701,0
139.085727,0.0,292.09765625,99.63311874945056,884,vault,0.5673175573235839,142.1465389998957,cpp,resnet50,b1001bb5d68a4b3383c5cf26173b6bd6,,Static baseline: every image uses this model,0.0,resnet50,50.0,2048.0,True,False,d4dcc887e7e10d2bf5fa,0,497,0
136.737127,0.0,292.1015625,99.64695447721073,497,church,0.5114752395220501,139.97175100007553,cpp,resnet50,26c14f91429c42b5b2784043e441e050,,Static baseline: every image uses this model,0.0,resnet50,50.0,2048.0,True,False,42416e86d762cb8caf7a,0,497,1
133.63979,0.0,292.1015625,99.62619433144592,574,golf ball,0.997892558431926,136.64025000002766,cpp,resnet50,1d7a78b2e1cb4ce791c771e7baf89d3c,,Static baseline: every image uses this model,0.0,resnet50,50.0,2048.0,True,False,4b548c57634f96cce13f,0,574,1
135.144325,0.0,292.1015625,99.54185283689364,9,ostrich,0.2276215266507686,138.22960200013767,cpp,resnet50,defe7d966d1c4acc889b6d378aea265a,,Static baseline: every image uses this model,0.0,resnet50,50.0,2048.0,True,False,2a328ad9ed0463dd8e40,0,217,0
137.051144,0.0,292.1015625,99.54344394618194,0,tench,0.9199214589651732,140.1974620000601,cpp,resnet50,4b911c9fdaf746c1b90e9e09e8bd2cdf,,Static baseline: every image uses this model,0.0,resnet50,50.0,2048.0,True,False,672289c345c6b157c122,0,0,1
132.127456,0.0,292.1015625,99.64991784841396,450,bobsled,0.3816640363310885,135.33223500007807,cpp,resnet50,6817b0ee88bf44d591b1577cdf9b473d,,Static baseline: every image uses this model,0.0,resnet50,50.0,2048.0,True,False,0038ddc45cbe29596ba9,0,491,0
141.061527,0.0,292.0703125,99.58140842831338,675,moving van,0.9718820566694456,144.39803400000528,cpp,resnet50,4cd1be3f075347c5837a5ba77964a1a8,,Static baseline: every image uses this model,0.0,resnet50,50.0,2048.0,True,False,c10444f8b888582761a4,0,569,0
141.731821,0.0,292.1015625,99.55394486379232,701,parachute,0.99857769099581,145.55263399984142,cpp,resnet50,9a693b447e3c43d8811cb55a896faa52,,Static baseline: every image uses this model,0.0,resnet50,50.0,2048.0,True,False,b0bfa88a566c909ba480,0,701,1
146.540338,0.0,292.1015625,99.56085738593887,574,golf ball,0.9655751204077282,149.9895429999469,cpp,resnet50,70bdf533bee448e9977f84cee7420ba6,,Static baseline: every image uses this model,0.0,resnet50,50.0,2048.0,True,False,b9dd47e849749a3e01ef,0,574,1
135.600452,0.0,292.1015625,99.62262921139632,701,parachute,0.9998148428593594,141.33208399994146,cpp,resnet50,1028aaa84a6d48f98c97d9fc46ee8cff,,Static baseline: every image uses this model,0.0,resnet50,50.0,2048.0,True,False,31d5325988db9f1c752b,0,701,1
133.446843,0.0,292.1015625,99.6510141099949,0,tench,0.9996506891961928,136.8055309999363,cpp,resnet50,f872c2760fb448338e5334954d3b02c1,,Static baseline: every image uses this model,0.0,resnet50,50.0,2048.0,True,False,f5b6098226ef6b4d3008,0,0,1
139.928898,0.0,292.1015625,99.57180689417687,571,gas pump,0.9172360673162876,143.44065599993883,cpp,resnet50,4f3490c3a6574918bd062791e3cb237f,,Static baseline: every image uses this model,0.0,resnet50,50.0,2048.0,True,False,66ea92408bb1d45e8a80,0,571,1
138.131792,0.0,292.1015625,99.63884065089474,442,bell cote,0.7654410593867016,141.38883599980545,cpp,resnet50,bc4053e0c64342398a33a02a6d0bf614,,Static baseline: every image uses this model,0.0,resnet50,50.0,2048.0,True,False,ec65f302bff6f50bb8a2,0,497,0
151.029626,0.0,292.1015625,99.4102101066238,571,gas pump,0.2527290932913562,154.11725599983583,cpp,resnet50,eb9205dffb4d4bdca5f1382a45b24801,,Static baseline: every image uses this model,0.0,resnet50,50.0,2048.0,True,False,0d1cfd3c9113ab92d8a9,0,571,1
138.658849,0.0,292.1015625,99.58523990934572,571,gas pump,0.8611103255251676,142.24343499995484,cpp,resnet50,26589d716a8a4b08992ffbabc0bee170,,Static baseline: every image uses this model,0.0,resnet50,50.0,2048.0,True,False,971fa9f2047ef0b7580b,0,571,1
134.822823,0.0,292.1015625,99.61972970669255,574,golf ball,0.2424815233146752,138.232465000101,cpp,resnet50,bdac1e3b50f244d995cdacdb1fdbac01,,Static baseline: every image uses this model,0.0,resnet50,50.0,2048.0,True,False,a5cb5dce8fea0d78d48b,0,574,1
138.667136,0.0,292.1015625,99.5919747348074,571,gas pump,0.9997923815234876,141.8189139999413,cpp,resnet50,b52717beacbd479c8053bc221a83499d,,Static baseline: every image uses this model,0.0,resnet50,50.0,2048.0,True,False,184cfe80bff425a554eb,0,571,1
137.937861,0.0,292.10546875,99.64260354124188,482,cassette player,0.7137120294493372,141.0635130000628,cpp,resnet50,9a11fcd2405f429daae53d757a88220b,,Static baseline: every image uses this model,0.0,resnet50,50.0,2048.0,True,False,b96089f5a0ee8958f842,0,482,1
134.137619,0.0,292.10546875,99.61411492547596,522,croquet ball,0.5150755452480918,138.2427139999436,cpp,resnet50,e290cd61405e442b937940eb6d1633fe,,Static baseline: every image uses this model,0.0,resnet50,50.0,2048.0,True,False,5f27fa39b4d1da680538,0,574,0
134.137211,0.0,292.10546875,99.6275569633605,217,English springer,0.9205832583369724,137.27871099990807,cpp,resnet50,d3bc3ca3b00341adac90aa11b0a87fe6,,Static baseline: every image uses this model,0.0,resnet50,50.0,2048.0,True,False,3fcb8614fa0697512341,0,217,1
143.888573,0.0,292.10546875,99.55893411815124,0,tench,0.9797022987455192,147.0843760000662,cpp,resnet50,ce6d4f17009f444a92d0d0f5c050358c,,Static baseline: every image uses this model,0.0,resnet50,50.0,2048.0,True,False,39bb040fb53a1d176cae,0,0,1
142.023126,0.0,292.10546875,99.6110785152282,634,lumbermill,0.6802572130622218,145.3504169999178,cpp,resnet50,1789ef78730f49e7a6b048a3282bbb5a,,Static baseline: every image uses this model,0.0,resnet50,50.0,2048.0,True,False,5722417798e696c036a9,0,491,0
136.443729,0.0,292.10546875,99.66231999826311,701,parachute,0.9993371737218468,139.81965099992522,cpp,resnet50,dadf6c7988a14575a0de0c374e2b9b9c,,Static baseline: every image uses this model,0.0,resnet50,50.0,2048.0,True,False,b3b7d952751637282f6b,0,701,1
152.454445,0.0,292.10546875,99.63191054624927,675,moving van,0.691898583228944,155.73904500001845,cpp,resnet50,7158426138c54082abfaf3733c747f2c,,Static baseline: every image uses this model,0.0,resnet50,50.0,2048.0,True,False,759cbbc8629f7d2e495f,0,569,0
149.616261,0.0,292.10546875,99.47016038647357,569,garbage truck,0.9435431081361056,153.15030800002205,cpp,resnet50,ad22be6781354e8ba52f6cac99553d83,,Static baseline: every image uses this model,0.0,resnet50,50.0,2048.0,True,False,0be2554779cb63aa7570,0,569,1
136.17788,0.0,292.10546875,99.65800898199365,574,golf ball,0.997312342771681,139.35950800009778,cpp,resnet50,f9a74f41529242df9e05be2476c5d038,,Static baseline: every image uses this model,0.0,resnet50,50.0,2048.0,True,False,187e3af108481037ef18,0,574,1
132.564217,0.0,292.109375,99.60425852359222,601,hoopskirt,0.1742497687264916,135.63602299996091,cpp,resnet50,86ccbd957d10476c8dd8a305a5e54c46,,Static baseline: every image uses this model,0.0,resnet50,50.0,2048.0,True,False,c855206e6d49ba4dd808,1,701,0
137.252765,0.0,292.109375,99.40855735610944,698,palace,0.263947815635364,140.52503800007798,cpp,resnet50,163a61043d2b4beaafaf81f0f19bb702,,Static baseline: every image uses this model,0.0,resnet50,50.0,2048.0,True,False,13e3bcc97110094b8448,1,497,0
142.663498,0.0,292.109375,99.49167306042428,491,chain saw,0.8169318608727218,146.08236200001556,cpp,resnet50,4dcc7e3f71bb4b9dbf11b2d6d6014ec8,,Static baseline: every image uses this model,0.0,resnet50,50.0,2048.0,True,False,b683b233630b42dc4774,1,491,1
133.998158,0.0,292.109375,99.43836170190887,569,garbage truck,0.4104123197651417,137.20574299986765,cpp,resnet50,7e8c29fb0dad4049800691b86b5534e2,,Static baseline: every image uses this model,0.0,resnet50,50.0,2048.0,True,False,45bd4d0f4d7478b0cee3,1,569,1
142.067258,0.0,292.109375,98.06978289481226,481,cassette,0.7954863669344094,144.83577999999395,cpp,resnet50,809735d9b64746b783fa643e6cff25f6,,Static baseline: every image uses this model,0.0,resnet50,50.0,2048.0,True,False,b46523267235e8ce5297,1,482,0
137.372953,0.0,292.109375,99.5605952105615,569,garbage truck,0.9685872967014566,140.34849300014685,cpp,resnet50,5b83210fec954923af5875e29c3a5951,,Static baseline: every image uses this model,0.0,resnet50,50.0,2048.0,True,False,f04e6a8cd69749d35aab,1,569,1
142.465062,0.0,292.11328125,99.53492935166165,701,parachute,0.9816562267135884,145.66905099991345,cpp,resnet50,f3feb129d3834f96a925fb42080f6c6c,,Static baseline: every image uses this model,0.0,resnet50,50.0,2048.0,True,False,417536921c3e9bb251be,1,701,1
138.782559,0.0,292.1171875,99.57573164452408,566,French horn,0.8942093070444904,141.6518559999531,cpp,resnet50,21fc88fdca054977a65b5b1ac126bc8a,,Static baseline: every image uses this model,0.0,resnet50,50.0,2048.0,True,False,5930368dd828c298772d,1,566,1
142.087178,0.0,292.1171875,99.5899368378771,844,switch,0.8941750194793908,145.93166500003463,cpp,resnet50,ec06497bde2c432a982ad13a02bc7dd0,,Static baseline: every image uses this model,0.0,resnet50,50.0,2048.0,True,False,91bd6a57b11a9ffdc7f7,1,482,0
138.403999,0.0,292.1171875,99.64166126283747,442,bell cote,0.4239633999695592,141.62912000006145,cpp,resnet50,ac809f0b601c4b39826d6e32115721f8,,Static baseline: every image uses this model,0.0,resnet50,50.0,2048.0,True,False,44d0e6aade6060dd3a4c,1,497,0
138.881249,0.0,292.1171875,99.6284001190553,569,garbage truck,0.7398057375405778,141.8498840000666,cpp,resnet50,77a4ac435cc54efdb9d9cbc033d28b2d,,Static baseline: every image uses this model,0.0,resnet50,50.0,2048.0,True,False,2eeed640e4c9f230923b,1,569,1
135.467009,0.0,292.1171875,99.65348719412094,701,parachute,0.99857769099581,138.70656199992482,cpp,resnet50,6925e96f111c493184ec2530b464ae6d,,Static baseline: every image uses this model,0.0,resnet50,50.0,2048.0,True,False,b0bfa88a566c909ba480,1,701,1
142.264192,0.0,292.1171875,99.63002417906152,574,golf ball,0.9955434632087792,144.96893299997282,cpp,resnet50,1c1761405035429bb50c6a31044811c0,,Static baseline: every image uses this model,0.0,resnet50,50.0,2048.0,True,False,e1faca667619e6e13dea,1,574,1
142.273182,0.0,292.1171875,99.51626920773197,482,cassette player,0.5619070442850296,145.12224800000695,cpp,resnet50,caf4deae98f84a3fb779589140e9a26f,,Static baseline: every image uses this model,0.0,resnet50,50.0,2048.0,True,False,ba3f10e49fa71222a167,1,482,1
304.244727,0.0,292.12109375,98.47031132949768,571,gas pump,0.9172360673162876,307.8158379998968,cpp,resnet50,d68186c01fa64ddaa3cd71a82dd1455a,,Static baseline: every image uses this model,0.0,resnet50,50.0,2048.0,True,False,66ea92408bb1d45e8a80,1,571,1
159.760911,0.0,292.12109375,99.43249959575094,856,thresher,0.8039245176467615,163.2101039999725,cpp,resnet50,a4699ea29c1e4c4b9dc1b5d328491045,,Static baseline: every image uses this model,0.0,resnet50,50.0,2048.0,True,False,92770e44f32b0fb3805b,1,569,0
149.951049,0.0,292.12109375,99.54253676650308,482,cassette player,0.1874165329112176,152.9475919999186,cpp,resnet50,084d072df79544858809ca148a55f7d7,,Static baseline: every image uses this model,0.0,resnet50,50.0,2048.0,True,False,9663eccdcbe0b346d2fb,1,482,1
134.205128,0.0,292.12109375,99.59173074248471,569,garbage truck,0.9991976797868184,137.83820099979494,cpp,resnet50,73a7e92e918c4038b488c6963698e10b,,Static baseline: every image uses this model,0.0,resnet50,50.0,2048.0,True,False,344dee6d7742b737b6b8,1,569,1
152.538633,0.0,292.125,99.49239814109764,522,croquet ball,0.5150755452480918,157.03862899999876,cpp,resnet50,51cfb63ceadf46b6b290beda52bd5ad9,,Static baseline: every image uses this model,0.0,resnet50,50.0,2048.0,True,False,5f27fa39b4d1da680538,1,574,0
138.24057,0.0,292.125,99.58882605596816,217,English springer,0.2264306404549855,141.62132799992833,cpp,resnet50,441197677e304f1fab9374fa47e0a0b7,,Static baseline: every image uses this model,0.0,resnet50,50.0,2048.0,True,False,4b193d510c7badf1e9d7,1,217,1
145.632519,0.0,292.12890625,99.54701473777985,0,tench,0.9930264140509838,149.04922000005172,cpp,resnet50,790a1960d69a4813ab7a0b4d08998e97,,Static baseline: every image uses this model,0.0,resnet50,50.0,2048.0,True,False,7c84bae86fda676d4554,1,0,1
184.563681,0.0,292.1328125,96.30783244418716,571,gas pump,0.9997923815234876,187.99907900006477,cpp,resnet50,d34be735b47b401dad0bf6fb92051f6f,,Static baseline: every image uses this model,0.0,resnet50,50.0,2048.0,True,False,184cfe80bff425a554eb,1,571,1
168.077195,0.0,292.1328125,99.26139804957228,574,golf ball,0.986681315582401,172.19667500012292,cpp,resnet50,ae0792c584e24475b6f3dc0194e5b508,,Static baseline: every image uses this model,0.0,resnet50,50.0,2048.0,True,False,470a9f15033b9d2fc3d8,1,574,1
137.186373,0.0,292.1328125,99.593796964801,571,gas pump,0.9945472459813072,140.46497699996507,cpp,resnet50,6b0f47121ec04186807109cfb99aad5a,,Static baseline: every image uses this model,0.0,resnet50,50.0,2048.0,True,False,9fda59f5fd0df9879327,1,571,1
157.360895,0.0,292.1328125,99.49392903573676,571,gas pump,0.9991133710225504,160.6545439999536,cpp,resnet50,98f0871ab0ee4d6f849d59cf765bd25e,,Static baseline: every image uses this model,0.0,resnet50,50.0,2048.0,True,False,17d5a963eb476a043cf3,1,571,1
187.396122,0.0,292.1328125,99.4301913770279,569,garbage truck,0.9819116265568768,191.0385270000461,cpp,resnet50,7f851cd60f5044ae86ae73b405262b65,,Static baseline: every image uses this model,0.0,resnet50,50.0,2048.0,True,False,b25a98271d50629a4f1d,1,569,1
193.469805,0.0,292.1328125,99.3327873749321,569,garbage truck,0.9993910638370368,196.81596999998877,cpp,resnet50,472f02bf50254873a0f1763015253e47,,Static baseline: every image uses this model,0.0,resnet50,50.0,2048.0,True,False,5986b7616a1228b54cf8,1,569,1
156.91174,0.0,292.13671875,99.24443386716696,701,parachute,0.9993371737218468,161.62410499987345,cpp,resnet50,dc2579117e68447fa2a62e96f092afd8,,Static baseline: every image uses this model,0.0,resnet50,50.0,2048.0,True,False,b3b7d952751637282f6b,1,701,1
137.60427,0.0,292.13671875,99.61464323673134,566,French horn,0.999781571245137,140.46801599988612,cpp,resnet50,5c17519d79d9412cb6c055a7d5a6ad82,,Static baseline: every image uses this model,0.0,resnet50,50.0,2048.0,True,False,95a6d8332e65a953f807,1,566,1
136.488738,0.0,292.140625,99.53983728542616,406,altar,0.4880198118388332,139.74339499986854,cpp,resnet50,a0a8ce3126ce499ca1f4d7037a2be899,,Static baseline: every image uses this model,0.0,resnet50,50.0,2048.0,True,False,298fb3d15c1c56aa6a1b,1,497,0
139.644325,0.0,292.140625,99.50547580488988,574,golf ball,0.9999357543746686,143.14607999995133,cpp,resnet50,43b4374b994e48ccba56c388a200849d,,Static baseline: every image uses this model,0.0,resnet50,50.0,2048.0,True,False,dfafa0b6ed6c5146f025,1,574,1
159.219359,0.0,292.140625,99.43126586858172,491,chain saw,0.9997338574885788,164.19781199988392,cpp,resnet50,3b70729dcc994212814bf4be5acb1f5d,,Static baseline: every image uses this model,0.0,resnet50,50.0,2048.0,True,False,822ecb098d1efd5cc425,1,491,1
193.603067,0.0,292.140625,99.2828934427122,255,Leonberg,0.1938697458379369,197.26245499987272,cpp,resnet50,f8e44f7d1031442f9280057b79bc4dd1,,Static baseline: every image uses this model,0.0,resnet50,50.0,2048.0,True,False,3de5f3a0109d307875a8,1,491,0
152.277128,0.0,292.140625,99.41987880784193,491,chain saw,0.999996648808231,155.7929640000566,cpp,resnet50,b32dd8fe621e43bd82476e398abb60a1,,Static baseline: every image uses this model,0.0,resnet50,50.0,2048.0,True,False,6d7204950e9ea9baf7eb,1,491,1
139.214133,0.0,292.1484375,99.54943940509972,566,French horn,0.667894250054406,142.97344399983558,cpp,resnet50,ab3921a86afa44efbb503a0c9fdc3f13,,Static baseline: every image uses this model,0.0,resnet50,50.0,2048.0,True,False,a829012efaba7982ccf9,1,566,1
140.95925,0.0,292.1484375,99.5277252370585,491,chain saw,0.999999991045322,144.14426799999092,cpp,resnet50,9e67e8104ce14d9c861c7160fd280eb6,,Static baseline: every image uses this model,0.0,resnet50,50.0,2048.0,True,False,a9ccf20cebb67562b233,1,491,1
135.581105,0.0,292.1484375,99.57757147984438,848,tape player,0.3148640566152518,138.70109899994532,cpp,resnet50,222f49de075d4625aeb2b021b48f16f9,,Static baseline: every image uses this model,0.0,resnet50,50.0,2048.0,True,False,441b74bb0600359a5ae1,1,482,0
136.853565,0.0,292.1484375,99.46759705682928,830,stretcher,0.4981842645545609,139.8859660000653,cpp,resnet50,83705a9c435a4024aa628b41f0d45670,,Static baseline: every image uses this model,0.0,resnet50,50.0,2048.0,True,False,8a58d7d2fbec5278ad37,1,491,0
136.991688,0.0,292.1484375,99.57202232685178,569,garbage truck,0.9435431081361056,140.26385900001517,cpp,resnet50,8bb25b36b8d54aa0ab0001fb97365ade,,Static baseline: every image uses this model,0.0,resnet50,50.0,2048.0,True,False,0be2554779cb63aa7570,1,569,1
158.778337,0.0,292.1484375,99.45413133435537,569,garbage truck,0.9989247898886994,162.48157399991214,cpp,resnet50,dc6dcae5d2994e0884c70932586e5a23,,Static baseline: every image uses this model,0.0,resnet50,50.0,2048.0,True,False,ce8529c8eee748f146d3,1,569,1
145.477081,0.0,292.1484375,99.55843492294318,574,golf ball,0.2424815233146752,149.68642999997428,cpp,resnet50,c5192e2a32b24d8ca3d3fef68ed2a933,,Static baseline: every image uses this model,0.0,resnet50,50.0,2048.0,True,False,a5cb5dce8fea0d78d48b,1,574,1
162.229276,0.0,292.15625,99.5058738074936,566,French horn,0.6425495199186732,165.6728610000755,cpp,resnet50,bceedb2a711b4cb49d5773352303d2c8,,Static baseline: every image uses this model,0.0,resnet50,50.0,2048.0,True,False,4820256bcd3e9dc760e4,1,566,1
137.657692,0.0,292.15625,99.4848439532922,701,parachute,0.9925201491072728,142.3896710000463,cpp,resnet50,7a9c403376144e3da0587fcb0e4647a7,,Static baseline: every image uses this model,0.0,resnet50,50.0,2048.0,True,False,1ce9829c757e18582436,1,701,1
143.640945,0.0,292.1640625,99.47841586962608,217,English springer,0.731606110719086,147.33232000003227,cpp,resnet50,1261593e28164582996bed5267d13cc0,,Static baseline: every image uses this model,0.0,resnet50,50.0,2048.0,True,False,6f7809e7f2cc44bd0073,1,217,1
166.766245,0.0,292.1328125,99.36447601342128,884,vault,0.5673175573235839,171.11030000000935,cpp,resnet50,e0702fcc246446ba8ac6fa1e8f0147d9,,Static baseline: every image uses this model,0.0,resnet50,50.0,2048.0,True,False,d4dcc887e7e10d2bf5fa,1,497,0
142.809096,0.0,292.1640625,99.58758792991844,574,golf ball,0.9999940948782204,146.4038139999957,cpp,resnet50,f1c272de1da340b7bd7471c599b43210,,Static baseline: every image uses this model,0.0,resnet50,50.0,2048.0,True,False,be5eaa3600e1cc67f394,1,574,1
222.360109,0.0,292.1640625,99.09820235882286,701,parachute,0.9993568466957554,226.78435900002117,cpp,resnet50,42aaa7a647b54fa2b7aa9af40e96d278,,Static baseline: every image uses this model,0.0,resnet50,50.0,2048.0,True,False,383867303b559ef23d2d,1,701,1
191.925758,0.0,292.1640625,99.1778285563316,574,golf ball,0.997312342771681,200.12979200009795,cpp,resnet50,990266e66b214a42aca8a9937a73f5f0,,Static baseline: every image uses this model,0.0,resnet50,50.0,2048.0,True,False,187e3af108481037ef18,1,574,1
167.307751,0.0,292.1640625,99.40686595334516,450,bobsled,0.3816640363310885,171.09842300010314,cpp,resnet50,94a3ee3a269946c6b620d65dd18f7f8c,,Static baseline: every image uses this model,0.0,resnet50,50.0,2048.0,True,False,0038ddc45cbe29596ba9,1,491,0
156.598927,0.0,292.1640625,99.38562855438924,0,tench,0.9997217881131794,160.2847929998461,cpp,resnet50,0c189177b35d4aeb8cb7a3649ec8c3cd,,Static baseline: every image uses this model,0.0,resnet50,50.0,2048.0,True,False,a2ebfa36b363d02c435f,1,0,1
164.115378,0.0,292.1640625,99.47003247801024,701,parachute,0.8847840669602001,168.02161700002216,cpp,resnet50,9ea8dd2d584447c39df7e32eb37d6ea1,,Static baseline: every image uses this model,0.0,resnet50,50.0,2048.0,True,False,8e0f259737a8cf29adcd,1,701,1
145.527706,0.0,292.1640625,99.59924372962506,0,tench,0.9199214589651732,148.94514299999173,cpp,resnet50,244c1b45c46f41089be4906d5d9bc9fb,,Static baseline: every image uses this model,0.0,resnet50,50.0,2048.0,True,False,672289c345c6b157c122,1,0,1
144.462244,0.0,292.1640625,99.565779388033,491,chain saw,0.99074535070575,147.47342299983757,cpp,resnet50,57bc48c73210468bbc6a02cf18c85b10,,Static baseline: every image uses this model,0.0,resnet50,50.0,2048.0,True,False,97909eccc6227b59cdbd,1,491,1
167.409383,0.0,292.1640625,99.47265161902531,482,cassette player,0.5937648272244642,171.00460200003909,cpp,resnet50,bbced100c01b4357924ff728a8bfa91a,,Static baseline: every image uses this model,0.0,resnet50,50.0,2048.0,True,False,ead41664127f392d4b3a,1,482,1
169.944741,0.0,292.1640625,99.46853576001187,574,golf ball,0.8715230221466692,173.81959700014704,cpp,resnet50,a8e333482f554412ab3581988e79581e,,Static baseline: every image uses this model,0.0,resnet50,50.0,2048.0,True,False,e95f8f97b7e36d6619df,1,574,1
157.388854,0.0,292.1640625,99.42588249285149,574,golf ball,0.997892558431926,160.8942399998341,cpp,resnet50,6bb3be6d32b9429cb0969dff1c398bb9,,Static baseline: every image uses this model,0.0,resnet50,50.0,2048.0,True,False,4b548c57634f96cce13f,1,574,1
150.874635,0.0,292.16796875,99.60933890679205,571,gas pump,0.8611103255251676,154.2664500000228,cpp,resnet50,4d4db9e267de48afb3b0337da4913eb0,,Static baseline: every image uses this model,0.0,resnet50,50.0,2048.0,True,False,971fa9f2047ef0b7580b,1,571,1
149.52391,0.0,292.16796875,99.4589880924242,497,church,0.8775101247615053,153.22084200010977,cpp,resnet50,e36ecd3148654f979c7045fe38e7d81e,,Static baseline: every image uses this model,0.0,resnet50,50.0,2048.0,True,False,2620f63214c6d4d53a2e,1,497,1
192.19964,0.0,292.16796875,99.12449719316383,675,moving van,0.4587099070815758,199.776287000077,cpp,resnet50,6938cbde261b4fadb92749a577decc0d,,Static baseline: every image uses this model,0.0,resnet50,50.0,2048.0,True,False,cd042851c41a91dcb39d,1,569,0
137.001652,0.0,292.16796875,99.57365385607991,217,English springer,0.931947459945508,140.3301069999543,cpp,resnet50,eaaae6c1e76f434688cd266a136298c8,,Static baseline: every image uses this model,0.0,resnet50,50.0,2048.0,True,False,560c8d4bfd14be3e6a8a,1,217,1
157.713651,0.0,292.16796875,99.3953918090679,218,Welsh springer spaniel,0.4897611482898357,160.62650399999256,cpp,resnet50,357f1205fefe4107908350554f03eb99,,Static baseline: every image uses this model,0.0,resnet50,50.0,2048.0,True,False,71d33942636767e8ed5a,1,217,0
146.781813,0.0,292.16796875,99.52540128866558,0,tench,0.9978035118284396,150.60133599990877,cpp,resnet50,eba6042c254e4c56bf1367502422c1c0,,Static baseline: every image uses this model,0.0,resnet50,50.0,2048.0,True,False,f6ff97e8bae06024f9d5,1,0,1
148.114112,0.0,292.16796875,99.48080927791032,574,golf ball,0.9447162539376748,151.5676159999657,cpp,resnet50,425baa44ff9740708c055de23d7b7324,,Static baseline: every image uses this model,0.0,resnet50,50.0,2048.0,True,False,71e9baf5ea98ffedf5a8,1,574,1
138.084002,0.0,292.16796875,99.63904262027371,701,parachute,0.9994130670997868,141.66049200002817,cpp,resnet50,99b0dcb320df498a8976bc3a8bbe98ac,,Static baseline: every image uses this model,0.0,resnet50,50.0,2048.0,True,False,30fb16826a0b77fbdaf0,1,701,1
159.566554,0.0,292.16796875,99.40475065861854,217,English springer,0.8939310383472365,163.39068900015263,cpp,resnet50,cb005b4c9dc4486dbd35809ac128022b,,Static baseline: every image uses this model,0.0,resnet50,50.0,2048.0,True,False,073d0199c1f24a40dc5b,1,217,1
141.838014,0.0,292.16796875,99.55855832545836,574,golf ball,0.9655751204077282,145.80567200005137,cpp,resnet50,527f66045f2f4eecb1ed1b8115a82feb,,Static baseline: every image uses this model,0.0,resnet50,50.0,2048.0,True,False,b9dd47e849749a3e01ef,1,574,1
167.132846,0.0,292.16796875,99.30153734954207,497,church,0.8641686499269012,170.23558799996863,cpp,resnet50,5e114cee90774c4a99fbf8f99d0b0b4c,,Static baseline: every image uses this model,0.0,resnet50,50.0,2048.0,True,False,050c33a7d7f32fd92ac6,1,497,1
137.925089,0.0,292.16796875,99.63521645454324,634,lumbermill,0.6802572130622218,141.44607299999734,cpp,resnet50,dc86789db86f460bbf076cc8e9d6946f,,Static baseline: every image uses this model,0.0,resnet50,50.0,2048.0,True,False,5722417798e696c036a9,1,491,0
136.286699,0.0,292.16796875,99.6253181143782,491,chain saw,0.9983680225777152,139.9653999999373,cpp,resnet50,fe9dd7bc3c7b4be2b25adfa39191a186,,Static baseline: every image uses this model,0.0,resnet50,50.0,2048.0,True,False,0b8b19a751055a1ec8a0,1,491,1
142.521415,0.0,292.16796875,99.61210350707736,482,cassette player,0.4389134976724498,145.71284099997683,cpp,resnet50,70d5d3c999fc439ba00124618df9f8c4,,Static baseline: every image uses this model,0.0,resnet50,50.0,2048.0,True,False,9b619751b75c8a6ad1a0,1,482,1
138.146943,0.0,292.16796875,99.60518465814144,701,parachute,0.9998148428593594,143.46858900012194,cpp,resnet50,53b6263ae108407ea2693b410e654afa,,Static baseline: every image uses this model,0.0,resnet50,50.0,2048.0,True,False,31d5325988db9f1c752b,1,701,1
136.072209,0.0,292.16796875,99.62146446935384,482,cassette player,0.7137120294493372,138.94944000003306,cpp,resnet50,23844d687d28419bb6a60b33aea41e97,,Static baseline: every image uses this model,0.0,resnet50,50.0,2048.0,True,False,b96089f5a0ee8958f842,1,482,1
139.327636,0.0,292.171875,99.61930724209262,217,English springer,0.9205832583369724,142.40643900006944,cpp,resnet50,6b8c953cbb9b46cc82c5c675b4206564,,Static baseline: every image uses this model,0.0,resnet50,50.0,2048.0,True,False,3fcb8614fa0697512341,1,217,1
134.99927,0.0,292.171875,99.65568375518173,0,tench,0.9998372098432988,138.28943799990157,cpp,resnet50,aa55f5e532294d7293fcf02869e788ac,,Static baseline: every image uses this model,0.0,resnet50,50.0,2048.0,True,False,f164d1a7b2bfad695ace,1,0,1
147.229527,0.0,292.17578125,99.55559305655562,0,tench,0.9534055706652472,150.19409800015637,cpp,resnet50,efeddb982de64ccb8873a45df0415553,,Static baseline: every image uses this model,0.0,resnet50,50.0,2048.0,True,False,f53fbb95080335df2c2d,1,0,1
136.726822,0.0,292.17578125,99.61837272259088,701,parachute,0.2778874910510607,140.5664720000459,cpp,resnet50,c7dc7bcad4a340a1b9aad22c0dae20b6,,Static baseline: every image uses this model,0.0,resnet50,50.0,2048.0,True,False,68ae5f6b4dfe6c710ddc,1,701,1
143.09046,0.0,292.17578125,99.60764472038473,9,ostrich,0.2276215266507686,146.40786799986927,cpp,resnet50,c31cc520126c4522a765e494a3ec08ac,,Static baseline: every image uses this model,0.0,resnet50,50.0,2048.0,True,False,2a328ad9ed0463dd8e40,1,217,0
134.417835,0.0,292.17578125,99.6390591588112,566,French horn,0.998165304170552,137.6336349999292,cpp,resnet50,123e19cba4e749b7839b9fe73578f76d,,Static baseline: every image uses this model,0.0,resnet50,50.0,2048.0,True,False,e164986e7efd9a941c8e,1,566,1
139.884915,0.0,292.17578125,99.61697532753637,217,English springer,0.3968471335877054,142.9918329999964,cpp,resnet50,fb12ebd6187543139370e1287b5cfa05,,Static baseline: every image uses this model,0.0,resnet50,50.0,2048.0,True,False,edec038dc21e45a32a00,1,217,1
140.793756,0.0,292.17578125,99.5806633261122,217,English springer,0.4036900396341877,144.0019530000427,cpp,resnet50,f6da176c6bad4f57b412dad8b49bd191,,Static baseline: every image uses this model,0.0,resnet50,50.0,2048.0,True,False,c502624fc7bb3bb7c430,1,217,1
173.315071,0.0,292.17578125,99.42275271739788,571,gas pump,0.9992940619832628,176.85713400010172,cpp,resnet50,57d82c5281584931b70e99945c962fa3,,Static baseline: every image uses this model,0.0,resnet50,50.0,2048.0,True,False,cabe8ff46702c50e9274,1,571,1
177.427203,0.0,292.17578125,99.29340988811826,675,moving van,0.691898583228944,180.96856700003627,cpp,resnet50,4a20167cbe4b485589e82e8230a9feed,,Static baseline: every image uses this model,0.0,resnet50,50.0,2048.0,True,False,759cbbc8629f7d2e495f,1,569,0
138.200567,0.0,292.17578125,99.54889293246929,482,cassette player,0.2983887879444755,141.49235199988652,cpp,resnet50,7cd25a0c77324f24afe2a7f88bc5bfe7,,Static baseline: every image uses this model,0.0,resnet50,50.0,2048.0,True,False,aca16af98b818790e01b,1,482,1
140.126621,0.0,292.1796875,99.51919704290906,571,gas pump,0.2527290932913562,143.96084499981043,cpp,resnet50,f5befb58ee1a4a1dad5646436fa66327,,Static baseline: every image uses this model,0.0,resnet50,50.0,2048.0,True,False,0d1cfd3c9113ab92d8a9,1,571,1
143.725878,0.0,292.1796875,99.52584603185358,0,tench,0.9797022987455192,146.93054300005315,cpp,resnet50,d90c53c5b8794ac6a68197cee3e0c3dc,,Static baseline: every image uses this model,0.0,resnet50,50.0,2048.0,True,False,39bb040fb53a1d176cae,1,0,1
176.746524,0.0,292.1796875,98.47009911520794,497,church,0.6085877081823586,179.92838800000754,cpp,resnet50,1773218084e34b4cb6338924c9f9acf1,,Static baseline: every image uses this model,0.0,resnet50,50.0,2048.0,True,False,a0917b15d44486760f0e,1,497,1
149.272378,0.0,292.1796875,99.550500647339,701,parachute,0.995568995827542,152.7196859999549,cpp,resnet50,404a5f5a33764d9e86ac298c0fd8cd84,,Static baseline: every image uses this model,0.0,resnet50,50.0,2048.0,True,False,ddb3b09917f249dbe143,1,701,1
182.410636,0.0,292.18359375,99.28944841992828,566,French horn,0.9994854304714528,186.0184450001725,cpp,resnet50,7d113295b87f498e99fc2af45d8cadcb,,Static baseline: every image uses this model,0.0,resnet50,50.0,2048.0,True,False,1fe86a7b0db415dc071c,1,566,1
259.784235,0.0,292.18359375,98.56133840351713,0,tench,0.9996506891961928,263.387234999982,cpp,resnet50,4c3dc66ff7064b9bb610b3f8e0772b25,,Static baseline: every image uses this model,0.0,resnet50,50.0,2048.0,True,False,f5b6098226ef6b4d3008,1,0,1
154.403376,0.0,292.1875,99.42676283303608,491,chain saw,0.9910136354565686,159.69707699991886,cpp,resnet50,2cfc16c89cd643d88c8b6e56011cd421,,Static baseline: every image uses this model,0.0,resnet50,50.0,2048.0,True,False,e969791171f72413723a,1,491,1
135.32971,0.0,292.1875,99.54082725037004,217,English springer,0.8654785383148105,138.59903499997017,cpp,resnet50,66ff42fcff9c41c9b9eb7142b9456219,,Static baseline: every image uses this model,0.0,resnet50,50.0,2048.0,True,False,2f0b56bb43b367cf0737,1,217,1
143.7957,0.0,292.1875,99.62094270126616,497,church,0.5114752395220501,147.6024870000856,cpp,resnet50,2ce2aece53214d368679b8b0939bd48c,,Static baseline: every image uses this model,0.0,resnet50,50.0,2048.0,True,False,42416e86d762cb8caf7a,1,497,1
145.424155,0.0,292.1875,99.58714273656976,0,tench,0.9993487688821868,150.38805300014246,cpp,resnet50,0f643b6f0e4444f8b298198458b7dc71,,Static baseline: every image uses this model,0.0,resnet50,50.0,2048.0,True,False,7bf919583e8a809b8724,1,0,1
152.565048,0.0,292.1875,99.50010174288876,569,garbage truck,0.9348729300694154,155.85371399993164,cpp,resnet50,59e4e41539a74c6187e0c0b105782812,,Static baseline: every image uses this model,0.0,resnet50,50.0,2048.0,True,False,1718763bdc51740a7d7a,1,569,1
139.205801,0.0,292.1875,99.55225370127584,675,moving van,0.9718820566694456,142.6363550001497,cpp,resnet50,9218e1259cd04db5961e9c6629b2d60d,,Static baseline: every image uses this model,0.0,resnet50,50.0,2048.0,True,False,c10444f8b888582761a4,1,569,0
134.823798,0.0,292.1875,99.55150150819952,571,gas pump,0.9994223597030224,137.55230199990365,cpp,resnet50,5030c82ab255481dbe97ae6b52048754,,Static baseline: every image uses this model,0.0,resnet50,50.0,2048.0,True,False,90e1209a31015bd22730,1,571,1
142.851118,0.0,292.19140625,99.57616035285484,482,cassette player,0.5281679563239009,145.4998379999779,cpp,resnet50,30abffeb5da54e61af979b1086f50a4c,,Static baseline: every image uses this model,0.0,resnet50,50.0,2048.0,True,False,fa8dca38dfc9570aba66,1,482,1
138.315918,0.0,292.19140625,99.58131719693822,442,bell cote,0.7654410593867016,141.56325399994785,cpp,resnet50,812c45f0550e4c2a808b15e41f81fb6d,,Static baseline: every image uses this model,0.0,resnet50,50.0,2048.0,True,False,ec65f302bff6f50bb8a2,1,497,0
133.31167,0.0,292.1953125,99.64740302127282,442,bell cote,0.4691865180477117,135.9047380001357,cpp,resnet50,7ed9c8ef08a140268f513ce30ebd6b79,,Static baseline: every image uses this model,0.0,resnet50,50.0,2048.0,True,False,119e22c1bc53d94525dc,1,497,0
161.737354,0.0,292.1953125,99.54076000096204,701,parachute,0.8723095089570371,164.9810559999878,cpp,resnet50,f10ecfbb739a46bcb7bdb2918351318c,,Static baseline: every image uses this model,0.0,resnet50,50.0,2048.0,True,False,a090cb4a0dea5c618439,1,701,1
148.351596,0.0,292.203125,99.5769869761867,574,golf ball,0.997892558431926,151.93125600012536,cpp,resnet50,edd118304add4181b08c155268ee782a,,Static baseline: every image uses this model,0.0,resnet50,50.0,2048.0,True,False,4b548c57634f96cce13f,2,574,1
145.504656,0.0,292.203125,99.49853356288304,571,gas pump,0.9945472459813072,150.0967849999597,cpp,resnet50,fa508919f51940f2839c06a70d90ab28,,Static baseline: every image uses this model,0.0,resnet50,50.0,2048.0,True,False,9fda59f5fd0df9879327,2,571,1
142.822887,0.0,292.20703125,99.5885508333736,497,church,0.6085877081823586,147.01573100001042,cpp,resnet50,99409a32377a48adb9c1f0cbdb2036ae,,Static baseline: every image uses this model,0.0,resnet50,50.0,2048.0,True,False,a0917b15d44486760f0e,2,497,1
160.620916,0.0,292.20703125,99.29790643133748,217,English springer,0.3968471335877054,164.93001100002402,cpp,resnet50,2fb30323abed4a9bac654c53ca78a75a,,Static baseline: every image uses this model,0.0,resnet50,50.0,2048.0,True,False,edec038dc21e45a32a00,2,217,1
137.178116,0.0,292.20703125,99.62151497064276,574,golf ball,0.9655751204077282,140.64017300006526,cpp,resnet50,23e1c8109164433e80580a70e5cfeb10,,Static baseline: every image uses this model,0.0,resnet50,50.0,2048.0,True,False,b9dd47e849749a3e01ef,2,574,1
161.026235,0.0,292.20703125,99.47476729690932,698,palace,0.263947815635364,164.58133599985558,cpp,resnet50,06ee13a3f4c4439cb85d2e78281685ac,,Static baseline: every image uses this model,0.0,resnet50,50.0,2048.0,True,False,13e3bcc97110094b8448,2,497,0
169.661195,0.0,292.20703125,99.41612963328936,701,parachute,0.9816562267135884,173.3689630000299,cpp,resnet50,2c2d54236deb4dc1820613341bfb0f8b,,Static baseline: every image uses this model,0.0,resnet50,50.0,2048.0,True,False,417536921c3e9bb251be,2,701,1
159.932327,0.0,292.2109375,99.40368896048344,9,ostrich,0.2276215266507686,163.2379640000181,cpp,resnet50,88da0591ea494e7aa5efd34804aa33dd,,Static baseline: every image uses this model,0.0,resnet50,50.0,2048.0,True,False,2a328ad9ed0463dd8e40,2,217,0
160.18631,0.0,292.1796875,99.43510633106683,571,gas pump,0.2527290932913562,163.5821129998476,cpp,resnet50,3eac593ce4e04dc3bce2ba3b2de38774,,Static baseline: every image uses this model,0.0,resnet50,50.0,2048.0,True,False,0d1cfd3c9113ab92d8a9,2,571,1
161.392401,0.0,292.2109375,99.3757289261755,217,English springer,0.931947459945508,165.21220399999947,cpp,resnet50,d0b17e806b1b419bb696d948a5236965,,Static baseline: every image uses this model,0.0,resnet50,50.0,2048.0,True,False,560c8d4bfd14be3e6a8a,2,217,1
135.867249,0.0,292.2109375,99.5649121790386,566,French horn,0.9994854304714528,139.22315700006038,cpp,resnet50,24c161327f1745698a1f5059c5d0ddf3,,Static baseline: every image uses this model,0.0,resnet50,50.0,2048.0,True,False,1fe86a7b0db415dc071c,2,566,1
135.20007,0.0,292.2109375,99.54391692437711,571,gas pump,0.9991133710225504,138.58747100016444,cpp,resnet50,ae0ce6c5948e429896d9718f9cfb1928,,Static baseline: every image uses this model,0.0,resnet50,50.0,2048.0,True,False,17d5a963eb476a043cf3,2,571,1
145.300541,0.0,292.2109375,99.57703155993066,701,parachute,0.9998148428593594,150.89541899988035,cpp,resnet50,7fcd3b540033427b8b6eef80900bf831,,Static baseline: every image uses this model,0.0,resnet50,50.0,2048.0,True,False,31d5325988db9f1c752b,2,701,1
158.935994,0.0,292.2109375,99.53081217005575,569,garbage truck,0.4104123197651417,162.3629069999879,cpp,resnet50,030acd321cf04c8298790b5f95a167b5,,Static baseline: every image uses this model,0.0,resnet50,50.0,2048.0,True,False,45bd4d0f4d7478b0cee3,2,569,1
154.475888,0.0,292.2109375,99.45368311901032,566,French horn,0.6425495199186732,157.95411599992804,cpp,resnet50,2f4c98928fdd476fa507971b85894ccc,,Static baseline: every image uses this model,0.0,resnet50,50.0,2048.0,True,False,4820256bcd3e9dc760e4,2,566,1
147.173099,0.0,292.2109375,99.50657887629332,701,parachute,0.9993568466957554,153.00621800020053,cpp,resnet50,d84478ec6a9a43d9ad90b295b39ccc51,,Static baseline: every image uses this model,0.0,resnet50,50.0,2048.0,True,False,383867303b559ef23d2d,2,701,1
137.179364,0.0,292.2109375,99.5397561644688,569,garbage truck,0.9435431081361056,140.4911810000158,cpp,resnet50,a61db587fa4c4e61bf4e5907a04138f3,,Static baseline: every image uses this model,0.0,resnet50,50.0,2048.0,True,False,0be2554779cb63aa7570,2,569,1
145.609637,0.0,292.2109375,99.46095588658534,491,chain saw,0.999996648808231,148.73699199984003,cpp,resnet50,7efe56878a544789823b33e4e2e7e569,,Static baseline: every image uses this model,0.0,resnet50,50.0,2048.0,True,False,6d7204950e9ea9baf7eb,2,491,1
145.606232,0.0,292.2109375,99.46241776988651,0,tench,0.9199214589651732,150.00198200004888,cpp,resnet50,923d621dc57a43d6b5e40508364cf4ba,,Static baseline: every image uses this model,0.0,resnet50,50.0,2048.0,True,False,672289c345c6b157c122,2,0,1
137.611822,0.0,292.2109375,99.52077009500256,571,gas pump,0.9992940619832628,141.1416509999981,cpp,resnet50,388943750b7743fd9247e155163816f8,,Static baseline: every image uses this model,0.0,resnet50,50.0,2048.0,True,False,cabe8ff46702c50e9274,2,571,1
134.971194,0.0,292.2109375,99.57457995858886,255,Leonberg,0.1938697458379369,138.22997099987333,cpp,resnet50,92532fe22ad74ca7a0611b6a8a385ab0,,Static baseline: every image uses this model,0.0,resnet50,50.0,2048.0,True,False,3de5f3a0109d307875a8,2,491,0
141.109056,0.0,292.2109375,99.5307162267872,701,parachute,0.9993371737218468,144.37341300003936,cpp,resnet50,d2d8ef8b3f794ffc92caab0c6fd2a8b7,,Static baseline: every image uses this model,0.0,resnet50,50.0,2048.0,True,False,b3b7d952751637282f6b,2,701,1
139.466925,0.0,292.2109375,99.63919384368948,701,parachute,0.995568995827542,142.16497999996136,cpp,resnet50,5d2187b6e0944ae1a27c7cae0773639c,,Static baseline: every image uses this model,0.0,resnet50,50.0,2048.0,True,False,ddb3b09917f249dbe143,2,701,1
134.204085,0.0,292.2109375,99.5858224084381,491,chain saw,0.9910136354565686,138.82064399990668,cpp,resnet50,417fb56ef715498d906368dc4980578c,,Static baseline: every image uses this model,0.0,resnet50,50.0,2048.0,True,False,e969791171f72413723a,2,491,1
140.754307,0.0,292.21484375,99.51053764927084,406,altar,0.4880198118388332,143.97001100019224,cpp,resnet50,5c2025a1e210403a9fe14a8bb2202d14,,Static baseline: every image uses this model,0.0,resnet50,50.0,2048.0,True,False,298fb3d15c1c56aa6a1b,2,497,0
139.180957,0.0,292.21484375,99.53141121375998,701,parachute,0.2778874910510607,142.44088200007354,cpp,resnet50,35d6effbe97c47c798c879b272058b92,,Static baseline: every image uses this model,0.0,resnet50,50.0,2048.0,True,False,68ae5f6b4dfe6c710ddc,2,701,1
136.506287,0.0,292.21484375,99.47345192131108,0,tench,0.9534055706652472,139.61498100002245,cpp,resnet50,157ec034013d4a8e84f1934878889a61,,Static baseline: every image uses this model,0.0,resnet50,50.0,2048.0,True,False,f53fbb95080335df2c2d,2,0,1
139.708327,0.0,292.21484375,99.54511310315728,574,golf ball,0.2424815233146752,142.95773399999234,cpp,resnet50,2a21565c29c84f9ca8f3ba3babbb0be0,,Static baseline: every image uses this model,0.0,resnet50,50.0,2048.0,True,False,a5cb5dce8fea0d78d48b,2,574,1
145.632307,0.0,292.21484375,99.46186206724076,442,bell cote,0.7654410593867016,148.72376599987547,cpp,resnet50,1b5b1ced82bf4f74a4c1954f86fa09a2,,Static baseline: every image uses this model,0.0,resnet50,50.0,2048.0,True,False,ec65f302bff6f50bb8a2,2,497,0
137.452263,0.0,292.21484375,99.55167831733633,491,chain saw,0.999999991045322,140.38045100005547,cpp,resnet50,9a55213812644d74bde655e046b49754,,Static baseline: every image uses this model,0.0,resnet50,50.0,2048.0,True,False,a9ccf20cebb67562b233,2,491,1
134.080967,0.0,292.21484375,99.56215191536498,569,garbage truck,0.9819116265568768,137.08773000007568,cpp,resnet50,5509e0cb44f34503a9f8016acd942192,,Static baseline: every image uses this model,0.0,resnet50,50.0,2048.0,True,False,b25a98271d50629a4f1d,2,569,1
143.996704,0.0,292.21484375,99.50762062529763,217,English springer,0.9205832583369724,147.17919500003518,cpp,resnet50,d2c835574e9e4512a72746ae9122e9ef,,Static baseline: every image uses this model,0.0,resnet50,50.0,2048.0,True,False,3fcb8614fa0697512341,2,217,1
137.780835,0.0,292.21484375,99.4849176463062,217,English springer,0.2264306404549855,140.90814700011833,cpp,resnet50,90c5cbe2fde44ec2bb52648c76d437ef,,Static baseline: every image uses this model,0.0,resnet50,50.0,2048.0,True,False,4b193d510c7badf1e9d7,2,217,1
138.538949,0.0,292.21484375,99.55106105338513,491,chain saw,0.8169318608727218,141.9578330001059,cpp,resnet50,82f54544ffbb4e33addbd26f423695e3,,Static baseline: every image uses this model,0.0,resnet50,50.0,2048.0,True,False,b683b233630b42dc4774,2,491,1
297.366888,0.0,292.21484375,98.48631349784895,601,hoopskirt,0.1742497687264916,302.3057279999648,cpp,resnet50,b1938270d2834da6993345cd249ca995,,Static baseline: every image uses this model,0.0,resnet50,50.0,2048.0,True,False,c855206e6d49ba4dd808,2,701,0
340.500497,0.0,292.21484375,98.87920150010112,497,church,0.8641686499269012,346.6644540001198,cpp,resnet50,84b83f32a33a4fca9f462e5fa405c425,,Static baseline: every image uses this model,0.0,resnet50,50.0,2048.0,True,False,050c33a7d7f32fd92ac6,2,497,1
285.061572,0.0,292.21484375,97.97043147328752,0,tench,0.9978035118284396,290.6110300000364,cpp,resnet50,e51a1ad3bc0f47a296d02613d5a50567,,Static baseline: every image uses this model,0.0,resnet50,50.0,2048.0,True,False,f6ff97e8bae06024f9d5,2,0,1
328.538952,0.0,292.21484375,98.571318227329,217,English springer,0.731606110719086,335.1593820000289,cpp,resnet50,eaa24cb486fb46e298b36b00b2f3cbc2,,Static baseline: every image uses this model,0.0,resnet50,50.0,2048.0,True,False,6f7809e7f2cc44bd0073,2,217,1
227.382718,0.0,292.21484375,99.12399370261905,701,parachute,0.99857769099581,233.62217900012183,cpp,resnet50,5ab3bee66a2946e980fb854ace140522,,Static baseline: every image uses this model,0.0,resnet50,50.0,2048.0,True,False,b0bfa88a566c909ba480,2,701,1
204.793081,0.0,292.21484375,99.2453447354698,482,cassette player,0.7137120294493372,208.53707299988852,cpp,resnet50,017c3fbbd6404327b0bda126e08d433b,,Static baseline: every image uses this model,0.0,resnet50,50.0,2048.0,True,False,b96089f5a0ee8958f842,2,482,1
145.40031,0.0,292.21875,99.62568155059296,701,parachute,0.9925201491072728,149.44360899994535,cpp,resnet50,13d3c9fe2b7e4a81a01d700992ba4216,,Static baseline: every image uses this model,0.0,resnet50,50.0,2048.0,True,False,1ce9829c757e18582436,2,701,1
158.128411,0.0,292.21875,99.53436615608582,569,garbage truck,0.7398057375405778,161.35489499993128,cpp,resnet50,34b4b29f75e34d019764583444ee928d,,Static baseline: every image uses this model,0.0,resnet50,50.0,2048.0,True,False,2eeed640e4c9f230923b,2,569,1
168.474596,0.0,292.21875,99.29288315829308,0,tench,0.9997217881131794,172.67867600003228,cpp,resnet50,bb10ce5697b9472d871aaa972dae93fd,,Static baseline: every image uses this model,0.0,resnet50,50.0,2048.0,True,False,a2ebfa36b363d02c435f,2,0,1
192.127935,0.0,292.21875,99.26571962636832,217,English springer,0.8939310383472365,196.47971700010203,cpp,resnet50,1b3bfd08571e42a2aaac219440a2637a,,Static baseline: every image uses this model,0.0,resnet50,50.0,2048.0,True,False,073d0199c1f24a40dc5b,2,217,1
296.123305,0.0,292.21875,98.82269628783298,675,moving van,0.9718820566694456,304.7551760000715,cpp,resnet50,9b3b5339c36a42f3a0d61dad2bc81881,,Static baseline: every image uses this model,0.0,resnet50,50.0,2048.0,True,False,c10444f8b888582761a4,2,569,0
170.345693,0.0,292.21875,99.27446125541456,675,moving van,0.4587099070815758,179.6050190000642,cpp,resnet50,b2227e6c68f54e8885cfbfebdaeee6ff,,Static baseline: every image uses this model,0.0,resnet50,50.0,2048.0,True,False,cd042851c41a91dcb39d,2,569,0
147.67068,0.0,292.21875,99.50005105304987,574,golf ball,0.8715230221466692,151.6460840000491,cpp,resnet50,107a9d9fb1804889a50ee75051e8679f,,Static baseline: every image uses this model,0.0,resnet50,50.0,2048.0,True,False,e95f8f97b7e36d6619df,2,574,1
138.006463,0.0,292.21875,99.55383973987512,574,golf ball,0.9999940948782204,141.4451390000977,cpp,resnet50,771d8376c24642bfa08fdd12284fd53a,,Static baseline: every image uses this model,0.0,resnet50,50.0,2048.0,True,False,be5eaa3600e1cc67f394,2,574,1
134.412386,0.0,292.22265625,99.65834438771068,566,French horn,0.999781571245137,137.6628929999697,cpp,resnet50,4c959254577c4ca99cd489608a2034c3,,Static baseline: every image uses this model,0.0,resnet50,50.0,2048.0,True,False,95a6d8332e65a953f807,2,566,1
144.139633,0.0,292.22265625,99.49033209674174,482,cassette player,0.1874165329112176,147.2095840001657,cpp,resnet50,d43b85cddc4e401582f417629d4db652,,Static baseline: every image uses this model,0.0,resnet50,50.0,2048.0,True,False,9663eccdcbe0b346d2fb,2,482,1
137.684981,0.0,292.22265625,99.53676949172151,569,garbage truck,0.9993910638370368,141.4056260000507,cpp,resnet50,2bda654beb674c0b924f278daba41fd9,,Static baseline: every image uses this model,0.0,resnet50,50.0,2048.0,True,False,5986b7616a1228b54cf8,2,569,1
140.286584,0.0,292.22265625,99.60073089298724,217,English springer,0.4036900396341877,143.4218150000106,cpp,resnet50,55688f49a2f4496ea0aedb4339972659,,Static baseline: every image uses this model,0.0,resnet50,50.0,2048.0,True,False,c502624fc7bb3bb7c430,2,217,1
162.377227,0.0,292.22265625,99.33399541691143,217,English springer,0.8654785383148105,165.5994609998288,cpp,resnet50,0a6c55afdfdc4b249a03f01f472debfe,,Static baseline: every image uses this model,0.0,resnet50,50.0,2048.0,True,False,2f0b56bb43b367cf0737,2,217,1
150.107255,0.0,292.22265625,99.52703317525447,481,cassette,0.7954863669344094,154.16324400007397,cpp,resnet50,770d0d3d37cb4e96adb5ce27d09bd4cc,,Static baseline: every image uses this model,0.0,resnet50,50.0,2048.0,True,False,b46523267235e8ce5297,2,482,0
142.160098,0.0,292.22265625,99.61049057404364,569,garbage truck,0.9989247898886994,146.7171170002075,cpp,resnet50,3e1d454e512a40b8b09b5bbdbdce4132,,Static baseline: every image uses this model,0.0,resnet50,50.0,2048.0,True,False,ce8529c8eee748f146d3,2,569,1
157.382965,0.0,292.23046875,99.56546475174936,442,bell cote,0.4239633999695592,160.29056400020636,cpp,resnet50,74ef07533a2b4876a0d05fd71dae1d58,,Static baseline: every image uses this model,0.0,resnet50,50.0,2048.0,True,False,44d0e6aade6060dd3a4c,2,497,0
150.622935,0.0,292.23046875,99.57879586247216,574,golf ball,0.9999357543746686,153.61981099999866,cpp,resnet50,2049342ee1e04adb8192aa611a047400,,Static baseline: every image uses this model,0.0,resnet50,50.0,2048.0,True,False,dfafa0b6ed6c5146f025,2,574,1
136.17966,0.0,292.23046875,99.6343427035043,482,cassette player,0.5619070442850296,139.2730309999024,cpp,resnet50,66f307096b924da8868938f34f3585c6,,Static baseline: every image uses this model,0.0,resnet50,50.0,2048.0,True,False,ba3f10e49fa71222a167,2,482,1
162.333714,0.0,292.234375,99.53565482462189,701,parachute,0.9994130670997868,165.82513200000903,cpp,resnet50,5fa6bc3b9c6945c3b60f82a2e8a67324,,Static baseline: every image uses this model,0.0,resnet50,50.0,2048.0,True,False,30fb16826a0b77fbdaf0,2,701,1
141.131756,0.0,292.234375,99.65132407694298,566,French horn,0.8942093070444904,144.38077499994506,cpp,resnet50,b0b9b329a37d47feae4a42b8f71b8d1d,,Static baseline: every image uses this model,0.0,resnet50,50.0,2048.0,True,False,5930368dd828c298772d,2,566,1
168.565175,0.0,292.234375,99.37179793699504,844,switch,0.8941750194793908,172.809683999958,cpp,resnet50,133aee03703d46c0a244d4f0116d3c75,,Static baseline: every image uses this model,0.0,resnet50,50.0,2048.0,True,False,91bd6a57b11a9ffdc7f7,2,482,0
160.929018,0.0,292.234375,99.52552580709995,574,golf ball,0.9955434632087792,164.07741700004408,cpp,resnet50,b2da45ffb2ce436b825dfb22d7228f5e,,Static baseline: every image uses this model,0.0,resnet50,50.0,2048.0,True,False,e1faca667619e6e13dea,2,574,1
143.025279,0.0,292.23828125,99.64129712328614,482,cassette player,0.4389134976724498,146.39330599993627,cpp,resnet50,2d4d25eb6bbe4f368ac4b005a311f82a,,Static baseline: every image uses this model,0.0,resnet50,50.0,2048.0,True,False,9b619751b75c8a6ad1a0,2,482,1
179.57792,0.0,292.23828125,99.38462373111992,571,gas pump,0.8611103255251676,183.43736300016644,cpp,resnet50,f044f30eec324ad78d8baeafecc2ad41,,Static baseline: every image uses this model,0.0,resnet50,50.0,2048.0,True,False,971fa9f2047ef0b7580b,2,571,1
242.213268,0.0,292.23828125,99.0084222832076,701,parachute,0.8847840669602001,250.8741330000248,cpp,resnet50,5c738a222f2d437cbf83bda0a738da64,,Static baseline: every image uses this model,0.0,resnet50,50.0,2048.0,True,False,8e0f259737a8cf29adcd,2,701,1
167.556237,0.0,292.23828125,99.48272165200368,491,chain saw,0.9983680225777152,171.93973100006588,cpp,resnet50,5141b257724b4937afc91f8fd436596f,,Static baseline: every image uses this model,0.0,resnet50,50.0,2048.0,True,False,0b8b19a751055a1ec8a0,2,491,1
134.679965,0.0,292.23828125,99.61704547921624,0,tench,0.9993487688821868,138.01090499987367,cpp,resnet50,a9138d58957b4d87a05d3f9b3b6c14ba,,Static baseline: every image uses this model,0.0,resnet50,50.0,2048.0,True,False,7bf919583e8a809b8724,2,0,1
136.418541,0.0,292.23828125,99.67074717390231,0,tench,0.9930264140509838,139.6771610000087,cpp,resnet50,8eefe8bda5b348a094f8460733d44794,,Static baseline: every image uses this model,0.0,resnet50,50.0,2048.0,True,False,7c84bae86fda676d4554,2,0,1
141.85825,0.0,292.23828125,99.54011554004234,482,cassette player,0.5281679563239009,144.78267000004053,cpp,resnet50,97975abf8b2c4c25aaa2aa4b0f7ae38a,,Static baseline: every image uses this model,0.0,resnet50,50.0,2048.0,True,False,fa8dca38dfc9570aba66,2,482,1
143.65414,0.0,292.2421875,99.60471107336048,675,moving van,0.691898583228944,146.73165899989726,cpp,resnet50,1a3fb38bc5dc4d8e88bec94306397376,,Static baseline: every image uses this model,0.0,resnet50,50.0,2048.0,True,False,759cbbc8629f7d2e495f,2,569,0
136.5658,0.0,292.24609375,99.63791876374763,497,church,0.8775101247615053,139.7006939998846,cpp,resnet50,5f22687450a24bfdb431dbed295c64a1,,Static baseline: every image uses this model,0.0,resnet50,50.0,2048.0,True,False,2620f63214c6d4d53a2e,2,497,1
156.846225,0.0,292.25,99.50558208609708,574,golf ball,0.9447162539376748,160.2122369999961,cpp,resnet50,6661b21fc12c47e398c72d1229759193,,Static baseline: every image uses this model,0.0,resnet50,50.0,2048.0,True,False,71e9baf5ea98ffedf5a8,2,574,1
144.956996,0.0,292.25,99.56649913877072,566,French horn,0.667894250054406,148.76394900011292,cpp,resnet50,f649f766a7fa495cb12c500fdfb99522,,Static baseline: every image uses this model,0.0,resnet50,50.0,2048.0,True,False,a829012efaba7982ccf9,2,566,1
161.335754,0.0,292.25,99.53301945136975,0,tench,0.9998372098432988,164.5113490001222,cpp,resnet50,c9dd83b253b74e219ea8bc3054ae2e58,,Static baseline: every image uses this model,0.0,resnet50,50.0,2048.0,True,False,f164d1a7b2bfad695ace,2,0,1
158.196347,0.0,292.25,99.48918418060238,491,chain saw,0.99074535070575,161.19019200004914,cpp,resnet50,046671469fa34ecca0453ec9b172f324,,Static baseline: every image uses this model,0.0,resnet50,50.0,2048.0,True,False,97909eccc6227b59cdbd,2,491,1
142.163689,0.0,292.25390625,99.54503494121111,491,chain saw,0.9997338574885788,147.16141100007007,cpp,resnet50,b2ce17479d004989b2e5458ffe87065a,,Static baseline: every image uses this model,0.0,resnet50,50.0,2048.0,True,False,822ecb098d1efd5cc425,2,491,1
155.779427,0.0,292.25390625,99.4735559143386,569,garbage truck,0.9991976797868184,159.62644899991574,cpp,resnet50,dd74b9722e324be583fdb020e819e5c4,,Static baseline: every image uses this model,0.0,resnet50,50.0,2048.0,True,False,344dee6d7742b737b6b8,2,569,1
135.065432,0.0,292.22265625,99.56136965903912,701,parachute,0.8723095089570371,138.92654999995102,cpp,resnet50,39687618812b42348c64dce823c2f081,,Static baseline: every image uses this model,0.0,resnet50,50.0,2048.0,True,False,a090cb4a0dea5c618439,2,701,1
181.326697,0.0,292.25390625,99.23418173691904,450,bobsled,0.3816640363310885,185.18061899999336,cpp,resnet50,c95717dd5ff24a5884cbaa4e45000db0,,Static baseline: every image uses this model,0.0,resnet50,50.0,2048.0,True,False,0038ddc45cbe29596ba9,2,491,0
155.20782,0.0,292.25390625,99.53384984961414,856,thresher,0.8039245176467615,159.44991099991057,cpp,resnet50,5ccd1c0a193e4363b50464b64939ecfe,,Static baseline: every image uses this model,0.0,resnet50,50.0,2048.0,True,False,92770e44f32b0fb3805b,2,569,0
134.108464,0.0,292.25390625,99.59537414865996,566,French horn,0.998165304170552,137.3898869999266,cpp,resnet50,0d0665f178e946c5bd8fe7bcab7507fb,,Static baseline: every image uses this model,0.0,resnet50,50.0,2048.0,True,False,e164986e7efd9a941c8e,2,566,1
134.407332,0.0,292.25390625,99.63344073633368,571,gas pump,0.9172360673162876,137.7212499999132,cpp,resnet50,ed0c0ff19bce4aeba8d884f2eba839d2,,Static baseline: every image uses this model,0.0,resnet50,50.0,2048.0,True,False,66ea92408bb1d45e8a80,2,571,1
136.207846,0.0,292.25390625,99.51209064652753,522,croquet ball,0.5150755452480918,140.31561300021167,cpp,resnet50,81a70771764c41eb9b4fc221ebb06e05,,Static baseline: every image uses this model,0.0,resnet50,50.0,2048.0,True,False,5f27fa39b4d1da680538,2,574,0
154.000594,0.0,292.25390625,99.31527912462728,0,tench,0.9797022987455192,157.6017380000394,cpp,resnet50,6e0ee83c989f47e0b154c13fbf2fcc70,,Static baseline: every image uses this model,0.0,resnet50,50.0,2048.0,True,False,39bb040fb53a1d176cae,2,0,1
135.621246,0.0,292.25390625,99.63404073877284,634,lumbermill,0.6802572130622218,139.393931000086,cpp,resnet50,9674401099b74769ba1133e42c07fb5a,,Static baseline: every image uses this model,0.0,resnet50,50.0,2048.0,True,False,5722417798e696c036a9,2,491,0
193.709338,0.0,292.25390625,99.32793119584736,574,golf ball,0.986681315582401,197.65744100004667,cpp,resnet50,aa28b86259ff4398ad864ce9cd53f6a5,,Static baseline: every image uses this model,0.0,resnet50,50.0,2048.0,True,False,470a9f15033b9d2fc3d8,2,574,1
159.439803,0.0,292.25390625,99.50203249836778,830,stretcher,0.4981842645545609,163.17651200006367,cpp,resnet50,b5c065bcd827442595d27ff494e13a27,,Static baseline: every image uses this model,0.0,resnet50,50.0,2048.0,True,False,8a58d7d2fbec5278ad37,2,491,0
137.876432,0.0,292.25390625,99.62821539025268,884,vault,0.5673175573235839,141.30224500013355,cpp,resnet50,9ab4307b3d0b42a1ab4520ead5c7fd21,,Static baseline: every image uses this model,0.0,resnet50,50.0,2048.0,True,False,d4dcc887e7e10d2bf5fa,2,497,0
139.589133,0.0,292.25390625,99.62303669830132,574,golf ball,0.997312342771681,142.74519500008864,cpp,resnet50,37444d1a9bc84e7d84a04e697e4bf517,,Static baseline: every image uses this model,0.0,resnet50,50.0,2048.0,True,False,187e3af108481037ef18,2,574,1
163.414118,0.0,292.25390625,99.51785697304172,848,tape player,0.3148640566152518,167.30803000018568,cpp,resnet50,1f661c99530e4ad995ac9457f1e1cd54,,Static baseline: every image uses this model,0.0,resnet50,50.0,2048.0,True,False,441b74bb0600359a5ae1,2,482,0
149.346986,0.0,292.25390625,99.56931040540418,442,bell cote,0.4691865180477117,152.5381640001342,cpp,resnet50,8f5de836de78453092ff79998afcf66d,,Static baseline: every image uses this model,0.0,resnet50,50.0,2048.0,True,False,119e22c1bc53d94525dc,2,497,0
156.58764,0.0,292.25390625,99.45227306149528,571,gas pump,0.9997923815234876,160.31510200014054,cpp,resnet50,725601efac8f47888ad1954e33e493c1,,Static baseline: every image uses this model,0.0,resnet50,50.0,2048.0,True,False,184cfe80bff425a554eb,2,571,1
155.662228,0.0,292.2578125,99.55395107206338,0,tench,0.9996506891961928,159.8210319998543,cpp,resnet50,11d8680d80ad4357a498670d7331afa0,,Static baseline: every image uses this model,0.0,resnet50,50.0,2048.0,True,False,f5b6098226ef6b4d3008,2,0,1
144.754788,0.0,292.2578125,99.55127345844652,569,garbage truck,0.9348729300694154,148.238167000045,cpp,resnet50,1276811db53f4b96afaf28dffe7fd1d7,,Static baseline: every image uses this model,0.0,resnet50,50.0,2048.0,True,False,1718763bdc51740a7d7a,2,569,1
136.97761,0.0,292.2578125,99.64893753431788,497,church,0.5114752395220501,140.40749099990535,cpp,resnet50,b9b81a3fdf6b4fb3a1802345bfc808e9,,Static baseline: every image uses this model,0.0,resnet50,50.0,2048.0,True,False,42416e86d762cb8caf7a,2,497,1
156.35648,0.0,292.2578125,99.55450558316105,569,garbage truck,0.9685872967014566,159.5851650001805,cpp,resnet50,7f4a058480284da59d212e42de365fee,,Static baseline: every image uses this model,0.0,resnet50,50.0,2048.0,True,False,f04e6a8cd69749d35aab,2,569,1
139.775111,0.0,292.2578125,99.60206972786634,482,cassette player,0.5937648272244642,144.10087400005978,cpp,resnet50,e1dc79024cc94e9e8e665f9e6db58ebd,,Static baseline: every image uses this model,0.0,resnet50,50.0,2048.0,True,False,ead41664127f392d4b3a,2,482,1
160.416244,0.0,292.2578125,99.53192522944688,571,gas pump,0.9994223597030224,163.43008600006215,cpp,resnet50,6ff137d5680943b29356b8c9670cd973,,Static baseline: every image uses this model,0.0,resnet50,50.0,2048.0,True,False,90e1209a31015bd22730,2,571,1
168.156603,0.0,292.2578125,99.4309154540084,218,Welsh springer spaniel,0.4897611482898357,171.56396299992593,cpp,resnet50,ff768b6dd3ba4be3a0fd89fbd54632b5,,Static baseline: every image uses this model,0.0,resnet50,50.0,2048.0,True,False,71d33942636767e8ed5a,2,217,0
137.292868,0.0,292.2578125,99.64981558994532,482,cassette player,0.2983887879444755,140.4976879998685,cpp,resnet50,739339488e554d33afee0733eb241181,,Static baseline: every image uses this model,0.0,resnet50,50.0,2048.0,True,False,aca16af98b818790e01b,2,482,1
38.582629,0.0,171.2734375,99.44447210514927,491,chain saw,0.8994452353103685,45.43156199997611,cpp,efficientnet_b0,9141fa69a5a94f28a7c1d497477d3c53,,Static baseline: every image uses this model,0.0,efficientnet_b0,50.0,2048.0,True,True,e969791171f72413723a,0,491,1
49.273974,0.0,171.27734375,99.23715483287398,0,tench,0.9001128155163778,56.41682200007381,cpp,efficientnet_b0,6527f1d89ae74101a81dbc7f08a3168b,,Static baseline: every image uses this model,0.0,efficientnet_b0,50.0,2048.0,True,False,f164d1a7b2bfad695ace,0,0,1
66.93835,0.0,171.27734375,98.9964481385508,663,monastery,0.6083012268165853,73.46316899997873,cpp,efficientnet_b0,f2ea7e3a2b144e80a0a49b504674534c,,Static baseline: every image uses this model,0.0,efficientnet_b0,50.0,2048.0,True,False,44d0e6aade6060dd3a4c,0,497,0
70.101041,0.0,171.28125,97.56151174247272,569,garbage truck,0.8217065787644043,81.2958599999547,cpp,efficientnet_b0,ce5f813968024c619598f73d6b1f3b2a,,Static baseline: every image uses this model,0.0,efficientnet_b0,50.0,2048.0,True,False,b25a98271d50629a4f1d,0,569,1
36.356185,0.0,171.28515625,99.55530369261882,566,French horn,0.6333695182713329,41.724655000052735,cpp,efficientnet_b0,81069694b86d41ab8a86819f0b3b01cf,,Static baseline: every image uses this model,0.0,efficientnet_b0,50.0,2048.0,True,True,4820256bcd3e9dc760e4,0,566,1
35.520099,0.0,171.28515625,99.38980234789014,491,chain saw,0.917896832014066,40.74712500005262,cpp,efficientnet_b0,80ab6e5ef5b0479197832acbb99246d7,,Static baseline: every image uses this model,0.0,efficientnet_b0,50.0,2048.0,True,True,b683b233630b42dc4774,0,491,1
35.917928,0.0,171.28515625,99.41482171102018,217,English springer,0.3506269408737522,40.68264400007138,cpp,efficientnet_b0,7264927c85d94fb39d9b3a44bad01f52,,Static baseline: every image uses this model,0.0,efficientnet_b0,50.0,2048.0,True,True,4b193d510c7badf1e9d7,0,217,1
57.589263,0.0,171.28515625,99.09805128160968,482,cassette player,0.6922640445988737,62.79547700000876,cpp,efficientnet_b0,0e8a9dbeb60f46158a5b81696e500d5f,,Static baseline: every image uses this model,0.0,efficientnet_b0,50.0,2048.0,True,False,ead41664127f392d4b3a,0,482,1
69.012677,0.0,171.29296875,99.02017473008108,491,chain saw,0.9988411521740908,76.66397499997402,cpp,efficientnet_b0,500f45a5e72c45eeaafa6d289df5d90e,,Static baseline: every image uses this model,0.0,efficientnet_b0,50.0,2048.0,True,False,a9ccf20cebb67562b233,0,491,1
41.914268,0.0,171.296875,99.17119424357224,491,chain saw,0.1247455730893374,49.92460500011475,cpp,efficientnet_b0,b8224155470049a9b2f0b1405be55cc0,,Static baseline: every image uses this model,0.0,efficientnet_b0,50.0,2048.0,True,True,3de5f3a0109d307875a8,0,491,1
50.592926,0.0,171.30078125,99.20346208710929,569,garbage truck,0.4860966974945649,56.36392099995646,cpp,efficientnet_b0,5c96b2620f6a425b8fee28ad6bdce5ee,,Static baseline: every image uses this model,0.0,efficientnet_b0,50.0,2048.0,True,False,cd042851c41a91dcb39d,0,569,1
41.39984,0.0,171.30078125,98.991919170704,569,garbage truck,0.8322463203073522,49.11401799995474,cpp,efficientnet_b0,38c57195a4814304be58ca33d1d0e9ec,,Static baseline: every image uses this model,0.0,efficientnet_b0,50.0,2048.0,True,True,5986b7616a1228b54cf8,0,569,1
40.2306,0.0,171.30078125,99.11246936801398,482,cassette player,0.5491976891894853,44.72071000009237,cpp,efficientnet_b0,290a3836589e427186fa4bc0cdfd976c,,Static baseline: every image uses this model,0.0,efficientnet_b0,50.0,2048.0,True,True,ba3f10e49fa71222a167,0,482,1
33.882986,0.0,171.30859375,99.31915345559176,491,chain saw,0.9578171073806132,38.37663600006636,cpp,efficientnet_b0,5832aa19e78949b490b4ba03916c36a1,,Static baseline: every image uses this model,0.0,efficientnet_b0,50.0,2048.0,True,True,0b8b19a751055a1ec8a0,0,491,1
38.76042,0.0,171.30859375,99.352511383031,701,parachute,0.858393042947832,42.93172000006962,cpp,efficientnet_b0,773ff5fa453c43b5bc91fd1c47bfb047,,Static baseline: every image uses this model,0.0,efficientnet_b0,50.0,2048.0,True,True,30fb16826a0b77fbdaf0,0,701,1
32.290585,0.0,171.3125,99.36702561243996,701,parachute,0.8397617775259114,36.852360000011686,cpp,efficientnet_b0,a7d18982fe744784b0cbe88fe4372f97,,Static baseline: every image uses this model,0.0,efficientnet_b0,50.0,2048.0,True,True,ddb3b09917f249dbe143,0,701,1
30.611388,0.0,171.3125,99.39898186459672,491,chain saw,0.9844051469516164,35.807239000178015,cpp,efficientnet_b0,f2bf3f605340483e9e65b8cd9a6009df,,Static baseline: every image uses this model,0.0,efficientnet_b0,50.0,2048.0,True,True,6d7204950e9ea9baf7eb,0,491,1
31.729048,0.0,171.3125,99.33670404440552,497,church,0.391276078834487,36.75327699988884,cpp,efficientnet_b0,3f2a5632fb5a4de5acf871e114ae0e9c,,Static baseline: every image uses this model,0.0,efficientnet_b0,50.0,2048.0,True,True,a0917b15d44486760f0e,0,497,1
32.400889,0.0,171.31640625,99.43230441270356,0,tench,0.906275739528508,36.9902469999488,cpp,efficientnet_b0,cfdd5a8f95734675829afb52b54978d5,,Static baseline: every image uses this model,0.0,efficientnet_b0,50.0,2048.0,True,True,f6ff97e8bae06024f9d5,0,0,1
31.823449,0.0,171.28515625,99.41874091625058,856,thresher,0.2311118014918668,36.67194299987386,cpp,efficientnet_b0,cb7bc9490c2a414b8c14f2090a7379fa,,Static baseline: every image uses this model,0.0,efficientnet_b0,50.0,2048.0,True,True,92770e44f32b0fb3805b,0,569,0
42.604282,0.0,171.31640625,96.12696340708924,663,monastery,0.4982104244054411,47.276677000127165,cpp,efficientnet_b0,85e30d5ccfa14bcfada59766d243e96c,,Static baseline: every image uses this model,0.0,efficientnet_b0,50.0,2048.0,True,True,2620f63214c6d4d53a2e,0,497,0
32.450262,0.0,171.31640625,95.33772381255946,569,garbage truck,0.9073481482857464,38.873051000109626,cpp,efficientnet_b0,7a7b21f48f8f4dbd82d196d8cf9f4d6c,,Static baseline: every image uses this model,0.0,efficientnet_b0,50.0,2048.0,True,True,344dee6d7742b737b6b8,0,569,1
35.945963,0.0,171.31640625,97.79944554631402,848,tape player,0.5703010512636835,40.63280500008659,cpp,efficientnet_b0,fc1775ebb741486a9fb78ffd8dce7dfa,,Static baseline: every image uses this model,0.0,efficientnet_b0,50.0,2048.0,True,True,9b619751b75c8a6ad1a0,0,482,0
45.492208,0.0,171.31640625,96.77819379863097,217,English springer,0.5796527388988266,50.259758000038346,cpp,efficientnet_b0,d9e3ff67b5ab4141829f88d4a3ff6a49,,Static baseline: every image uses this model,0.0,efficientnet_b0,50.0,2048.0,True,False,c502624fc7bb3bb7c430,0,217,1
62.031475,0.0,171.31640625,96.6011751336204,569,garbage truck,0.7197116916604258,68.61024299996643,cpp,efficientnet_b0,da020b1465ff46b3ab6a7b5489a81ad6,,Static baseline: every image uses this model,0.0,efficientnet_b0,50.0,2048.0,True,False,f04e6a8cd69749d35aab,0,569,1
67.622021,0.0,171.3203125,96.52911852641516,566,French horn,0.7124146199834032,74.29357700016226,cpp,efficientnet_b0,713cb58e60b7457d837435471ec715ee,,Static baseline: every image uses this model,0.0,efficientnet_b0,50.0,2048.0,True,False,95a6d8332e65a953f807,0,566,1
45.215622,0.0,171.32421875,97.96216858533862,701,parachute,0.7682442444705168,52.18969499992454,cpp,efficientnet_b0,10cbe33849194296856c521d51c02c3d,,Static baseline: every image uses this model,0.0,efficientnet_b0,50.0,2048.0,True,False,417536921c3e9bb251be,0,701,1
64.440306,0.0,171.32421875,98.8269201980912,663,monastery,0.3726986901846587,71.81710899999416,cpp,efficientnet_b0,a55e6c8a90214dd89ec11901875d3f2e,,Static baseline: every image uses this model,0.0,efficientnet_b0,50.0,2048.0,True,False,13e3bcc97110094b8448,0,497,0
62.326839,0.0,171.32421875,98.87919305167613,482,cassette player,0.4234030957639981,68.87617899997167,cpp,efficientnet_b0,502b507c022e45cf877314a6b9200034,,Static baseline: every image uses this model,0.0,efficientnet_b0,50.0,2048.0,True,False,fa8dca38dfc9570aba66,0,482,1
68.081886,0.0,171.32421875,97.4584091798096,663,monastery,0.1619940777596531,74.8023240000748,cpp,efficientnet_b0,46ed4ea4cc3541899e0e4e9356c1d01d,,Static baseline: every image uses this model,0.0,efficientnet_b0,50.0,2048.0,True,False,119e22c1bc53d94525dc,0,497,0
68.031026,0.0,171.32421875,98.44923367739754,481,cassette,0.4706297047542996,76.00971100009701,cpp,efficientnet_b0,65ff76ad18564ecc9c15c140980225bb,,Static baseline: every image uses this model,0.0,efficientnet_b0,50.0,2048.0,True,False,b46523267235e8ce5297,0,482,0
67.828771,0.0,171.32421875,96.91766491117151,0,tench,0.1672900765569945,75.48167000004469,cpp,efficientnet_b0,22fbaee58e604497bd27047736d7e446,,Static baseline: every image uses this model,0.0,efficientnet_b0,50.0,2048.0,True,False,f53fbb95080335df2c2d,0,0,1
72.055691,0.0,171.32421875,96.7531462588818,217,English springer,0.7629828901601037,78.58555400002842,cpp,efficientnet_b0,26303f8cf1d84971812a5d18dc36126e,,Static baseline: every image uses this model,0.0,efficientnet_b0,50.0,2048.0,True,False,560c8d4bfd14be3e6a8a,0,217,1
69.662507,0.0,171.32421875,98.57788376805078,867,trailer truck,0.1789518679310277,77.67164000006233,cpp,efficientnet_b0,66a49043046e4d069f76b8e2af234fe2,,Static baseline: every image uses this model,0.0,efficientnet_b0,50.0,2048.0,True,False,45bd4d0f4d7478b0cee3,0,569,0
56.355483,0.0,171.328125,97.72447854376207,701,parachute,0.7355118165005091,63.72491000001901,cpp,efficientnet_b0,19a7415458e54454bc616659b84fbef5,,Static baseline: every image uses this model,0.0,efficientnet_b0,50.0,2048.0,True,False,68ae5f6b4dfe6c710ddc,0,701,1
58.160557,0.0,171.33203125,97.62092424389662,217,English springer,0.7939496839736429,65.84262799992757,cpp,efficientnet_b0,f55a59a330074272bce3e8c71c98daca,,Static baseline: every image uses this model,0.0,efficientnet_b0,50.0,2048.0,True,False,6f7809e7f2cc44bd0073,0,217,1
53.394958,0.0,171.33203125,99.15900223791482,491,chain saw,0.9912850497297332,64.3447610000294,cpp,efficientnet_b0,0961ff69fb774c99bbe34c601e5b4c76,,Static baseline: every image uses this model,0.0,efficientnet_b0,50.0,2048.0,True,False,822ecb098d1efd5cc425,0,491,1
59.933597,0.0,171.33203125,99.05533737273323,566,French horn,0.6717550843116976,67.31080300005488,cpp,efficientnet_b0,b605340a4626439394820c66d93091b5,,Static baseline: every image uses this model,0.0,efficientnet_b0,50.0,2048.0,True,False,5930368dd828c298772d,0,566,1
59.833974,0.0,171.33203125,99.07107639674608,574,golf ball,0.5827309986331145,67.72774399996706,cpp,efficientnet_b0,69c80530d436451e9802d8188dcf2423,,Static baseline: every image uses this model,0.0,efficientnet_b0,50.0,2048.0,True,False,71e9baf5ea98ffedf5a8,0,574,1
53.848496,0.0,171.33203125,99.043712459035,571,gas pump,0.9763392621274848,59.91733399991972,cpp,efficientnet_b0,e4d00cee90f94ab1a58be349068d0c1e,,Static baseline: every image uses this model,0.0,efficientnet_b0,50.0,2048.0,True,False,cabe8ff46702c50e9274,0,571,1
57.52146,0.0,171.34375,99.0947615623245,232,Border collie,0.1749728753599246,64.30394199992406,cpp,efficientnet_b0,b139a0463aed4f87991e2c8c5caece41,,Static baseline: every image uses this model,0.0,efficientnet_b0,50.0,2048.0,True,False,edec038dc21e45a32a00,0,217,0
58.703657,0.0,171.34375,99.10910048200074,844,switch,0.485937903260398,66.81976899994879,cpp,efficientnet_b0,7e13de25d1014e8f817e234c715ab719,,Static baseline: every image uses this model,0.0,efficientnet_b0,50.0,2048.0,True,False,91bd6a57b11a9ffdc7f7,0,482,0
57.477137,0.0,171.34375,99.10161487041418,491,chain saw,0.981217366843782,64.42493099984858,cpp,efficientnet_b0,882df13288d844cb8eaa7836323c4a0b,,Static baseline: every image uses this model,0.0,efficientnet_b0,50.0,2048.0,True,False,97909eccc6227b59cdbd,0,491,1
64.423263,0.0,171.34375,98.14464777554744,566,French horn,0.90110999011866,71.21305500004382,cpp,efficientnet_b0,0477e98b7db845eeabbcd980e1552fdb,,Static baseline: every image uses this model,0.0,efficientnet_b0,50.0,2048.0,True,False,1fe86a7b0db415dc071c,0,566,1
58.984379,0.0,171.34375,97.88944001953656,217,English springer,0.5669017489253196,66.45771800003786,cpp,efficientnet_b0,75061a0d86754ff480e546903937da9b,,Static baseline: every image uses this model,0.0,efficientnet_b0,50.0,2048.0,True,False,073d0199c1f24a40dc5b,0,217,1
59.933507,0.0,171.34375,96.40475064630704,571,gas pump,0.8916450180908306,66.74199100007172,cpp,efficientnet_b0,26ca804fff1543458bbc427b1a625d65,,Static baseline: every image uses this model,0.0,efficientnet_b0,50.0,2048.0,True,False,90e1209a31015bd22730,0,571,1
52.428476,0.0,171.34765625,97.1825203879221,0,tench,0.9315797782355346,60.21076399997583,cpp,efficientnet_b0,522bf81cb15b4bfea7fc3d4d80fc26a4,,Static baseline: every image uses this model,0.0,efficientnet_b0,50.0,2048.0,True,False,7c84bae86fda676d4554,0,0,1
57.475655,0.0,171.3515625,97.03866885291283,0,tench,0.9430619659826834,62.912417000006826,cpp,efficientnet_b0,123e4dc24fea48a5b330323b4c4be017,,Static baseline: every image uses this model,0.0,efficientnet_b0,50.0,2048.0,True,False,a2ebfa36b363d02c435f,0,0,1
64.449878,0.0,171.3515625,98.6447926141011,574,golf ball,0.8398258842680262,73.25793900008648,cpp,efficientnet_b0,4239b4c2814f457fb863c948cd0dddda,,Static baseline: every image uses this model,0.0,efficientnet_b0,50.0,2048.0,True,False,e1faca667619e6e13dea,0,574,1
72.615441,0.0,171.36328125,97.23234365818156,701,parachute,0.8500902776861187,82.1540219999406,cpp,efficientnet_b0,b5cd78ca40f54bdca19bfa1b45411467,,Static baseline: every image uses this model,0.0,efficientnet_b0,50.0,2048.0,True,False,1ce9829c757e18582436,0,701,1
68.226389,0.0,171.36328125,98.2347227422608,701,parachute,0.9517863410161936,76.7981910000799,cpp,efficientnet_b0,85c617c216ce49da925a7e0b38a8fab6,,Static baseline: every image uses this model,0.0,efficientnet_b0,50.0,2048.0,True,False,383867303b559ef23d2d,0,701,1
70.067479,0.0,171.3671875,98.71736767906782,569,garbage truck,0.9634245986618786,78.33008600005087,cpp,efficientnet_b0,371cdc4f75b8429a968a60e76ba741ec,,Static baseline: every image uses this model,0.0,efficientnet_b0,50.0,2048.0,True,False,1718763bdc51740a7d7a,0,569,1
71.093191,0.0,171.3671875,98.9884213329932,569,garbage truck,0.6317151828702227,78.02892899985636,cpp,efficientnet_b0,4d3281055e1241dab56bf2c6681e603c,,Static baseline: every image uses this model,0.0,efficientnet_b0,50.0,2048.0,True,False,2eeed640e4c9f230923b,0,569,1
87.673122,0.0,171.37109375,98.47984294977802,574,golf ball,0.6776727303800048,96.59337500011134,cpp,efficientnet_b0,64e812588a89436fb6489ee628f673a5,,Static baseline: every image uses this model,0.0,efficientnet_b0,50.0,2048.0,True,False,e95f8f97b7e36d6619df,0,574,1
79.442336,0.0,171.37109375,97.466462610804,574,golf ball,0.9964756411667182,88.48825400013993,cpp,efficientnet_b0,e668bdafcf49477a8747f4b397feb203,,Static baseline: every image uses this model,0.0,efficientnet_b0,50.0,2048.0,True,False,470a9f15033b9d2fc3d8,0,574,1
86.496096,0.0,171.375,97.64937750440734,0,tench,0.9387985839504148,96.01656599988928,cpp,efficientnet_b0,0b2944cbef434d19a5721af019776102,,Static baseline: every image uses this model,0.0,efficientnet_b0,50.0,2048.0,True,False,7bf919583e8a809b8724,0,0,1
80.484049,0.0,171.375,96.64078315742624,218,Welsh springer spaniel,0.5426130064714991,93.6745719998271,cpp,efficientnet_b0,b0f1b2a6310c4d9195cea0dd366fad8a,,Static baseline: every image uses this model,0.0,efficientnet_b0,50.0,2048.0,True,False,71d33942636767e8ed5a,0,217,0
73.587458,0.0,171.37890625,98.02736734791188,574,golf ball,0.9126453913048326,81.04387799994583,cpp,efficientnet_b0,7c41508b4cdb49f08f2d0fb0eedad769,,Static baseline: every image uses this model,0.0,efficientnet_b0,50.0,2048.0,True,False,dfafa0b6ed6c5146f025,0,574,1
72.754945,0.0,171.37890625,97.4139405165748,491,chain saw,0.6909075334726479,80.3454449999208,cpp,efficientnet_b0,a1896f7509cc475e9fe8c21850ac2384,,Static baseline: every image uses this model,0.0,efficientnet_b0,50.0,2048.0,True,False,8a58d7d2fbec5278ad37,0,491,1
76.24156,0.0,171.37890625,96.52175460462531,569,garbage truck,0.861512856530787,85.58427200000551,cpp,efficientnet_b0,4f5edf934d434532879c8b7da6a20ee6,,Static baseline: every image uses this model,0.0,efficientnet_b0,50.0,2048.0,True,False,ce8529c8eee748f146d3,0,569,1
72.655747,0.0,171.37890625,97.61994722634732,571,gas pump,0.8887432687558453,80.47426600001018,cpp,efficientnet_b0,13cadd332a96462294378d050d1274c4,,Static baseline: every image uses this model,0.0,efficientnet_b0,50.0,2048.0,True,False,9fda59f5fd0df9879327,0,571,1
71.608043,0.0,171.3828125,98.1309706073108,406,altar,0.3593995135728637,80.28873200009912,cpp,efficientnet_b0,48fc4253a3b64b28b7bdaea80fc09f03,,Static baseline: every image uses this model,0.0,efficientnet_b0,50.0,2048.0,True,False,298fb3d15c1c56aa6a1b,0,497,0
74.953428,0.0,171.38671875,97.74380210774402,217,English springer,0.773950792863223,82.82730899986745,cpp,efficientnet_b0,6e504284d1624fcb90b6ffd7283e6259,,Static baseline: every image uses this model,0.0,efficientnet_b0,50.0,2048.0,True,False,2f0b56bb43b367cf0737,0,217,1
56.274446,0.0,171.390625,98.2533333554325,497,church,0.5263884639224305,63.98822599999221,cpp,efficientnet_b0,861785194a88488caf05739bc149e3e9,,Static baseline: every image uses this model,0.0,efficientnet_b0,50.0,2048.0,True,False,050c33a7d7f32fd92ac6,0,497,1
62.875441,0.0,171.390625,97.76291658177436,482,cassette player,0.1105930690907843,69.41194000000905,cpp,efficientnet_b0,dc7cac625b504594b15b169bf015c1a6,,Static baseline: every image uses this model,0.0,efficientnet_b0,50.0,2048.0,True,False,aca16af98b818790e01b,0,482,1
54.141109,0.0,171.39453125,97.9178752451245,566,French horn,0.4612762795041328,61.82540199984032,cpp,efficientnet_b0,8d3233a8e073439b93336d8c13d214e2,,Static baseline: every image uses this model,0.0,efficientnet_b0,50.0,2048.0,True,False,a829012efaba7982ccf9,0,566,1
61.720525,0.0,171.3984375,98.65800459019908,566,French horn,0.9783530126784424,68.80105499999445,cpp,efficientnet_b0,290d9f6ea8b44207926744b6a66e2c30,,Static baseline: every image uses this model,0.0,efficientnet_b0,50.0,2048.0,True,False,e164986e7efd9a941c8e,0,566,1
58.097972,0.0,171.40234375,98.0453218233352,848,tape player,0.2822932474528776,64.90930399991157,cpp,efficientnet_b0,69dfb35a974b4df0a2608c2c73636ad7,,Static baseline: every image uses this model,0.0,efficientnet_b0,50.0,2048.0,True,False,441b74bb0600359a5ae1,0,482,0
59.526447,0.0,171.40625,97.88369218254788,662,modem,0.2920436254457071,66.16353200001868,cpp,efficientnet_b0,a95581d1354b446281464a28599a490d,,Static baseline: every image uses this model,0.0,efficientnet_b0,50.0,2048.0,True,False,9663eccdcbe0b346d2fb,0,482,0
70.060159,0.0,171.41015625,96.8923991790658,571,gas pump,0.5939003303789452,78.69839600016348,cpp,efficientnet_b0,325fdc8d3f8f431ab4315e54c112f0ce,,Static baseline: every image uses this model,0.0,efficientnet_b0,50.0,2048.0,True,False,17d5a963eb476a043cf3,0,571,1
62.127425,0.0,171.41015625,98.86706126722612,701,parachute,0.9104951311785918,69.70103300000119,cpp,efficientnet_b0,4473efbfd8f647bf9ea7ed2734b9a422,,Static baseline: every image uses this model,0.0,efficientnet_b0,50.0,2048.0,True,False,a090cb4a0dea5c618439,0,701,1
70.315009,0.0,171.41015625,96.84906526559894,701,parachute,0.7349818073211934,77.98590600009447,cpp,efficientnet_b0,98db05c70c714a0894119fdf18e25170,,Static baseline: every image uses this model,0.0,efficientnet_b0,50.0,2048.0,True,False,8e0f259737a8cf29adcd,0,701,1
75.199924,0.0,171.4140625,96.89586760190772,574,golf ball,0.8180587690364547,82.92175299993687,cpp,efficientnet_b0,1c2fd3295fc549ce8d31a1e3572c0c60,,Static baseline: every image uses this model,0.0,efficientnet_b0,50.0,2048.0,True,False,be5eaa3600e1cc67f394,0,574,1
72.497502,0.0,171.4140625,98.93450730656632,854,theater curtain,0.1758891116692324,81.36358000001565,cpp,efficientnet_b0,e0760758d49d4cd08faccb846ea2b9ca,,Static baseline: every image uses this model,0.0,efficientnet_b0,50.0,2048.0,True,False,c855206e6d49ba4dd808,0,701,0
77.197165,0.0,171.4140625,97.6718746347843,884,vault,0.3657516089780934,85.65810200002488,cpp,efficientnet_b0,8d5d986662c54395a0ed7694eef91ecf,,Static baseline: every image uses this model,0.0,efficientnet_b0,50.0,2048.0,True,False,d4dcc887e7e10d2bf5fa,0,497,0
61.009092,0.0,171.41796875,96.80241704378942,497,church,0.3520056553111303,70.36827599995377,cpp,efficientnet_b0,28bb2e3af72844b4b908d0a548079e57,,Static baseline: every image uses this model,0.0,efficientnet_b0,50.0,2048.0,True,False,42416e86d762cb8caf7a,0,497,1
63.050538,0.0,171.41796875,97.91637621232364,574,golf ball,0.9275296557421668,70.31370100003187,cpp,efficientnet_b0,ce91da4f2daf4bc282bb9b067a090450,,Static baseline: every image uses this model,0.0,efficientnet_b0,50.0,2048.0,True,False,4b548c57634f96cce13f,0,574,1
53.706164,0.0,171.41796875,99.09566727854649,212,English setter,0.195292265491725,61.000115000069854,cpp,efficientnet_b0,323bee3a55b34031a14035214d752773,,Static baseline: every image uses this model,0.0,efficientnet_b0,50.0,2048.0,True,False,2a328ad9ed0463dd8e40,0,217,0
50.422699,0.0,171.41796875,99.08425633701086,389,barracouta,0.4154086674844612,56.54104099994584,cpp,efficientnet_b0,a14d1aefb08144aeb64a9c931b2b195c,,Static baseline: every image uses this model,0.0,efficientnet_b0,50.0,2048.0,True,False,672289c345c6b157c122,0,0,0
51.134546,0.0,171.41796875,99.10394200262436,491,chain saw,0.7879577220095718,57.65173700001469,cpp,efficientnet_b0,111490673c874b51b98a11bbe7a77b9f,,Static baseline: every image uses this model,0.0,efficientnet_b0,50.0,2048.0,True,False,0038ddc45cbe29596ba9,0,491,1
50.471137,0.0,171.38671875,99.03161153937624,569,garbage truck,0.4797635971650731,57.6685930000167,cpp,efficientnet_b0,e83f6658d2df4ef98af8c24bfc9749b5,,Static baseline: every image uses this model,0.0,efficientnet_b0,50.0,2048.0,True,False,c10444f8b888582761a4,0,569,1
52.134875,0.0,171.41796875,99.02511903779973,701,parachute,0.9387902671501084,59.443359999932,cpp,efficientnet_b0,a80678c64bae46758437529efb0e10b8,,Static baseline: every image uses this model,0.0,efficientnet_b0,50.0,2048.0,True,False,b0bfa88a566c909ba480,0,701,1
52.162004,0.0,171.41796875,98.85501882489856,574,golf ball,0.9127047609712924,58.45109200004117,cpp,efficientnet_b0,39b23e734a2f4f9cadbef98fca639596,,Static baseline: every image uses this model,0.0,efficientnet_b0,50.0,2048.0,True,False,b9dd47e849749a3e01ef,0,574,1
52.554261,0.0,171.41796875,99.1241857264322,701,parachute,0.8802039689518798,64.78919300002417,cpp,efficientnet_b0,752f4a37a2fd4f52bf72910eae89b709,,Static baseline: every image uses this model,0.0,efficientnet_b0,50.0,2048.0,True,False,31d5325988db9f1c752b,0,701,1
53.288933,0.0,171.41796875,98.74629156052512,0,tench,0.8876576835080553,60.15266200006408,cpp,efficientnet_b0,2cca17a16e564eadb8d29989bf5ff00d,,Static baseline: every image uses this model,0.0,efficientnet_b0,50.0,2048.0,True,False,f5b6098226ef6b4d3008,0,0,1
53.857414,0.0,171.41796875,99.06493448186956,571,gas pump,0.195241159287974,61.395377000053486,cpp,efficientnet_b0,f6e37694e9dc4564b76bec9c6487f0a2,,Static baseline: every image uses this model,0.0,efficientnet_b0,50.0,2048.0,True,False,66ea92408bb1d45e8a80,0,571,1
57.801044,0.0,171.41796875,98.92025376820057,663,monastery,0.5289327291415353,64.32956000003287,cpp,efficientnet_b0,e6e072684f604096827e5b2ef7985ba2,,Static baseline: every image uses this model,0.0,efficientnet_b0,50.0,2048.0,True,False,ec65f302bff6f50bb8a2,0,497,0
65.260966,0.0,171.41796875,98.7481916399403,571,gas pump,0.4267589699664483,71.91875600005915,cpp,efficientnet_b0,73792fa6782146edb3d17561a0ec4979,,Static baseline: every image uses this model,0.0,efficientnet_b0,50.0,2048.0,True,False,0d1cfd3c9113ab92d8a9,0,571,1
59.455207,0.0,171.41796875,98.75902351739568,571,gas pump,0.9281224949249636,65.49012100003893,cpp,efficientnet_b0,c254b648284d4d37bc99784d866b686a,,Static baseline: every image uses this model,0.0,efficientnet_b0,50.0,2048.0,True,False,971fa9f2047ef0b7580b,0,571,1
51.889174,0.0,171.41796875,98.90539987574836,574,golf ball,0.3765120012157337,58.29626600007032,cpp,efficientnet_b0,35cdaa06cdfb4035991e345c77550a90,,Static baseline: every image uses this model,0.0,efficientnet_b0,50.0,2048.0,True,False,a5cb5dce8fea0d78d48b,0,574,1
58.535691,0.0,171.41796875,98.99275698917027,571,gas pump,0.942856909524976,65.55726800002049,cpp,efficientnet_b0,9284d9489f7143d097f26c3c94bda5ac,,Static baseline: every image uses this model,0.0,efficientnet_b0,50.0,2048.0,True,False,184cfe80bff425a554eb,0,571,1
56.505144,0.0,171.421875,98.95746305510454,590,hand-held computer,0.2747929348145351,62.84151400018345,cpp,efficientnet_b0,dafc783ec3ec4148b43d219b9fa265fd,,Static baseline: every image uses this model,0.0,efficientnet_b0,50.0,2048.0,True,False,b96089f5a0ee8958f842,0,482,0
58.469628,0.0,171.421875,98.827041803884,574,golf ball,0.7200559578962346,68.2799270000487,cpp,efficientnet_b0,94d4e87a021f4fb8828589e24481d548,,Static baseline: every image uses this model,0.0,efficientnet_b0,50.0,2048.0,True,False,5f27fa39b4d1da680538,0,574,1
54.523913,0.0,171.421875,98.99277385035812,217,English springer,0.746417678188506,61.24741700000413,cpp,efficientnet_b0,ae3395f12164482bba0c443bf3f746fd,,Static baseline: every image uses this model,0.0,efficientnet_b0,50.0,2048.0,True,False,3fcb8614fa0697512341,0,217,1
55.940203,0.0,171.421875,98.95463847648617,0,tench,0.8186886922566283,62.7437480000026,cpp,efficientnet_b0,a15ed15c0c90401ba27f0a5da3125dc2,,Static baseline: every image uses this model,0.0,efficientnet_b0,50.0,2048.0,True,False,39bb040fb53a1d176cae,0,0,1
55.660855,0.0,171.421875,99.04719737786496,856,thresher,0.5454289032074301,61.73419200013086,cpp,efficientnet_b0,11ed8736f2114e059da65fd2463cab01,,Static baseline: every image uses this model,0.0,efficientnet_b0,50.0,2048.0,True,False,5722417798e696c036a9,0,491,0
55.400502,0.0,171.421875,98.1542927992634,701,parachute,0.9351583978013064,62.01238199992076,cpp,efficientnet_b0,7ee8adf77a454c959fe2b51ad7775da4,,Static baseline: every image uses this model,0.0,efficientnet_b0,50.0,2048.0,True,False,b3b7d952751637282f6b,0,701,1
52.461749,0.0,171.421875,99.12905662204052,569,garbage truck,0.7788971453226762,58.66925600003015,cpp,efficientnet_b0,9b750dd763a54225b36e064e6f830273,,Static baseline: every image uses this model,0.0,efficientnet_b0,50.0,2048.0,True,False,759cbbc8629f7d2e495f,0,569,1
55.783632,0.0,171.421875,97.22347828453576,569,garbage truck,0.6851346236707707,64.0958070000579,cpp,efficientnet_b0,8399e7797e634eb5ac99447dc9f9ea53,,Static baseline: every image uses this model,0.0,efficientnet_b0,50.0,2048.0,True,False,0be2554779cb63aa7570,0,569,1
47.10129,0.0,171.421875,99.07476576591644,574,golf ball,0.953781774772576,53.240356000060274,cpp,efficientnet_b0,f2afc8614ccf4bef86aa97140877861d,,Static baseline: every image uses this model,0.0,efficientnet_b0,50.0,2048.0,True,False,187e3af108481037ef18,0,574,1
57.341041,0.0,171.42578125,98.4985517178118,854,theater curtain,0.1758891116692324,63.61571100001129,cpp,efficientnet_b0,4d29c42939de422a9930b0ba15e532f6,,Static baseline: every image uses this model,0.0,efficientnet_b0,50.0,2048.0,True,False,c855206e6d49ba4dd808,1,701,0
61.894048,0.0,171.42578125,99.04591772942663,663,monastery,0.3726986901846587,69.39548299988019,cpp,efficientnet_b0,14e7a4807e8649b6a2f95a144eb0d878,,Static baseline: every image uses this model,0.0,efficientnet_b0,50.0,2048.0,True,False,13e3bcc97110094b8448,1,497,0
60.1292,0.0,171.42578125,98.78172575731764,491,chain saw,0.917896832014066,66.5280419998453,cpp,efficientnet_b0,7829891554c84f08877c4da0c4d1e908,,Static baseline: every image uses this model,0.0,efficientnet_b0,50.0,2048.0,True,False,b683b233630b42dc4774,1,491,1
62.815007,0.0,171.42578125,99.07000540801543,867,trailer truck,0.1789518679310277,70.2054619998762,cpp,efficientnet_b0,8c763819ecfd4d3f941552940d402abb,,Static baseline: every image uses this model,0.0,efficientnet_b0,50.0,2048.0,True,False,45bd4d0f4d7478b0cee3,1,569,0
72.391089,0.0,171.42578125,97.91389591621386,481,cassette,0.4706297047542996,79.12567800008219,cpp,efficientnet_b0,935ac9aaf6a445078a14b2d6d21bc67d,,Static baseline: every image uses this model,0.0,efficientnet_b0,50.0,2048.0,True,False,b46523267235e8ce5297,1,482,0
76.990265,0.0,171.4296875,97.77718358692913,569,garbage truck,0.7197116916604258,85.18400299999485,cpp,efficientnet_b0,ab41747daa1d48368623803c5be80771,,Static baseline: every image uses this model,0.0,efficientnet_b0,50.0,2048.0,True,False,f04e6a8cd69749d35aab,1,569,1
58.092127,0.0,171.4296875,98.91302701321015,701,parachute,0.7682442444705168,65.0259950000418,cpp,efficientnet_b0,916ecae9241c41bda40ce2614a07115b,,Static baseline: every image uses this model,0.0,efficientnet_b0,50.0,2048.0,True,False,417536921c3e9bb251be,1,701,1
61.152052,0.0,171.4296875,98.8726215926952,566,French horn,0.6717550843116976,68.51585899994461,cpp,efficientnet_b0,6c99dca6be1349dc82cd9ef002859b57,,Static baseline: every image uses this model,0.0,efficientnet_b0,50.0,2048.0,True,False,5930368dd828c298772d,1,566,1
54.25951,0.0,171.4296875,99.02531623647693,844,switch,0.485937903260398,62.36155999999937,cpp,efficientnet_b0,3816bd2068464f1dbe7b2ffbc7f46e5f,,Static baseline: every image uses this model,0.0,efficientnet_b0,50.0,2048.0,True,False,91bd6a57b11a9ffdc7f7,1,482,0
56.827097,0.0,171.43359375,98.91290642690616,663,monastery,0.6083012268165853,62.78990300006626,cpp,efficientnet_b0,694f735442b7414ab96d9bf611022103,,Static baseline: every image uses this model,0.0,efficientnet_b0,50.0,2048.0,True,False,44d0e6aade6060dd3a4c,1,497,0
58.440486,0.0,171.43359375,98.79669792326972,569,garbage truck,0.6317151828702227,63.445166000065,cpp,efficientnet_b0,60fec4bcd2c74b0fbed9d01d715a2a8d,,Static baseline: every image uses this model,0.0,efficientnet_b0,50.0,2048.0,True,False,2eeed640e4c9f230923b,1,569,1
55.230657,0.0,171.43359375,99.12782466698324,701,parachute,0.9387902671501084,61.58314499998596,cpp,efficientnet_b0,fc70ec1a45aa45d0a89067cf839b50bf,,Static baseline: every image uses this model,0.0,efficientnet_b0,50.0,2048.0,True,False,b0bfa88a566c909ba480,1,701,1
54.143334,0.0,171.43359375,99.09020171785816,574,golf ball,0.8398258842680262,59.93108699999539,cpp,efficientnet_b0,b0e55e190ec84ca3a6c5062f46b28724,,Static baseline: every image uses this model,0.0,efficientnet_b0,50.0,2048.0,True,False,e1faca667619e6e13dea,1,574,1
59.000678,0.0,171.43359375,96.66217343717749,482,cassette player,0.5491976891894853,65.11500700003126,cpp,efficientnet_b0,cdbba937f8e94b36b8a95cc2d7ffe78a,,Static baseline: every image uses this model,0.0,efficientnet_b0,50.0,2048.0,True,False,ba3f10e49fa71222a167,1,482,1
73.773569,0.0,171.43359375,95.61280835796336,571,gas pump,0.195241159287974,81.46749200000158,cpp,efficientnet_b0,2ad3f1a7ea484cca9542e85114cb9b5a,,Static baseline: every image uses this model,0.0,efficientnet_b0,50.0,2048.0,True,False,66ea92408bb1d45e8a80,1,571,1
64.687624,0.0,171.43359375,97.92311758695976,856,thresher,0.2311118014918668,74.10279900000205,cpp,efficientnet_b0,0467fe57140d41d1bb1ef7b08f373028,,Static baseline: every image uses this model,0.0,efficientnet_b0,50.0,2048.0,True,False,92770e44f32b0fb3805b,1,569,0
72.887829,0.0,171.4375,93.389309371821,662,modem,0.2920436254457071,79.96504900006585,cpp,efficientnet_b0,f28977db8ec449bf999a29dbbe5efbc1,,Static baseline: every image uses this model,0.0,efficientnet_b0,50.0,2048.0,True,False,9663eccdcbe0b346d2fb,1,482,0
68.550954,0.0,171.44140625,93.32573541030337,569,garbage truck,0.9073481482857464,77.3290290001114,cpp,efficientnet_b0,089a570c28e84197ba580f4a7128e45c,,Static baseline: every image uses this model,0.0,efficientnet_b0,50.0,2048.0,True,False,344dee6d7742b737b6b8,1,569,1
66.046192,0.0,171.44140625,96.90840626235546,574,golf ball,0.7200559578962346,76.28883999996106,cpp,efficientnet_b0,4df05875adc74bf89f37867a17cf93b4,,Static baseline: every image uses this model,0.0,efficientnet_b0,50.0,2048.0,True,False,5f27fa39b4d1da680538,1,574,1
74.139049,0.0,171.44140625,96.61204560752452,217,English springer,0.3506269408737522,81.7176880000261,cpp,efficientnet_b0,3d7fe843edd343c6a90220b68a04d5cb,,Static baseline: every image uses this model,0.0,efficientnet_b0,50.0,2048.0,True,False,4b193d510c7badf1e9d7,1,217,1
108.647869,0.0,171.4453125,97.34511123041943,0,tench,0.9315797782355346,120.07599100002152,cpp,efficientnet_b0,9a8041ca494d4bce83012f09043f0d98,,Static baseline: every image uses this model,0.0,efficientnet_b0,50.0,2048.0,True,False,7c84bae86fda676d4554,1,0,1
68.530931,0.0,171.4453125,98.82455436279724,571,gas pump,0.942856909524976,76.07250999990356,cpp,efficientnet_b0,fe10a837954541f9bf1c1b8d72cd24ee,,Static baseline: every image uses this model,0.0,efficientnet_b0,50.0,2048.0,True,False,184cfe80bff425a554eb,1,571,1
65.107308,0.0,171.4453125,98.92817399926469,574,golf ball,0.9964756411667182,72.6059080000141,cpp,efficientnet_b0,1e29bad50be7467ea30cd9eb2eaef666,,Static baseline: every image uses this model,0.0,efficientnet_b0,50.0,2048.0,True,False,470a9f15033b9d2fc3d8,1,574,1
67.525937,0.0,171.4453125,98.82312708595488,571,gas pump,0.8887432687558453,74.30912800009537,cpp,efficientnet_b0,f31cab3ab42e45f08777fa0fe99a10d9,,Static baseline: every image uses this model,0.0,efficientnet_b0,50.0,2048.0,True,False,9fda59f5fd0df9879327,1,571,1
56.579664,0.0,171.44921875,97.69592115687276,571,gas pump,0.5939003303789452,63.49478899983296,cpp,efficientnet_b0,13eba3644dd649329ad011456476403e,,Static baseline: every image uses this model,0.0,efficientnet_b0,50.0,2048.0,True,False,17d5a963eb476a043cf3,1,571,1
56.604599,0.0,171.44921875,97.94931010685072,569,garbage truck,0.8217065787644043,63.48097799991592,cpp,efficientnet_b0,da3b92bf75644170950282b0dbb8462a,,Static baseline: every image uses this model,0.0,efficientnet_b0,50.0,2048.0,True,False,b25a98271d50629a4f1d,1,569,1
60.390074,0.0,171.44921875,98.39892141889771,569,garbage truck,0.8322463203073522,67.63403199988716,cpp,efficientnet_b0,ccb03fdab21145e5a55c8fa65e823fb0,,Static baseline: every image uses this model,0.0,efficientnet_b0,50.0,2048.0,True,False,5986b7616a1228b54cf8,1,569,1
56.354492,0.0,171.44921875,96.94227592226456,701,parachute,0.9351583978013064,62.89638799989916,cpp,efficientnet_b0,4a09d7f5537545b9a7ff7bc4ca76d576,,Static baseline: every image uses this model,0.0,efficientnet_b0,50.0,2048.0,True,False,b3b7d952751637282f6b,1,701,1
64.496863,0.0,171.44921875,97.42054477296506,566,French horn,0.7124146199834032,70.8361199999672,cpp,efficientnet_b0,7b004da716094f1a84668f56510f0333,,Static baseline: every image uses this model,0.0,efficientnet_b0,50.0,2048.0,True,False,95a6d8332e65a953f807,1,566,1
60.279173,0.0,171.44921875,98.9336304482815,406,altar,0.3593995135728637,67.65956499998538,cpp,efficientnet_b0,a580d6e0ff834dd8944384673c0843af,,Static baseline: every image uses this model,0.0,efficientnet_b0,50.0,2048.0,True,False,298fb3d15c1c56aa6a1b,1,497,0
59.167655,0.0,171.45703125,99.03718996604351,574,golf ball,0.9126453913048326,65.45424099999764,cpp,efficientnet_b0,a8880c7964c7472fb4342a5fd14cc004,,Static baseline: every image uses this model,0.0,efficientnet_b0,50.0,2048.0,True,False,dfafa0b6ed6c5146f025,1,574,1
71.136197,0.0,171.45703125,97.52427130210894,491,chain saw,0.9912850497297332,83.19598999992195,cpp,efficientnet_b0,b95567686115404d982420dd4f2b8fa9,,Static baseline: every image uses this model,0.0,efficientnet_b0,50.0,2048.0,True,False,822ecb098d1efd5cc425,1,491,1
75.598717,0.0,171.45703125,97.77676532120692,491,chain saw,0.1247455730893374,84.53367600009187,cpp,efficientnet_b0,24a9e38dd1564a888611186c6b53612f,,Static baseline: every image uses this model,0.0,efficientnet_b0,50.0,2048.0,True,False,3de5f3a0109d307875a8,1,491,1
72.7387,0.0,171.45703125,97.70260505805292,491,chain saw,0.9844051469516164,80.80304199984312,cpp,efficientnet_b0,73a89848646646b08452ad7a6c0217f4,,Static baseline: every image uses this model,0.0,efficientnet_b0,50.0,2048.0,True,False,6d7204950e9ea9baf7eb,1,491,1
70.098817,0.0,171.4609375,98.32214390375654,566,French horn,0.4612762795041328,78.53677100001732,cpp,efficientnet_b0,b79c2da1414f4d6cafeb6c367f3e766d,,Static baseline: every image uses this model,0.0,efficientnet_b0,50.0,2048.0,True,False,a829012efaba7982ccf9,1,566,1
53.816689,0.0,171.4609375,98.73435171361056,491,chain saw,0.9988411521740908,59.51242599985562,cpp,efficientnet_b0,a4b301b33e104aac9c14a4e446894301,,Static baseline: every image uses this model,0.0,efficientnet_b0,50.0,2048.0,True,False,a9ccf20cebb67562b233,1,491,1
45.026983,0.0,171.46484375,99.32468947785527,848,tape player,0.2822932474528776,50.94486000007237,cpp,efficientnet_b0,ba76c77f3a4845749f5bddbe1d86c6b4,,Static baseline: every image uses this model,0.0,efficientnet_b0,50.0,2048.0,True,False,441b74bb0600359a5ae1,1,482,0
51.647644,0.0,171.46484375,98.71535479239394,491,chain saw,0.6909075334726479,57.85854299983839,cpp,efficientnet_b0,1eb0deca57dd42abb5a7b741820aa99a,,Static baseline: every image uses this model,0.0,efficientnet_b0,50.0,2048.0,True,False,8a58d7d2fbec5278ad37,1,491,1
62.478334,0.0,171.46484375,98.40867368673229,569,garbage truck,0.6851346236707707,70.89036299998952,cpp,efficientnet_b0,1ec0c87ee652422fab1b2c88e89fe41e,,Static baseline: every image uses this model,0.0,efficientnet_b0,50.0,2048.0,True,False,0be2554779cb63aa7570,1,569,1
60.214447,0.0,171.46484375,99.06307115783368,569,garbage truck,0.861512856530787,68.00932700002704,cpp,efficientnet_b0,8e0e83b60d7b43d99f2e216e258867fa,,Static baseline: every image uses this model,0.0,efficientnet_b0,50.0,2048.0,True,False,ce8529c8eee748f146d3,1,569,1
58.182231,0.0,171.46484375,99.03397231297902,574,golf ball,0.3765120012157337,64.45239699996819,cpp,efficientnet_b0,2bf28deaeb26443e93f5560706833976,,Static baseline: every image uses this model,0.0,efficientnet_b0,50.0,2048.0,True,False,a5cb5dce8fea0d78d48b,1,574,1
75.374237,0.0,171.47265625,95.88807133694134,566,French horn,0.6333695182713329,83.17172499982917,cpp,efficientnet_b0,bbfba114c6c04578ac5c0043dbe50f63,,Static baseline: every image uses this model,0.0,efficientnet_b0,50.0,2048.0,True,False,4820256bcd3e9dc760e4,1,566,1
71.782106,0.0,171.4765625,97.15239356618083,701,parachute,0.8500902776861187,79.582696999978,cpp,efficientnet_b0,0f96c892dcef4508bc1dc883a83c7a6c,,Static baseline: every image uses this model,0.0,efficientnet_b0,50.0,2048.0,True,False,1ce9829c757e18582436,1,701,1
77.073092,0.0,171.48046875,96.9946779987833,217,English springer,0.7939496839736429,85.65311799998199,cpp,efficientnet_b0,024c313430f149949317c73f163581b3,,Static baseline: every image uses this model,0.0,efficientnet_b0,50.0,2048.0,True,False,6f7809e7f2cc44bd0073,1,217,1
66.049925,0.0,171.44921875,98.9703345048846,884,vault,0.3657516089780934,73.87933299992255,cpp,efficientnet_b0,d9a7053972e74049b79c645d744dc01c,,Static baseline: every image uses this model,0.0,efficientnet_b0,50.0,2048.0,True,False,d4dcc887e7e10d2bf5fa,1,497,0
71.798816,0.0,171.48046875,98.16050259002743,574,golf ball,0.8180587690364547,79.03859999987617,cpp,efficientnet_b0,b1ab9d59be3949a0bb1853e8cad00656,,Static baseline: every image uses this model,0.0,efficientnet_b0,50.0,2048.0,True,False,be5eaa3600e1cc67f394,1,574,1
65.898679,0.0,171.48046875,98.65570830406875,701,parachute,0.9517863410161936,74.5461719998275,cpp,efficientnet_b0,c76e676da05a4322998a1ac8367d8796,,Static baseline: every image uses this model,0.0,efficientnet_b0,50.0,2048.0,True,False,383867303b559ef23d2d,1,701,1
65.531833,0.0,171.48046875,98.9499547657327,574,golf ball,0.953781774772576,72.30688499998905,cpp,efficientnet_b0,336f5885d09144e5aecdcc0a50a7fe47,,Static baseline: every image uses this model,0.0,efficientnet_b0,50.0,2048.0,True,False,187e3af108481037ef18,1,574,1
71.105921,0.0,171.48046875,99.02273506563388,491,chain saw,0.7879577220095718,79.38573999990695,cpp,efficientnet_b0,8239630f079048638fa9093f801be87e,,Static baseline: every image uses this model,0.0,efficientnet_b0,50.0,2048.0,True,False,0038ddc45cbe29596ba9,1,491,1
70.751356,0.0,171.48046875,99.02762707667831,0,tench,0.9430619659826834,78.51442399987718,cpp,efficientnet_b0,c87b947255c94045939e5361a768e997,,Static baseline: every image uses this model,0.0,efficientnet_b0,50.0,2048.0,True,False,a2ebfa36b363d02c435f,1,0,1
71.582181,0.0,171.48046875,99.0410232282608,701,parachute,0.7349818073211934,79.96825599980184,cpp,efficientnet_b0,1c56075a0dd3447d89a0c79239371421,,Static baseline: every image uses this model,0.0,efficientnet_b0,50.0,2048.0,True,False,8e0f259737a8cf29adcd,1,701,1
70.496665,0.0,171.48046875,98.99929170410982,389,barracouta,0.4154086674844612,78.22719199998573,cpp,efficientnet_b0,75bcb14085164500b69de1b2dd1afa0e,,Static baseline: every image uses this model,0.0,efficientnet_b0,50.0,2048.0,True,False,672289c345c6b157c122,1,0,0
75.612722,0.0,171.48046875,98.88981695061074,491,chain saw,0.981217366843782,82.80580399991777,cpp,efficientnet_b0,330f556a83134d34a1cac00ab9f7665c,,Static baseline: every image uses this model,0.0,efficientnet_b0,50.0,2048.0,True,False,97909eccc6227b59cdbd,1,491,1
71.038991,0.0,171.48046875,99.11338679788668,482,cassette player,0.6922640445988737,78.98528900000201,cpp,efficientnet_b0,7ebbd4c8ae59478390d92a05ef853159,,Static baseline: every image uses this model,0.0,efficientnet_b0,50.0,2048.0,True,False,ead41664127f392d4b3a,1,482,1
74.619507,0.0,171.48046875,98.91874895751532,574,golf ball,0.6776727303800048,83.10946899996452,cpp,efficientnet_b0,5752ded8d9bd40b18403d0d33ef70e3a,,Static baseline: every image uses this model,0.0,efficientnet_b0,50.0,2048.0,True,False,e95f8f97b7e36d6619df,1,574,1
67.219342,0.0,171.48046875,97.00494080670968,574,golf ball,0.9275296557421668,74.64894200006711,cpp,efficientnet_b0,ff50841a84944bc0a298c90b4bbd06d9,,Static baseline: every image uses this model,0.0,efficientnet_b0,50.0,2048.0,True,False,4b548c57634f96cce13f,1,574,1
72.059142,0.0,171.484375,97.04231623941546,571,gas pump,0.9281224949249636,79.68992600012825,cpp,efficientnet_b0,644eb906183342dc867254eb84698e33,,Static baseline: every image uses this model,0.0,efficientnet_b0,50.0,2048.0,True,False,971fa9f2047ef0b7580b,1,571,1
73.380321,0.0,171.484375,98.59864465345892,663,monastery,0.4982104244054411,80.96069299995179,cpp,efficientnet_b0,63a7145f1f084bd79d83a2599d60cc76,,Static baseline: every image uses this model,0.0,efficientnet_b0,50.0,2048.0,True,False,2620f63214c6d4d53a2e,1,497,0
69.734715,0.0,171.484375,98.6120771811102,569,garbage truck,0.4860966974945649,77.81815999987884,cpp,efficientnet_b0,8be534fff7284913ba7a4488620ba8b7,,Static baseline: every image uses this model,0.0,efficientnet_b0,50.0,2048.0,True,False,cd042851c41a91dcb39d,1,569,1
76.290812,0.0,171.484375,98.72591785439718,217,English springer,0.7629828901601037,84.5458830001462,cpp,efficientnet_b0,04cb670805d049dfbb5f047c5cdbadcb,,Static baseline: every image uses this model,0.0,efficientnet_b0,50.0,2048.0,True,False,560c8d4bfd14be3e6a8a,1,217,1
71.960333,0.0,171.484375,99.04014343499506,218,Welsh springer spaniel,0.5426130064714991,80.65986399992653,cpp,efficientnet_b0,9421a595b1034fa789b4bde802d73473,,Static baseline: every image uses this model,0.0,efficientnet_b0,50.0,2048.0,True,False,71d33942636767e8ed5a,1,217,0
75.894325,0.0,171.484375,98.18785757439429,0,tench,0.906275739528508,83.50960599977952,cpp,efficientnet_b0,4b85f02a24e34ecc969a1703089ab7c0,,Static baseline: every image uses this model,0.0,efficientnet_b0,50.0,2048.0,True,False,f6ff97e8bae06024f9d5,1,0,1
66.217203,0.0,171.484375,98.79567462837625,574,golf ball,0.5827309986331145,72.06881299998713,cpp,efficientnet_b0,7318674b2183468ebd5c6aef9cfd0308,,Static baseline: every image uses this model,0.0,efficientnet_b0,50.0,2048.0,True,False,71e9baf5ea98ffedf5a8,1,574,1
62.730598,0.0,171.484375,98.82823642585451,701,parachute,0.858393042947832,70.2541040000142,cpp,efficientnet_b0,fb22d2b412b445f8b12f40a6ce3c6f18,,Static baseline: every image uses this model,0.0,efficientnet_b0,50.0,2048.0,True,False,30fb16826a0b77fbdaf0,1,701,1
64.14324,0.0,171.484375,97.85004504943926,217,English springer,0.5669017489253196,71.86434300001565,cpp,efficientnet_b0,b16ddb8268ba4aa6b16f744102c4050f,,Static baseline: every image uses this model,0.0,efficientnet_b0,50.0,2048.0,True,False,073d0199c1f24a40dc5b,1,217,1
62.056798,0.0,171.484375,98.47519681117546,574,golf ball,0.9127047609712924,69.63370800008306,cpp,efficientnet_b0,0773f797e7744c09bce2fa963f719d56,,Static baseline: every image uses this model,0.0,efficientnet_b0,50.0,2048.0,True,False,b9dd47e849749a3e01ef,1,574,1
71.267729,0.0,171.484375,98.93092475655804,497,church,0.5263884639224305,78.97676099992168,cpp,efficientnet_b0,ff10056a69a14a7d9b28dcd2d2534d95,,Static baseline: every image uses this model,0.0,efficientnet_b0,50.0,2048.0,True,False,050c33a7d7f32fd92ac6,1,497,1
75.520192,0.0,171.484375,98.60702233956016,856,thresher,0.5454289032074301,84.40357900008166,cpp,efficientnet_b0,2c0097f9c22e4e05b079309ca6b2e2cd,,Static baseline: every image uses this model,0.0,efficientnet_b0,50.0,2048.0,True,False,5722417798e696c036a9,1,491,0
71.160788,0.0,171.484375,99.02001075884024,491,chain saw,0.9578171073806132,79.34076900005493,cpp,efficientnet_b0,6cbb4ac7b72d4748b4ec6297c0870680,,Static baseline: every image uses this model,0.0,efficientnet_b0,50.0,2048.0,True,False,0b8b19a751055a1ec8a0,1,491,1
79.757537,0.0,171.484375,94.82290883817076,848,tape player,0.5703010512636835,88.1544839999151,cpp,efficientnet_b0,bd9c3912c7184090924b57e19869ca71,,Static baseline: every image uses this model,0.0,efficientnet_b0,50.0,2048.0,True,False,9b619751b75c8a6ad1a0,1,482,0
76.923271,0.0,171.484375,98.08297999256202,701,parachute,0.8802039689518798,92.69918899985896,cpp,efficientnet_b0,8b467d71f0554a918d49f0f51f7cb7b6,,Static baseline: every image uses this model,0.0,efficientnet_b0,50.0,2048.0,True,False,31d5325988db9f1c752b,1,701,1
71.201687,0.0,171.48828125,98.03397967016936,590,hand-held computer,0.2747929348145351,79.17934400006743,cpp,efficientnet_b0,e5d37f0f4d2849d1b94b9cae3065876b,,Static baseline: every image uses this model,0.0,efficientnet_b0,50.0,2048.0,True,False,b96089f5a0ee8958f842,1,482,0
66.338668,0.0,171.48828125,98.12324291542294,217,English springer,0.746417678188506,74.06408699989697,cpp,efficientnet_b0,98694120677e4a8fa4189d8f63fa73ef,,Static baseline: every image uses this model,0.0,efficientnet_b0,50.0,2048.0,True,False,3fcb8614fa0697512341,1,217,1
57.520106,0.0,171.48828125,98.95584038623768,0,tench,0.9001128155163778,64.33566199984853,cpp,efficientnet_b0,ac363fe3ad7b46d087b7afe50e4fc8d0,,Static baseline: every image uses this model,0.0,efficientnet_b0,50.0,2048.0,True,False,f164d1a7b2bfad695ace,1,0,1
55.963428,0.0,171.48828125,98.9745767308827,0,tench,0.1672900765569945,62.37034199989466,cpp,efficientnet_b0,10856971dec647ecaab585dd0710c6ab,,Static baseline: every image uses this model,0.0,efficientnet_b0,50.0,2048.0,True,False,f53fbb95080335df2c2d,1,0,1
37.643271,0.0,171.4921875,99.21982564892208,701,parachute,0.7355118165005091,42.6682830000118,cpp,efficientnet_b0,82f93e30eeea45b59701749c3ee58bdf,,Static baseline: every image uses this model,0.0,efficientnet_b0,50.0,2048.0,True,True,68ae5f6b4dfe6c710ddc,1,701,1
39.682143,0.0,171.4921875,99.3765851311151,212,English setter,0.195292265491725,44.35200600005373,cpp,efficientnet_b0,0aae0b6e54484a6d914cbd8c680d983a,,Static baseline: every image uses this model,0.0,efficientnet_b0,50.0,2048.0,True,True,2a328ad9ed0463dd8e40,1,217,0
46.693764,0.0,171.4921875,94.55197153889556,566,French horn,0.9783530126784424,52.61852099988573,cpp,efficientnet_b0,0aed92c4ee1e4e94b5e30662553cf1b5,,Static baseline: every image uses this model,0.0,efficientnet_b0,50.0,2048.0,True,False,e164986e7efd9a941c8e,1,566,1
52.755254,0.0,171.4921875,93.49942881091653,232,Border collie,0.1749728753599246,58.502536000105465,cpp,efficientnet_b0,307889398d2343a9a3980993fc8efb46,,Static baseline: every image uses this model,0.0,efficientnet_b0,50.0,2048.0,True,False,edec038dc21e45a32a00,1,217,0
57.617181,0.0,171.4921875,93.43730174530394,217,English springer,0.5796527388988266,63.95814400002564,cpp,efficientnet_b0,d510db31d320471c9f17072b127fc7d9,,Static baseline: every image uses this model,0.0,efficientnet_b0,50.0,2048.0,True,False,c502624fc7bb3bb7c430,1,217,1
61.448401,0.0,171.4921875,93.4424984786154,571,gas pump,0.9763392621274848,68.35417399997823,cpp,efficientnet_b0,9031993042994d24a2072a1fb9cfb1f9,,Static baseline: every image uses this model,0.0,efficientnet_b0,50.0,2048.0,True,False,cabe8ff46702c50e9274,1,571,1
58.543128,0.0,171.4921875,99.15927880053314,569,garbage truck,0.7788971453226762,65.23399200000313,cpp,efficientnet_b0,00cd8792f873446abe6656c94857205f,,Static baseline: every image uses this model,0.0,efficientnet_b0,50.0,2048.0,True,False,759cbbc8629f7d2e495f,1,569,1
63.153063,0.0,171.4921875,96.33799188579292,482,cassette player,0.1105930690907843,70.49435500016443,cpp,efficientnet_b0,83144fd5148544b4869d35a8fdfb45b3,,Static baseline: every image uses this model,0.0,efficientnet_b0,50.0,2048.0,True,False,aca16af98b818790e01b,1,482,1
59.057926,0.0,171.49609375,97.9573112867906,571,gas pump,0.4267589699664483,65.275192999934,cpp,efficientnet_b0,9acee8d342df457c966b89bc1db85357,,Static baseline: every image uses this model,0.0,efficientnet_b0,50.0,2048.0,True,False,0d1cfd3c9113ab92d8a9,1,571,1
41.417303,0.0,171.49609375,99.0868697720032,0,tench,0.8186886922566283,46.83822599986343,cpp,efficientnet_b0,cad673ef22a94a40b901ece2035c976b,,Static baseline: every image uses this model,0.0,efficientnet_b0,50.0,2048.0,True,True,39bb040fb53a1d176cae,1,0,1
44.144591,0.0,171.49609375,99.17096582372088,497,church,0.391276078834487,49.5488619999378,cpp,efficientnet_b0,869b73e9f9554407b04790d2a928c295,,Static baseline: every image uses this model,0.0,efficientnet_b0,50.0,2048.0,True,True,a0917b15d44486760f0e,1,497,1
54.985094,0.0,171.49609375,99.1286751446576,701,parachute,0.8397617775259114,60.29106100004356,cpp,efficientnet_b0,d2555a4a6b9545fba35551233d3ec71e,,Static baseline: every image uses this model,0.0,efficientnet_b0,50.0,2048.0,True,False,ddb3b09917f249dbe143,1,701,1
65.276224,0.0,171.5,98.20122004407096,566,French horn,0.90110999011866,73.04228599991802,cpp,efficientnet_b0,e4a5806acfa24c5287a71981a7b506c0,,Static baseline: every image uses this model,0.0,efficientnet_b0,50.0,2048.0,True,False,1fe86a7b0db415dc071c,1,566,1
70.272099,0.0,171.5,98.84559625245954,0,tench,0.8876576835080553,78.29453099998318,cpp,efficientnet_b0,9eec11adeb7d493cb6284c3197d70250,,Static baseline: every image uses this model,0.0,efficientnet_b0,50.0,2048.0,True,False,f5b6098226ef6b4d3008,1,0,1
69.189438,0.0,171.5,99.07013928366256,491,chain saw,0.8994452353103685,81.68890100000681,cpp,efficientnet_b0,ba41f84a58a546c69babaeb368666028,,Static baseline: every image uses this model,0.0,efficientnet_b0,50.0,2048.0,True,False,e969791171f72413723a,1,491,1
40.804747,0.0,171.5,98.95888169561654,217,English springer,0.773950792863223,47.54118699997889,cpp,efficientnet_b0,ba29f87d8a2e45a4a279f3bacaa5c04c,,Static baseline: every image uses this model,0.0,efficientnet_b0,50.0,2048.0,True,True,2f0b56bb43b367cf0737,1,217,1
31.108948,0.0,171.50390625,99.504488670851,497,church,0.3520056553111303,35.711796999976286,cpp,efficientnet_b0,bd5752acffac444cb648d33b7705b657,,Static baseline: every image uses this model,0.0,efficientnet_b0,50.0,2048.0,True,True,42416e86d762cb8caf7a,1,497,1
31.045775,0.0,171.50390625,99.53396364132736,0,tench,0.9387985839504148,35.246176999862655,cpp,efficientnet_b0,2fe5c43a9d7c446ab5e8c1a650043cb5,,Static baseline: every image uses this model,0.0,efficientnet_b0,50.0,2048.0,True,True,7bf919583e8a809b8724,1,0,1
29.59794,0.0,171.50390625,99.56585642376618,569,garbage truck,0.9634245986618786,33.36223500014057,cpp,efficientnet_b0,9b1af91f3a7145d5956dceac338fe125,,Static baseline: every image uses this model,0.0,efficientnet_b0,50.0,2048.0,True,True,1718763bdc51740a7d7a,1,569,1
29.456467,0.0,171.50390625,99.52623129484182,569,garbage truck,0.4797635971650731,33.445222999944235,cpp,efficientnet_b0,837bf5539578467f9bb0fd3ba85e7970,,Static baseline: every image uses this model,0.0,efficientnet_b0,50.0,2048.0,True,True,c10444f8b888582761a4,1,569,1
30.743714,0.0,171.50390625,99.52868105767318,571,gas pump,0.8916450180908306,34.22311000008449,cpp,efficientnet_b0,7525de7517e94670a4e6f9327f007131,,Static baseline: every image uses this model,0.0,efficientnet_b0,50.0,2048.0,True,True,90e1209a31015bd22730,1,571,1
31.171645,0.0,171.50390625,99.49009296469458,482,cassette player,0.4234030957639981,34.70220799999879,cpp,efficientnet_b0,79b2f98006b74b3781b756a062bb6141,,Static baseline: every image uses this model,0.0,efficientnet_b0,50.0,2048.0,True,True,fa8dca38dfc9570aba66,1,482,1
31.50906,0.0,171.50390625,99.45255440649214,663,monastery,0.5289327291415353,36.17656300002636,cpp,efficientnet_b0,abc58564fc724ae4b07c6fa8910ae855,,Static baseline: every image uses this model,0.0,efficientnet_b0,50.0,2048.0,True,True,ec65f302bff6f50bb8a2,1,497,0
39.570674,0.0,171.5078125,99.25042503544128,663,monastery,0.1619940777596531,43.3899229999497,cpp,efficientnet_b0,01464aae47714334816d104391b02779,,Static baseline: every image uses this model,0.0,efficientnet_b0,50.0,2048.0,True,True,119e22c1bc53d94525dc,1,497,0
50.602695,0.0,171.51171875,99.09136303582416,701,parachute,0.9104951311785918,57.53199800005859,cpp,efficientnet_b0,8fe338a6ebb34d4f80561173de0cceb0,,Static baseline: every image uses this model,0.0,efficientnet_b0,50.0,2048.0,True,False,a090cb4a0dea5c618439,1,701,1
34.807385,0.0,171.51953125,96.22309120698124,574,golf ball,0.9275296557421668,40.01963199993952,cpp,efficientnet_b0,da3ddfcb7ac048cbaa20b2ebd6f5419b,,Static baseline: every image uses this model,0.0,efficientnet_b0,50.0,2048.0,True,True,4b548c57634f96cce13f,2,574,1
33.50355,0.0,171.5234375,97.50561210416066,571,gas pump,0.8887432687558453,37.74609399988549,cpp,efficientnet_b0,f0d04fb202c14dff8319bc532e0d5ee5,,Static baseline: every image uses this model,0.0,efficientnet_b0,50.0,2048.0,True,True,9fda59f5fd0df9879327,2,571,1
45.004151,0.0,171.5234375,97.18425577775469,497,church,0.391276078834487,49.712612000121226,cpp,efficientnet_b0,3cb3ba843fa44eee8032a31ea41f95ab,,Static baseline: every image uses this model,0.0,efficientnet_b0,50.0,2048.0,True,True,a0917b15d44486760f0e,2,497,1
47.9993,0.0,171.5234375,98.19083845912895,232,Border collie,0.1749728753599246,55.51814899990859,cpp,efficientnet_b0,26f69c12ec3046f9899e0883fda3b292,,Static baseline: every image uses this model,0.0,efficientnet_b0,50.0,2048.0,True,False,edec038dc21e45a32a00,2,217,0
36.70941,0.0,171.5234375,99.1943728946116,574,golf ball,0.9127047609712924,42.06226399992374,cpp,efficientnet_b0,7e2efd95f13c43bbaaf36fcaf3153350,,Static baseline: every image uses this model,0.0,efficientnet_b0,50.0,2048.0,True,True,b9dd47e849749a3e01ef,2,574,1
32.194659,0.0,171.5234375,99.46150697439334,663,monastery,0.3726986901846587,36.71319599993694,cpp,efficientnet_b0,113d2d31995240e8a91e25614bfa906a,,Static baseline: every image uses this model,0.0,efficientnet_b0,50.0,2048.0,True,True,13e3bcc97110094b8448,2,497,0
32.777737,0.0,171.5234375,99.47336355164832,701,parachute,0.7682442444705168,37.05364500001451,cpp,efficientnet_b0,d81e7ac5073b4cd885048bd414335055,,Static baseline: every image uses this model,0.0,efficientnet_b0,50.0,2048.0,True,True,417536921c3e9bb251be,2,701,1
31.369641,0.0,171.52734375,99.36105217204208,212,English setter,0.195292265491725,35.820764999925814,cpp,efficientnet_b0,b7d699f6803a4306803d69e4a6418126,,Static baseline: every image uses this model,0.0,efficientnet_b0,50.0,2048.0,True,True,2a328ad9ed0463dd8e40,2,217,0
44.367156,0.0,171.49609375,98.70276857405202,571,gas pump,0.4267589699664483,48.369780999792056,cpp,efficientnet_b0,928733b417864593a3d31a701cea6c45,,Static baseline: every image uses this model,0.0,efficientnet_b0,50.0,2048.0,True,True,0d1cfd3c9113ab92d8a9,2,571,1
32.801282,0.0,171.52734375,99.31834922671594,217,English springer,0.7629828901601037,37.115193000090585,cpp,efficientnet_b0,d0164ab014964a9aa377b3d30e2cf743,,Static baseline: every image uses this model,0.0,efficientnet_b0,50.0,2048.0,True,True,560c8d4bfd14be3e6a8a,2,217,1
32.700161,0.0,171.52734375,99.42002269089345,566,French horn,0.90110999011866,36.62195000015345,cpp,efficientnet_b0,99a5062eccf449e09e268691cb7631de,,Static baseline: every image uses this model,0.0,efficientnet_b0,50.0,2048.0,True,True,1fe86a7b0db415dc071c,2,566,1
32.808924,0.0,171.52734375,99.49606194032378,571,gas pump,0.5939003303789452,37.1363100000508,cpp,efficientnet_b0,bab02d79f4f740f79530b68a128b9009,,Static baseline: every image uses this model,0.0,efficientnet_b0,50.0,2048.0,True,True,17d5a963eb476a043cf3,2,571,1
30.174475,0.0,171.52734375,99.51792385945032,701,parachute,0.8802039689518798,38.46529299994472,cpp,efficientnet_b0,1344ee9adfa241babbaf35275a197bf8,,Static baseline: every image uses this model,0.0,efficientnet_b0,50.0,2048.0,True,True,31d5325988db9f1c752b,2,701,1
30.815768,0.0,171.52734375,99.54681349160184,867,trailer truck,0.1789518679310277,34.7144049999315,cpp,efficientnet_b0,494d0ff3b833438f9baec26741fa2ba1,,Static baseline: every image uses this model,0.0,efficientnet_b0,50.0,2048.0,True,True,45bd4d0f4d7478b0cee3,2,569,0
30.412257,0.0,171.52734375,99.52944932200715,566,French horn,0.6333695182713329,34.225643999889144,cpp,efficientnet_b0,cb77fda0df694331a93045d15e1f8676,,Static baseline: every image uses this model,0.0,efficientnet_b0,50.0,2048.0,True,True,4820256bcd3e9dc760e4,2,566,1
30.612497,0.0,171.52734375,99.5703223705111,701,parachute,0.9517863410161936,34.850545999915994,cpp,efficientnet_b0,75d47d372bcf4ac2af82a803d1aba06d,,Static baseline: every image uses this model,0.0,efficientnet_b0,50.0,2048.0,True,True,383867303b559ef23d2d,2,701,1
30.350588,0.0,171.52734375,99.55583718894842,569,garbage truck,0.6851346236707707,34.92165400007252,cpp,efficientnet_b0,3f3e26049b4a4132b755a60d28de708e,,Static baseline: every image uses this model,0.0,efficientnet_b0,50.0,2048.0,True,True,0be2554779cb63aa7570,2,569,1
29.155124,0.0,171.52734375,99.6098180382858,491,chain saw,0.9844051469516164,33.051246000013634,cpp,efficientnet_b0,de7b90e771474e33bd9679346dc1edcd,,Static baseline: every image uses this model,0.0,efficientnet_b0,50.0,2048.0,True,True,6d7204950e9ea9baf7eb,2,491,1
28.54508,0.0,171.52734375,99.61710460884277,389,barracouta,0.4154086674844612,32.071683999902234,cpp,efficientnet_b0,6a419bcf1f56455dbfcc39f84746c1f3,,Static baseline: every image uses this model,0.0,efficientnet_b0,50.0,2048.0,True,True,672289c345c6b157c122,2,0,0
29.416404,0.0,171.52734375,99.61527235985592,571,gas pump,0.9763392621274848,33.090681999965454,cpp,efficientnet_b0,988cad67521d4ec18dd8cbd7539fed33,,Static baseline: every image uses this model,0.0,efficientnet_b0,50.0,2048.0,True,True,cabe8ff46702c50e9274,2,571,1
30.579273,0.0,171.52734375,99.56275536208145,491,chain saw,0.1247455730893374,35.2265039998656,cpp,efficientnet_b0,e3138915ecb84a73a9fada6c64a648f2,,Static baseline: every image uses this model,0.0,efficientnet_b0,50.0,2048.0,True,True,3de5f3a0109d307875a8,2,491,1
30.134222,0.0,171.52734375,99.55112462146214,701,parachute,0.9351583978013064,34.84953900010623,cpp,efficientnet_b0,3adbc01391494e5e9e66eb4caee11088,,Static baseline: every image uses this model,0.0,efficientnet_b0,50.0,2048.0,True,True,b3b7d952751637282f6b,2,701,1
32.162239,0.0,171.52734375,99.5804289043777,701,parachute,0.8397617775259114,35.67095099992912,cpp,efficientnet_b0,78109ae6c32443fbb7104cc51b8b5516,,Static baseline: every image uses this model,0.0,efficientnet_b0,50.0,2048.0,True,True,ddb3b09917f249dbe143,2,701,1
29.994487,0.0,171.52734375,99.6023133518278,491,chain saw,0.8994452353103685,36.55993999996099,cpp,efficientnet_b0,571bca419d7d40bf85f2af7928b062eb,,Static baseline: every image uses this model,0.0,efficientnet_b0,50.0,2048.0,True,True,e969791171f72413723a,2,491,1
30.131659,0.0,171.53125,99.55864083488366,406,altar,0.3593995135728637,34.416188000022885,cpp,efficientnet_b0,ccac802a4c3c4b2c8ac27bfa21f40298,,Static baseline: every image uses this model,0.0,efficientnet_b0,50.0,2048.0,True,True,298fb3d15c1c56aa6a1b,2,497,0
31.752277,0.0,171.53125,99.50730658154517,701,parachute,0.7355118165005091,36.2442429998282,cpp,efficientnet_b0,13b4281cfc8c4e5fa1f056481492d0ad,,Static baseline: every image uses this model,0.0,efficientnet_b0,50.0,2048.0,True,True,68ae5f6b4dfe6c710ddc,2,701,1
41.788734,0.0,171.53125,99.35045776717118,0,tench,0.1672900765569945,46.14311199998156,cpp,efficientnet_b0,23d1b026a6904146812ebcc4616fd9f2,,Static baseline: every image uses this model,0.0,efficientnet_b0,50.0,2048.0,True,True,f53fbb95080335df2c2d,2,0,1
46.393143,0.0,171.53125,96.1774390095608,574,golf ball,0.3765120012157337,53.18298399993182,cpp,efficientnet_b0,026bfc5c0a9141edb0a78d4d22b7d902,,Static baseline: every image uses this model,0.0,efficientnet_b0,50.0,2048.0,True,False,a5cb5dce8fea0d78d48b,2,574,1
40.353571,0.0,171.53125,99.26353511630714,663,monastery,0.5289327291415353,45.21926400002485,cpp,efficientnet_b0,1b78f057bd9245009d0a93e671874c47,,Static baseline: every image uses this model,0.0,efficientnet_b0,50.0,2048.0,True,True,ec65f302bff6f50bb8a2,2,497,0
37.557888,0.0,171.53125,99.34020528713243,491,chain saw,0.9988411521740908,42.07566299987775,cpp,efficientnet_b0,19120426bf4b4f138a74e2a4194aff23,,Static baseline: every image uses this model,0.0,efficientnet_b0,50.0,2048.0,True,True,a9ccf20cebb67562b233,2,491,1
35.155272,0.0,171.53125,99.38902410641776,569,garbage truck,0.8217065787644043,39.81024500012609,cpp,efficientnet_b0,2c655fead4a444cbb8fde9c31f715786,,Static baseline: every image uses this model,0.0,efficientnet_b0,50.0,2048.0,True,True,b25a98271d50629a4f1d,2,569,1
31.981367,0.0,171.53125,99.40875728127288,217,English springer,0.746417678188506,36.202559999992445,cpp,efficientnet_b0,bb6303a8ca0c4b938a62c6c83e51e38e,,Static baseline: every image uses this model,0.0,efficientnet_b0,50.0,2048.0,True,True,3fcb8614fa0697512341,2,217,1
30.510635,0.0,171.53125,99.56290798417356,217,English springer,0.3506269408737522,34.97867600003701,cpp,efficientnet_b0,5e0f5cdc2ad042ccb1677d661db0e87f,,Static baseline: every image uses this model,0.0,efficientnet_b0,50.0,2048.0,True,True,4b193d510c7badf1e9d7,2,217,1
29.547238,0.0,171.53125,99.60620486568268,491,chain saw,0.917896832014066,33.53748899985476,cpp,efficientnet_b0,6a83c2d10fb04907980454ef00d9fa1d,,Static baseline: every image uses this model,0.0,efficientnet_b0,50.0,2048.0,True,True,b683b233630b42dc4774,2,491,1
30.468657,0.0,171.53125,99.502916130837,854,theater curtain,0.1758891116692324,34.72975299996506,cpp,efficientnet_b0,d3ae3e9aa2d14ca0953c8dd80ef479f7,,Static baseline: every image uses this model,0.0,efficientnet_b0,50.0,2048.0,True,True,c855206e6d49ba4dd808,2,701,0
31.047722,0.0,171.53125,99.51661587399074,497,church,0.5263884639224305,35.00508000001901,cpp,efficientnet_b0,8b9e9b98003f401cbe83d569733ba02e,,Static baseline: every image uses this model,0.0,efficientnet_b0,50.0,2048.0,True,True,050c33a7d7f32fd92ac6,2,497,1
31.227161,0.0,171.53125,99.54267645352346,0,tench,0.906275739528508,35.13464399998156,cpp,efficientnet_b0,e8bc672a603b433cba9b0fda25916928,,Static baseline: every image uses this model,0.0,efficientnet_b0,50.0,2048.0,True,True,f6ff97e8bae06024f9d5,2,0,1
31.831979,0.0,171.53125,99.61194724921884,217,English springer,0.7939496839736429,36.11519299988686,cpp,efficientnet_b0,651c6aecdeca4809aa5ddcbdc563565e,,Static baseline: every image uses this model,0.0,efficientnet_b0,50.0,2048.0,True,True,6f7809e7f2cc44bd0073,2,217,1
34.493593,0.0,171.53125,99.57206084236606,701,parachute,0.9387902671501084,38.7078390001534,cpp,efficientnet_b0,d1d62fe358ed4f819f93befaa916b3ed,,Static baseline: every image uses this model,0.0,efficientnet_b0,50.0,2048.0,True,True,b0bfa88a566c909ba480,2,701,1
30.996377,0.0,171.53515625,99.55418441101426,590,hand-held computer,0.2747929348145351,34.77289800002836,cpp,efficientnet_b0,86115cc537a94bae8070b1c4ea549d1e,,Static baseline: every image uses this model,0.0,efficientnet_b0,50.0,2048.0,True,True,b96089f5a0ee8958f842,2,482,0
30.301677,0.0,171.53515625,99.5675786496932,701,parachute,0.8500902776861187,34.425451000061,cpp,efficientnet_b0,1e50a59e87274582921921157b6d0fef,,Static baseline: every image uses this model,0.0,efficientnet_b0,50.0,2048.0,True,True,1ce9829c757e18582436,2,701,1
30.58149,0.0,171.53515625,99.56611251406066,569,garbage truck,0.6317151828702227,34.02932900007727,cpp,efficientnet_b0,8f22b23954784bf0beb83e4876b4b809,,Static baseline: every image uses this model,0.0,efficientnet_b0,50.0,2048.0,True,True,2eeed640e4c9f230923b,2,569,1
28.925759,0.0,171.53515625,99.52540658822949,0,tench,0.9430619659826834,32.60327599991797,cpp,efficientnet_b0,c5dfdc192de24f34990fd8063202dccf,,Static baseline: every image uses this model,0.0,efficientnet_b0,50.0,2048.0,True,True,a2ebfa36b363d02c435f,2,0,1
33.42529,0.0,171.53515625,99.48656255833804,217,English springer,0.5669017489253196,37.11766699984764,cpp,efficientnet_b0,c8f0255deda04dafbbd9ca1c4ed7a528,,Static baseline: every image uses this model,0.0,efficientnet_b0,50.0,2048.0,True,True,073d0199c1f24a40dc5b,2,217,1
29.567312,0.0,171.53515625,99.54352819166913,569,garbage truck,0.4797635971650731,33.73943299993698,cpp,efficientnet_b0,4badfb59653b461ebc0d8c4a4d75265a,,Static baseline: every image uses this model,0.0,efficientnet_b0,50.0,2048.0,True,True,c10444f8b888582761a4,2,569,1
29.485983,0.0,171.53515625,99.56477454547324,569,garbage truck,0.4860966974945649,33.53411400007644,cpp,efficientnet_b0,748c16fcc15741258c9abe53ae7f9642,,Static baseline: every image uses this model,0.0,efficientnet_b0,50.0,2048.0,True,True,cd042851c41a91dcb39d,2,569,1
30.182934,0.0,171.5390625,99.5027156663662,574,golf ball,0.6776727303800048,34.251631999950405,cpp,efficientnet_b0,4b558596064e4b509185e3a8ef52846b,,Static baseline: every image uses this model,0.0,efficientnet_b0,50.0,2048.0,True,True,e95f8f97b7e36d6619df,2,574,1
32.449107,0.0,171.5390625,99.414720243828,574,golf ball,0.8180587690364547,36.53500699988399,cpp,efficientnet_b0,77dff714dc47449eb00cbc20bc4487ab,,Static baseline: every image uses this model,0.0,efficientnet_b0,50.0,2048.0,True,True,be5eaa3600e1cc67f394,2,574,1
31.861484,0.0,171.5390625,99.5554358673457,566,French horn,0.7124146199834032,35.25453099996412,cpp,efficientnet_b0,f44cb1d04d874141a52d1b2440f5add4,,Static baseline: every image uses this model,0.0,efficientnet_b0,50.0,2048.0,True,True,95a6d8332e65a953f807,2,566,1
31.52567,0.0,171.5390625,99.5563323999397,662,modem,0.2920436254457071,35.35957999997663,cpp,efficientnet_b0,be3b755e56184fa9ad8dae5baef2ae2f,,Static baseline: every image uses this model,0.0,efficientnet_b0,50.0,2048.0,True,True,9663eccdcbe0b346d2fb,2,482,0
32.68393,0.0,171.5390625,99.47639383157612,569,garbage truck,0.8322463203073522,37.080732000049466,cpp,efficientnet_b0,3e9f6b2fd20f4031b11870be89745377,,Static baseline: every image uses this model,0.0,efficientnet_b0,50.0,2048.0,True,True,5986b7616a1228b54cf8,2,569,1
33.147541,0.0,171.5390625,99.52891153226264,217,English springer,0.5796527388988266,37.20999600000141,cpp,efficientnet_b0,6d28446034fe4fac91ca4150dbe5e9db,,Static baseline: every image uses this model,0.0,efficientnet_b0,50.0,2048.0,True,True,c502624fc7bb3bb7c430,2,217,1
31.579879,0.0,171.5390625,99.47554209742655,217,English springer,0.773950792863223,35.606099000006,cpp,efficientnet_b0,18d5de8de33e4460ad7a2fdd8c6e75b9,,Static baseline: every image uses this model,0.0,efficientnet_b0,50.0,2048.0,True,True,2f0b56bb43b367cf0737,2,217,1
30.386329,0.0,171.54296875,99.52536205119333,481,cassette,0.4706297047542996,33.78301299994746,cpp,efficientnet_b0,e46ac6c2dfa74d928dc8000013ac80ad,,Static baseline: every image uses this model,0.0,efficientnet_b0,50.0,2048.0,True,True,b46523267235e8ce5297,2,482,0
30.170282,0.0,171.546875,99.47908625278625,569,garbage truck,0.861512856530787,34.6191670000735,cpp,efficientnet_b0,dd6aaf077c884bfbb880717c594583b8,,Static baseline: every image uses this model,0.0,efficientnet_b0,50.0,2048.0,True,True,ce8529c8eee748f146d3,2,569,1
36.307672,0.0,171.546875,99.44546142215898,663,monastery,0.6083012268165853,40.36635299985392,cpp,efficientnet_b0,a5699f75e21b4f98bb2cb04c1fbc4094,,Static baseline: every image uses this model,0.0,efficientnet_b0,50.0,2048.0,True,True,44d0e6aade6060dd3a4c,2,497,0
29.900895,0.0,171.55078125,99.4531342473768,574,golf ball,0.9126453913048326,34.53626400005305,cpp,efficientnet_b0,a625c1fbf2534da49dc5aff109d309c9,,Static baseline: every image uses this model,0.0,efficientnet_b0,50.0,2048.0,True,True,dfafa0b6ed6c5146f025,2,574,1
30.279568,0.0,171.55078125,99.58034570685808,482,cassette player,0.5491976891894853,33.69773700001133,cpp,efficientnet_b0,2cca280a77a74f129270c25dff2c296f,,Static baseline: every image uses this model,0.0,efficientnet_b0,50.0,2048.0,True,True,ba3f10e49fa71222a167,2,482,1
30.765767,0.0,171.55078125,99.60814960476849,701,parachute,0.858393042947832,35.409177000019554,cpp,efficientnet_b0,cf29a469515a4f59a1b592f8e2c21f5c,,Static baseline: every image uses this model,0.0,efficientnet_b0,50.0,2048.0,True,True,30fb16826a0b77fbdaf0,2,701,1
31.712195,0.0,171.5546875,99.58212430340092,566,French horn,0.6717550843116976,35.70631200000207,cpp,efficientnet_b0,ddc3f7ab60d04e659ae3cc2ab34c70c9,,Static baseline: every image uses this model,0.0,efficientnet_b0,50.0,2048.0,True,True,5930368dd828c298772d,2,566,1
28.889716,0.0,171.5546875,99.49200395513051,844,switch,0.485937903260398,33.92546100008076,cpp,efficientnet_b0,7f219054d16b4b4d8ffaf4d0ea703c0b,,Static baseline: every image uses this model,0.0,efficientnet_b0,50.0,2048.0,True,True,91bd6a57b11a9ffdc7f7,2,482,0
29.72308,0.0,171.5546875,99.47611039424356,574,golf ball,0.8398258842680262,33.160803000100714,cpp,efficientnet_b0,e36a7f45da1f40ae8ed94449173c8f2e,,Static baseline: every image uses this model,0.0,efficientnet_b0,50.0,2048.0,True,True,e1faca667619e6e13dea,2,574,1
28.970385,0.0,171.5546875,99.5001355363731,848,tape player,0.5703010512636835,32.898918000000776,cpp,efficientnet_b0,da6407e1a23841b4804aceb7c1dbc17b,,Static baseline: every image uses this model,0.0,efficientnet_b0,50.0,2048.0,True,True,9b619751b75c8a6ad1a0,2,482,0
30.580096,0.0,171.5546875,99.48282453910448,571,gas pump,0.9281224949249636,34.19323100001748,cpp,efficientnet_b0,0fd956f39305489da30c9ba4555e3d36,,Static baseline: every image uses this model,0.0,efficientnet_b0,50.0,2048.0,True,True,971fa9f2047ef0b7580b,2,571,1
30.897965,0.0,171.5546875,99.37633780474914,701,parachute,0.7349818073211934,34.87288500014074,cpp,efficientnet_b0,b74bc31554fd4309920167f47b63a6a0,,Static baseline: every image uses this model,0.0,efficientnet_b0,50.0,2048.0,True,True,8e0f259737a8cf29adcd,2,701,1
30.286937,0.0,171.5546875,99.44187374456762,491,chain saw,0.9578171073806132,34.19799700009207,cpp,efficientnet_b0,3d62f89dcd6c422382d6b555759740cc,,Static baseline: every image uses this model,0.0,efficientnet_b0,50.0,2048.0,True,True,0b8b19a751055a1ec8a0,2,491,1
32.980953,0.0,171.55859375,96.36845105727788,0,tench,0.9387985839504148,38.16801099992517,cpp,efficientnet_b0,4d1e102986c0499d9c04deed10144a96,,Static baseline: every image uses this model,0.0,efficientnet_b0,50.0,2048.0,True,True,7bf919583e8a809b8724,2,0,1
33.217206,0.0,171.55859375,99.20758044137295,0,tench,0.9315797782355346,37.3924390000866,cpp,efficientnet_b0,54d27d168aaf480bbb5422f1c98f5116,,Static baseline: every image uses this model,0.0,efficientnet_b0,50.0,2048.0,True,True,7c84bae86fda676d4554,2,0,1
118.117272,0.0,171.55859375,94.66164014484896,482,cassette player,0.4234030957639981,124.8216339999999,cpp,efficientnet_b0,37d2443a0aaa4302973c545d359fcdbd,,Static baseline: every image uses this model,0.0,efficientnet_b0,50.0,2048.0,True,False,fa8dca38dfc9570aba66,2,482,1
78.712882,0.0,171.5625,97.14363089848264,569,garbage truck,0.7788971453226762,87.09284099995784,cpp,efficientnet_b0,b91e828670d84c0fae4e5842bdba8a78,,Static baseline: every image uses this model,0.0,efficientnet_b0,50.0,2048.0,True,False,759cbbc8629f7d2e495f,2,569,1
66.699498,0.0,171.5625,97.96695621604044,663,monastery,0.4982104244054411,73.26812199994492,cpp,efficientnet_b0,6efd923e3c594b6fbfb1847262e4e20b,,Static baseline: every image uses this model,0.0,efficientnet_b0,50.0,2048.0,True,False,2620f63214c6d4d53a2e,2,497,0
67.776324,0.0,171.5625,98.85728801878842,574,golf ball,0.5827309986331145,76.01784299981773,cpp,efficientnet_b0,f4f6c95b5f31460aa932f42da16310ba,,Static baseline: every image uses this model,0.0,efficientnet_b0,50.0,2048.0,True,False,71e9baf5ea98ffedf5a8,2,574,1
70.904714,0.0,171.56640625,98.86361555745697,566,French horn,0.4612762795041328,79.13967900003627,cpp,efficientnet_b0,7bc3d5d54e90484793b9db9817fe14a0,,Static baseline: every image uses this model,0.0,efficientnet_b0,50.0,2048.0,True,False,a829012efaba7982ccf9,2,566,1
73.922428,0.0,171.5703125,98.7450065032911,0,tench,0.9001128155163778,82.679791000146,cpp,efficientnet_b0,07cead34217a4233b5ee16a49d04b679,,Static baseline: every image uses this model,0.0,efficientnet_b0,50.0,2048.0,True,False,f164d1a7b2bfad695ace,2,0,1
70.455374,0.0,171.5703125,99.03004767769232,491,chain saw,0.981217366843782,77.33576000009634,cpp,efficientnet_b0,92d24f5203e24b6ba67e934e9e839131,,Static baseline: every image uses this model,0.0,efficientnet_b0,50.0,2048.0,True,False,97909eccc6227b59cdbd,2,491,1
70.422614,0.0,171.57421875,99.04965164020489,491,chain saw,0.9912850497297332,82.93653500004439,cpp,efficientnet_b0,8d7f443e711f4d30bc9040c2adfcfe3d,,Static baseline: every image uses this model,0.0,efficientnet_b0,50.0,2048.0,True,False,822ecb098d1efd5cc425,2,491,1
72.263713,0.0,171.57421875,98.92910991944066,569,garbage truck,0.9073481482857464,81.80932999994184,cpp,efficientnet_b0,a734048357f34abea76d62ca4a0e27cd,,Static baseline: every image uses this model,0.0,efficientnet_b0,50.0,2048.0,True,False,344dee6d7742b737b6b8,2,569,1
76.196234,0.0,171.54296875,96.44635484650873,701,parachute,0.9104951311785918,85.52730700012035,cpp,efficientnet_b0,9b7fcef03fe9484da20cd2429ecf33cd,,Static baseline: every image uses this model,0.0,efficientnet_b0,50.0,2048.0,True,False,a090cb4a0dea5c618439,2,701,1
72.542847,0.0,171.57421875,98.9206515059978,491,chain saw,0.7879577220095718,81.34657199980211,cpp,efficientnet_b0,722c9c54d3c64265a8cfa7a519e4ebca,,Static baseline: every image uses this model,0.0,efficientnet_b0,50.0,2048.0,True,False,0038ddc45cbe29596ba9,2,491,1
42.478482,0.0,171.57421875,99.15644025028544,856,thresher,0.2311118014918668,48.02113899995675,cpp,efficientnet_b0,026cd169796349d59174af1014a1f3fe,,Static baseline: every image uses this model,0.0,efficientnet_b0,50.0,2048.0,True,True,92770e44f32b0fb3805b,2,569,0
42.97956,0.0,171.57421875,99.13708856597292,566,French horn,0.9783530126784424,48.46696699996755,cpp,efficientnet_b0,3461544808834268a790947e6bc74563,,Static baseline: every image uses this model,0.0,efficientnet_b0,50.0,2048.0,True,True,e164986e7efd9a941c8e,2,566,1
34.332155,0.0,171.57421875,99.22968456925187,571,gas pump,0.195241159287974,39.11891000007017,cpp,efficientnet_b0,7b7ba334878e4c088fb108e4a117ce4e,,Static baseline: every image uses this model,0.0,efficientnet_b0,50.0,2048.0,True,True,66ea92408bb1d45e8a80,2,571,1
31.211493,0.0,171.57421875,99.48322440899962,574,golf ball,0.7200559578962346,36.85816500001238,cpp,efficientnet_b0,e91e22ff5a5448559e572be6a3ed16e4,,Static baseline: every image uses this model,0.0,efficientnet_b0,50.0,2048.0,True,True,5f27fa39b4d1da680538,2,574,1
31.415474,0.0,171.57421875,99.30699571237972,0,tench,0.8186886922566283,35.58881300000394,cpp,efficientnet_b0,ec486fc21dd64a73906e86d57a8fb825,,Static baseline: every image uses this model,0.0,efficientnet_b0,50.0,2048.0,True,True,39bb040fb53a1d176cae,2,0,1
31.73599,0.0,171.57421875,99.43403881170858,856,thresher,0.5454289032074301,36.31238399998438,cpp,efficientnet_b0,3659043c00744cae98beec16c9a14b5c,,Static baseline: every image uses this model,0.0,efficientnet_b0,50.0,2048.0,True,True,5722417798e696c036a9,2,491,0
33.181621,0.0,171.57421875,99.29668386551708,574,golf ball,0.9964756411667182,37.49238599993987,cpp,efficientnet_b0,9d69675b0b3b464d80567d3067a99cfd,,Static baseline: every image uses this model,0.0,efficientnet_b0,50.0,2048.0,True,True,470a9f15033b9d2fc3d8,2,574,1
31.47401,0.0,171.57421875,99.34649710933114,491,chain saw,0.6909075334726479,35.51063100007923,cpp,efficientnet_b0,c8755f18a10b49ef80799e43afe4898e,,Static baseline: every image uses this model,0.0,efficientnet_b0,50.0,2048.0,True,True,8a58d7d2fbec5278ad37,2,491,1
29.97837,0.0,171.57421875,99.38245020423354,884,vault,0.3657516089780934,34.20258599999215,cpp,efficientnet_b0,ad5101cf85c943c2bfdb7613b3b3bad6,,Static baseline: every image uses this model,0.0,efficientnet_b0,50.0,2048.0,True,True,d4dcc887e7e10d2bf5fa,2,497,0
38.811796,0.0,171.57421875,99.20530507558696,574,golf ball,0.953781774772576,42.46182899987616,cpp,efficientnet_b0,4454a92053484ddcbf4fe35f6c9fe782,,Static baseline: every image uses this model,0.0,efficientnet_b0,50.0,2048.0,True,True,187e3af108481037ef18,2,574,1
37.822441,0.0,171.57421875,99.17331955943546,848,tape player,0.2822932474528776,42.92130100020586,cpp,efficientnet_b0,e2c6557ac4584a96ac5e5ad75b104771,,Static baseline: every image uses this model,0.0,efficientnet_b0,50.0,2048.0,True,True,441b74bb0600359a5ae1,2,482,0
33.780679,0.0,171.57421875,99.47661877341068,663,monastery,0.1619940777596531,39.50485599989406,cpp,efficientnet_b0,5888567215324a3f9c8a03c20e718a6d,,Static baseline: every image uses this model,0.0,efficientnet_b0,50.0,2048.0,True,True,119e22c1bc53d94525dc,2,497,0
31.849175,0.0,171.578125,99.52753517543388,571,gas pump,0.942856909524976,35.8293340000273,cpp,efficientnet_b0,111d1edcadf14881a9babadbc29232a5,,Static baseline: every image uses this model,0.0,efficientnet_b0,50.0,2048.0,True,True,184cfe80bff425a554eb,2,571,1
33.426555,0.0,171.578125,99.6383549748227,0,tench,0.8876576835080553,38.02430300015658,cpp,efficientnet_b0,24bf6cc252354621a34175ac4ae5398e,,Static baseline: every image uses this model,0.0,efficientnet_b0,50.0,2048.0,True,True,f5b6098226ef6b4d3008,2,0,1
36.042792,0.0,171.578125,99.23080492204028,569,garbage truck,0.9634245986618786,40.06551900010891,cpp,efficientnet_b0,61a2e5e2eb324e24a418c3827fe3d320,,Static baseline: every image uses this model,0.0,efficientnet_b0,50.0,2048.0,True,True,1718763bdc51740a7d7a,2,569,1
32.325744,0.0,171.578125,99.47396909620812,497,church,0.3520056553111303,37.41301099989869,cpp,efficientnet_b0,a99deedb8b264b56892be41af926c2af,,Static baseline: every image uses this model,0.0,efficientnet_b0,50.0,2048.0,True,True,42416e86d762cb8caf7a,2,497,1
32.379858,0.0,171.578125,99.52755758331752,569,garbage truck,0.7197116916604258,36.81803200015565,cpp,efficientnet_b0,6f65069a586443aca18a35651374a826,,Static baseline: every image uses this model,0.0,efficientnet_b0,50.0,2048.0,True,True,f04e6a8cd69749d35aab,2,569,1
32.363831,0.0,171.578125,99.5087057238759,482,cassette player,0.6922640445988737,37.191966000136745,cpp,efficientnet_b0,72eae74325084e678aa6c46299a79d00,,Static baseline: every image uses this model,0.0,efficientnet_b0,50.0,2048.0,True,True,ead41664127f392d4b3a,2,482,1
32.963138,0.0,171.578125,99.5614823640993,571,gas pump,0.8916450180908306,36.70411099983539,cpp,efficientnet_b0,a28e0e26bb7542f8938c1de78bcc71df,,Static baseline: every image uses this model,0.0,efficientnet_b0,50.0,2048.0,True,True,90e1209a31015bd22730,2,571,1
30.652166,0.0,171.578125,99.56519432685847,218,Welsh springer spaniel,0.5426130064714991,34.534507999978814,cpp,efficientnet_b0,25646a1bbc9947df9c1547741005e8cd,,Static baseline: every image uses this model,0.0,efficientnet_b0,50.0,2048.0,True,True,71d33942636767e8ed5a,2,217,0
30.471801,0.0,171.578125,99.4697646942384,482,cassette player,0.1105930690907843,34.53164999996261,cpp,efficientnet_b0,bea752fc45ec46e49068517f5b120a4b,,Static baseline: every image uses this model,0.0,efficientnet_b0,50.0,2048.0,True,True,aca16af98b818790e01b,2,482,1
5.447583,0.0,470.81640625,99.3139607412716,491,chain saw,0.251669982959622,13.254052000092996,cpp,mobilenet_v3_small,45c4d5c7a3424bb0943a45bb833e3fb1,0.2589328289031982,Complexity threshold selected its preferred feasible model.,2.180793999968955,rule,50.0,2048.0,True,True,e969791171f72413723a,0,491,1
31.980858,0.0,470.81640625,99.43796398662944,0,tench,0.9001128155163778,39.42434200007483,cpp,efficientnet_b0,cd0b94c2821e4cf895f27600288714fa,0.4051744937896728,Threshold preference was infeasible or unavailable; selected the highest-accuracy feasible profile.,2.929301999984091,rule,50.0,2048.0,True,True,f164d1a7b2bfad695ace,0,0,1
5.278148,0.0,470.81640625,99.57206224167004,663,monastery,0.5785628468160603,10.54312199994456,cpp,mobilenet_v3_small,3bb553731833443a9bca6623a32e5d56,0.3537954688072204,Complexity threshold selected its preferred feasible model.,1.941536999993332,rule,50.0,2048.0,True,True,44d0e6aade6060dd3a4c,0,497,0
30.980361,0.0,470.8203125,99.51862794699947,569,garbage truck,0.8217065787644043,36.94481200000155,cpp,efficientnet_b0,2e3eff24a4cc461f86781778a4297d21,0.4476467370986938,Threshold preference was infeasible or unavailable; selected the highest-accuracy feasible profile.,2.023304999966058,rule,50.0,2048.0,True,True,b25a98271d50629a4f1d,0,569,1
29.967516,0.0,470.8203125,99.538411822818,566,French horn,0.6333695182713329,35.71061999991798,cpp,efficientnet_b0,19e9f648970e4bc08646baadfd4416c8,0.4488692283630371,Threshold preference was infeasible or unavailable; selected the highest-accuracy feasible profile.,1.9545430000107444,rule,50.0,2048.0,True,True,4820256bcd3e9dc760e4,0,566,1
30.293758,0.0,470.9375,99.50472943214248,491,chain saw,0.917896832014066,35.960343999931865,cpp,efficientnet_b0,de2f5c44ef8e4ea899cd6d32ea36ca17,0.4529488980770111,Threshold preference was infeasible or unavailable; selected the highest-accuracy feasible profile.,1.775084999962928,rule,50.0,2048.0,True,True,b683b233630b42dc4774,0,491,1
5.164913,0.0,470.9375,99.63119811125551,232,Border collie,0.2272443551445507,10.27462199999718,cpp,mobilenet_v3_small,8383ca8641dd474693e9c9a8ce087a22,0.3303617537021637,Complexity threshold selected its preferred feasible model.,1.9106089998786049,rule,50.0,2048.0,True,True,4b193d510c7badf1e9d7,0,217,0
31.384362,0.0,471.06640625,99.53979653954411,482,cassette player,0.6922640445988737,37.21484399989095,cpp,efficientnet_b0,aaf5e2a7a7cf4e9cb1ec8d14494be998,0.4222639501094818,Threshold preference was infeasible or unavailable; selected the highest-accuracy feasible profile.,1.94379000004119,rule,50.0,2048.0,True,True,ead41664127f392d4b3a,0,482,1
30.351234,0.0,471.1328125,99.2376582058843,491,chain saw,0.9988411521740908,36.39181300013661,cpp,efficientnet_b0,7705da0296fe44a79cba19102164de09,0.4069598615169525,Threshold preference was infeasible or unavailable; selected the highest-accuracy feasible profile.,2.020195999875796,rule,50.0,2048.0,True,True,a9ccf20cebb67562b233,0,491,1
30.194244,0.0,471.6640625,99.50715836466098,491,chain saw,0.1247455730893374,36.34209999995619,cpp,efficientnet_b0,e64a5d0bc0dc458f884fd36a33f5255f,0.4275709092617035,Threshold preference was infeasible or unavailable; selected the highest-accuracy feasible profile.,1.9459720001577807,rule,50.0,2048.0,True,True,3de5f3a0109d307875a8,0,491,1
4.890989,0.0,471.6640625,99.47263428306547,569,garbage truck,0.5083698992920235,9.66483000001972,cpp,mobilenet_v3_small,91175d4d796d4bcab1c1838562a68c51,0.3921989202499389,Complexity threshold selected its preferred feasible model.,1.7283590000261029,rule,50.0,2048.0,True,True,cd042851c41a91dcb39d,0,569,1
31.743801,0.0,471.671875,99.41567866995354,569,garbage truck,0.8322463203073522,37.32518199990409,cpp,efficientnet_b0,f479dbb03335451e9e01182974b321f8,0.4392241835594177,Threshold preference was infeasible or unavailable; selected the highest-accuracy feasible profile.,1.8874209999921727,rule,50.0,2048.0,True,True,5986b7616a1228b54cf8,0,569,1
5.12452,0.0,471.70703125,99.4960251858409,482,cassette player,0.386667270163702,10.292181000068013,cpp,mobilenet_v3_small,e70850f7940a41d8afec275879f55486,0.3884414136409759,Complexity threshold selected its preferred feasible model.,2.0892810000532336,rule,50.0,2048.0,True,True,ba3f10e49fa71222a167,0,482,1
30.477718,0.0,472.2265625,99.46070873657584,491,chain saw,0.9578171073806132,36.744708000014725,cpp,efficientnet_b0,9f604ec2c99d4b1aaec3e4e15fc81088,0.4259228408336639,Threshold preference was infeasible or unavailable; selected the highest-accuracy feasible profile.,1.980722000098467,rule,50.0,2048.0,True,True,0b8b19a751055a1ec8a0,0,491,1
4.862252,0.0,472.23828125,99.55177083810828,701,parachute,0.9546257468146624,10.009611999976189,cpp,mobilenet_v3_small,9fe05d7fb4364b8fac0f9515493d8ab9,0.325042724609375,Complexity threshold selected its preferred feasible model.,1.8643249998149256,rule,50.0,2048.0,True,True,30fb16826a0b77fbdaf0,0,701,1
35.017311,0.0,472.23828125,99.40264247036906,701,parachute,0.8397617775259114,40.321581000171136,cpp,efficientnet_b0,3ddf9863c4504619a3c91df8e242e119,0.454125165939331,Threshold preference was infeasible or unavailable; selected the highest-accuracy feasible profile.,1.785372000085772,rule,50.0,2048.0,True,True,ddb3b09917f249dbe143,0,701,1
33.644181,0.0,472.5390625,99.07128835505527,491,chain saw,0.9844051469516164,41.260707999981605,cpp,efficientnet_b0,f31de16ff421485aa5f7c538841ad0af,0.4566319286823272,Threshold preference was infeasible or unavailable; selected the highest-accuracy feasible profile.,2.569753999978275,rule,50.0,2048.0,True,True,6d7204950e9ea9baf7eb,0,491,1
34.689865,0.0,472.5078125,94.28534022499592,497,church,0.391276078834487,45.63811499997428,cpp,efficientnet_b0,4efdc77a50374968a19ebb32e8dd621c,0.4536961615085602,Threshold preference was infeasible or unavailable; selected the highest-accuracy feasible profile.,6.386458999941169,rule,50.0,2048.0,True,True,a0917b15d44486760f0e,0,497,1
5.601665,0.0,472.5390625,99.2389947930185,0,tench,0.9048288077752856,11.798211000041192,cpp,mobilenet_v3_small,1f5b7d02a9e846559751288d64944d54,0.3548454642295837,Complexity threshold selected its preferred feasible model.,2.54402099994877,rule,50.0,2048.0,True,True,f6ff97e8bae06024f9d5,0,0,1
6.111387,0.0,472.5390625,99.32228228853567,856,thresher,0.7002647793086434,11.819818000049054,cpp,mobilenet_v3_small,7d39625386344c8ca297d56bf3efb013,0.3491328060626983,Complexity threshold selected its preferred feasible model.,2.152763000140112,rule,50.0,2048.0,True,True,92770e44f32b0fb3805b,0,569,0
43.617241,0.0,472.54296875,99.08855568479449,663,monastery,0.4982104244054411,50.3255099999933,cpp,efficientnet_b0,0d8be7b7ab2f4cd7b07b2ed3b350fe4d,0.4545212984085083,Threshold preference was infeasible or unavailable; selected the highest-accuracy feasible profile.,2.2568709998722625,rule,50.0,2048.0,True,False,2620f63214c6d4d53a2e,0,497,0
6.53086,0.0,472.54296875,99.53067327207384,569,garbage truck,0.6968233599676954,13.590105999810476,cpp,mobilenet_v3_small,8652e797624746cfb238d84dda8a1dc5,0.3575295507907867,Complexity threshold selected its preferred feasible model.,2.597384999944552,rule,50.0,2048.0,True,True,344dee6d7742b737b6b8,0,569,1
38.992934,0.0,472.546875,99.35618550340324,848,tape player,0.5703010512636835,46.70351499999015,cpp,efficientnet_b0,0f8339a7730a40c1a9487e9e5ca392fc,0.4451096653938293,Threshold preference was infeasible or unavailable; selected the highest-accuracy feasible profile.,2.6932809998925222,rule,50.0,2048.0,True,True,9b619751b75c8a6ad1a0,0,482,0
6.367726,0.0,472.546875,99.57687943435062,217,English springer,0.7260319279122938,12.967226000000664,cpp,mobilenet_v3_small,47bef6fe4dd94a10bfffdc69777721b2,0.3863670527935028,Complexity threshold selected its preferred feasible model.,2.4415700002009544,rule,50.0,2048.0,True,True,c502624fc7bb3bb7c430,0,217,1
5.586013,0.0,472.546875,99.3793333885471,569,garbage truck,0.6580952102416495,11.92556500018327,cpp,mobilenet_v3_small,18cd3efe667345f192eedac8402d3898,0.3871074020862579,Complexity threshold selected its preferred feasible model.,2.689911000061329,rule,50.0,2048.0,True,True,f04e6a8cd69749d35aab,0,569,1
35.904187,0.0,472.546875,99.34560731165152,566,French horn,0.7124146199834032,41.34948399996574,cpp,efficientnet_b0,78508ef4398f4c92a07e179ef7b9351e,0.4509162604808807,Threshold preference was infeasible or unavailable; selected the highest-accuracy feasible profile.,1.9524310000633704,rule,50.0,2048.0,True,True,95a6d8332e65a953f807,0,566,1
5.118423,0.0,472.546875,99.65436849392204,701,parachute,0.9694100204551596,10.272500999917613,cpp,mobilenet_v3_small,99a81398e47c465993b73b5feb57296a,0.3760958909988403,Complexity threshold selected its preferred feasible model.,1.8383419999281612,rule,50.0,2048.0,True,True,417536921c3e9bb251be,0,701,1
5.165771,0.0,472.546875,99.5470080081258,663,monastery,0.43443191769851,10.432413999978962,cpp,mobilenet_v3_small,4f286e59be184636bdecdab7a946dd01,0.3864231407642364,Complexity threshold selected its preferred feasible model.,1.856489999909172,rule,50.0,2048.0,True,True,13e3bcc97110094b8448,0,497,0
5.757804,0.0,472.55078125,99.46148269709076,749,quill,0.2781236584435557,11.054798000031951,cpp,mobilenet_v3_small,b2fda31e4deb4a489d71e0ca148bb985,0.3981295228004455,Complexity threshold selected its preferred feasible model.,2.1027960001447354,rule,50.0,2048.0,True,True,fa8dca38dfc9570aba66,0,482,0
31.860951,0.0,472.55078125,99.36912429272594,663,monastery,0.1619940777596531,37.81204400002025,cpp,efficientnet_b0,f2630e5f39b94ff9beaed6593d5901b5,0.4408412575721741,Threshold preference was infeasible or unavailable; selected the highest-accuracy feasible profile.,2.08836800015888,rule,50.0,2048.0,True,True,119e22c1bc53d94525dc,0,497,0
4.970256,0.0,472.55078125,99.61950904674204,481,cassette,0.4872942850333939,9.499305999952412,cpp,mobilenet_v3_small,b0504df3361a4e25b0bf427a971e66f8,0.2940942645072937,Complexity threshold selected its preferred feasible model.,1.7152760001408751,rule,50.0,2048.0,True,True,b46523267235e8ce5297,0,482,0
29.795461,0.0,472.55078125,99.4716263464462,0,tench,0.1672900765569945,35.34298099998523,cpp,efficientnet_b0,2a9ae6cd2e9343c89e8d5e92f8b51c81,0.4401855766773224,Threshold preference was infeasible or unavailable; selected the highest-accuracy feasible profile.,1.8139160001737764,rule,50.0,2048.0,True,True,f53fbb95080335df2c2d,0,0,1
32.730664,0.0,472.55078125,99.43583753869622,217,English springer,0.7629828901601037,38.53694899999027,cpp,efficientnet_b0,1ef70c29a51242b99a4c12e0ac8db22a,0.4473113119602203,Threshold preference was infeasible or unavailable; selected the highest-accuracy feasible profile.,1.9262210000761115,rule,50.0,2048.0,True,True,560c8d4bfd14be3e6a8a,0,217,1
40.779335,0.0,472.5546875,99.46774795759958,867,trailer truck,0.1789518679310277,46.88568200003829,cpp,efficientnet_b0,be110f54e5c5466fa1e097b60f83bab7,0.4038387835025787,Threshold preference was infeasible or unavailable; selected the highest-accuracy feasible profile.,1.9373819998236288,rule,50.0,2048.0,True,True,45bd4d0f4d7478b0cee3,0,569,0
5.378376,0.0,473.03125,99.6894374349169,701,parachute,0.4260599249409807,11.692007999954512,cpp,mobilenet_v3_small,4eb0da2d439e44f4a5e8c83e2528ebe1,0.3612437844276428,Complexity threshold selected its preferred feasible model.,2.3874720000094385,rule,50.0,2048.0,True,True,68ae5f6b4dfe6c710ddc,0,701,1
32.282098,0.0,473.0390625,99.51474884637192,217,English springer,0.7939496839736429,38.996507000092606,cpp,efficientnet_b0,4cadbbf7715f4d62b80a3e07607c83b5,0.406385987997055,Threshold preference was infeasible or unavailable; selected the highest-accuracy feasible profile.,2.241002999880948,rule,50.0,2048.0,True,True,6f7809e7f2cc44bd0073,0,217,1
5.254688,0.0,473.703125,99.59097805445998,491,chain saw,0.999675761532608,12.709587000017564,cpp,mobilenet_v3_small,43fbe92c035c4a4f8bc09be02bd5f2e6,0.3987435698509216,Complexity threshold selected its preferred feasible model.,2.358004999905461,rule,50.0,2048.0,True,True,822ecb098d1efd5cc425,0,491,1
31.367498,0.0,473.703125,99.447927995952,566,French horn,0.6717550843116976,37.11218800003735,cpp,efficientnet_b0,7a4c8ccc8958461382c4436023b288d2,0.424345850944519,Threshold preference was infeasible or unavailable; selected the highest-accuracy feasible profile.,1.8896919998496744,rule,50.0,2048.0,True,True,5930368dd828c298772d,0,566,1
5.197403,0.0,473.70703125,99.57984414686088,574,golf ball,0.9568963740172376,10.458261999929164,cpp,mobilenet_v3_small,ff51d2222bd1446f9383bc95816db564,0.2582268714904785,Complexity threshold selected its preferred feasible model.,2.006700000038109,rule,50.0,2048.0,True,True,71e9baf5ea98ffedf5a8,0,574,1
31.891238,0.0,473.7109375,99.46846737039556,571,gas pump,0.9763392621274848,37.68423399992571,cpp,efficientnet_b0,91d3fb67d98343a4820e1fcf12911d16,0.431299090385437,Threshold preference was infeasible or unavailable; selected the highest-accuracy feasible profile.,1.916685999958645,rule,50.0,2048.0,True,True,cabe8ff46702c50e9274,0,571,1
4.83218,0.0,473.7109375,99.6941062614884,227,kelpie,0.2578671865305892,9.793596999998044,cpp,mobilenet_v3_small,1297e9ac74d549a4a18ccd752a0d11e7,0.3631918728351593,Complexity threshold selected its preferred feasible model.,1.8259739999848532,rule,50.0,2048.0,True,True,edec038dc21e45a32a00,0,217,0
4.790613,0.0,474.00390625,99.4373168867708,844,switch,0.3237283886630832,11.09558799998922,cpp,mobilenet_v3_small,83f0b85b659d4243b8cd0a2c929823b3,0.3388957381248474,Complexity threshold selected its preferred feasible model.,2.106600999923103,rule,50.0,2048.0,True,True,91bd6a57b11a9ffdc7f7,0,482,0
4.760447,0.0,474.00390625,99.55875409757344,491,chain saw,0.9971914082173996,9.198498999921869,cpp,mobilenet_v3_small,32752ec87d6946b4828f40671e358a0d,0.2714930176734924,Complexity threshold selected its preferred feasible model.,1.6704639999716164,rule,50.0,2048.0,True,True,97909eccc6227b59cdbd,0,491,1
29.954295,0.0,474.0390625,99.4234520047826,566,French horn,0.90110999011866,35.67890299996179,cpp,efficientnet_b0,079e6c903a0042e8b27c231c27110fe9,0.4504099488258362,Threshold preference was infeasible or unavailable; selected the highest-accuracy feasible profile.,1.9318899999234416,rule,50.0,2048.0,True,True,1fe86a7b0db415dc071c,0,566,1
30.944669,0.0,474.0390625,99.52949492283896,217,English springer,0.5669017489253196,36.54264500005411,cpp,efficientnet_b0,af6033b68f844617ac95e9d5f930859a,0.4542423486709595,Threshold preference was infeasible or unavailable; selected the highest-accuracy feasible profile.,1.8319000000701635,rule,50.0,2048.0,True,True,073d0199c1f24a40dc5b,0,217,1
5.009827,0.0,474.140625,99.50319029058446,571,gas pump,0.9997290856284924,9.66808799989849,cpp,mobilenet_v3_small,2231a0c7a5c644baacda91605c6910cc,0.3769330084323883,Complexity threshold selected its preferred feasible model.,1.7278010000154609,rule,50.0,2048.0,True,True,90e1209a31015bd22730,0,571,1
5.462846,0.0,474.40234375,99.6570922926383,0,tench,0.9976274975683465,11.490847000004578,cpp,mobilenet_v3_small,0aa9937e3d8349b7a3703380652d76c4,0.3931851387023926,Complexity threshold selected its preferred feasible model.,2.253158000030453,rule,50.0,2048.0,True,True,7c84bae86fda676d4554,0,0,1
31.737957,0.0,474.53515625,99.45396195718251,0,tench,0.9430619659826834,37.63950200004729,cpp,efficientnet_b0,1f063838d5e34ed3b4a701908f2ce082,0.4287274479866028,Threshold preference was infeasible or unavailable; selected the highest-accuracy feasible profile.,1.9037829999888345,rule,50.0,2048.0,True,True,a2ebfa36b363d02c435f,0,0,1
5.020607,0.0,474.5703125,99.592423131335,574,golf ball,0.994480320376245,9.758650000094349,cpp,mobilenet_v3_small,1873e9d6b5484de7894c67688e67beac,0.2551495432853699,Complexity threshold selected its preferred feasible model.,1.791428999922573,rule,50.0,2048.0,True,True,e1faca667619e6e13dea,0,574,1
5.056619,0.0,475.1015625,99.61699000651922,701,parachute,0.9996197023251672,10.636276000013822,cpp,mobilenet_v3_small,c62f337ae8b94be1a72edc58668fbbe5,0.2886195480823517,Complexity threshold selected its preferred feasible model.,2.015124000081414,rule,50.0,2048.0,True,True,1ce9829c757e18582436,0,701,1
4.94149,0.0,475.10546875,99.52931023641064,701,parachute,0.9544760323646558,10.215646000006018,cpp,mobilenet_v3_small,8c0d2652956849e6ab50a0d61e851b71,0.2955735623836517,Complexity threshold selected its preferred feasible model.,1.879679000012402,rule,50.0,2048.0,True,True,383867303b559ef23d2d,0,701,1
5.215962,0.0,475.1640625,99.42252122056236,569,garbage truck,0.5097801949650608,10.414755000056177,cpp,mobilenet_v3_small,1ef6d3fe4bcc4af396106c18d1946b21,0.3714280426502228,Complexity threshold selected its preferred feasible model.,1.935158999913256,rule,50.0,2048.0,True,True,1718763bdc51740a7d7a,0,569,1
33.312187,0.0,475.1640625,95.95491664338792,569,garbage truck,0.6317151828702227,38.572282999894014,cpp,efficientnet_b0,a50fdd95b9914e0388ab7980eb1a6129,0.4671176075935364,Threshold preference was infeasible or unavailable; selected the highest-accuracy feasible profile.,1.8253840000852504,rule,50.0,2048.0,True,True,2eeed640e4c9f230923b,0,569,1
5.07566,0.0,475.6640625,96.78881713745189,574,golf ball,0.8303300836410683,10.397694999937812,cpp,mobilenet_v3_small,0991bf2e5ebb4b6d8a53434d629f5bfd,0.2333433926105499,Complexity threshold selected its preferred feasible model.,1.8818829998963336,rule,50.0,2048.0,True,True,e95f8f97b7e36d6619df,0,574,1
54.816645,0.0,475.66796875,95.18919304116422,574,golf ball,0.9964756411667182,61.49163800000679,cpp,efficientnet_b0,c9e3afc81b0f419f9b10e967b9629d5c,0.4162020087242126,Threshold preference was infeasible or unavailable; selected the highest-accuracy feasible profile.,2.064919999838821,rule,50.0,2048.0,True,False,470a9f15033b9d2fc3d8,0,574,1
11.512087,0.0,475.71875,94.92156840848712,0,tench,0.9975248440699528,22.426550000091083,cpp,mobilenet_v3_small,eaf8c5b413a6497b87369c78fd720a96,0.3809593915939331,Complexity threshold selected its preferred feasible model.,3.5943509999469825,rule,50.0,2048.0,True,True,7bf919583e8a809b8724,0,0,1
76.434835,0.0,476.04296875,92.98539413136618,218,Welsh springer spaniel,0.5426130064714991,91.42421000001376,cpp,efficientnet_b0,92f4d7002ec9405d98cc61e39b04eccc,0.4084501266479492,Threshold preference was infeasible or unavailable; selected the highest-accuracy feasible profile.,5.463288000100874,rule,50.0,2048.0,True,False,71d33942636767e8ed5a,0,217,0
46.706182,0.0,476.22265625,93.71955023162486,574,golf ball,0.9126453913048326,59.92615400009527,cpp,efficientnet_b0,64c93a8d6dee4fd0a05282eaf0505387,0.4572982490062713,Threshold preference was infeasible or unavailable; selected the highest-accuracy feasible profile.,3.8117999999940366,rule,50.0,2048.0,True,False,dfafa0b6ed6c5146f025,0,574,1
78.413258,0.0,476.3203125,89.67446645545206,491,chain saw,0.6909075334726479,91.8786419999833,cpp,efficientnet_b0,167641afc19d4ea4b3fdc5950b0f8e59,0.46164071559906,Threshold preference was infeasible or unavailable; selected the highest-accuracy feasible profile.,3.7394460000541594,rule,50.0,2048.0,True,False,8a58d7d2fbec5278ad37,0,491,1
12.248529,0.0,476.41015625,94.89270640109018,569,garbage truck,0.9928520384760782,24.007490000030884,cpp,mobilenet_v3_small,6247fffab0ed40bdb0909808c951b4c0,0.357228547334671,Complexity threshold selected its preferred feasible model.,4.509542000050715,rule,50.0,2048.0,True,True,ce8529c8eee748f146d3,0,569,1
75.325721,0.0,476.65234375,90.03294315115355,571,gas pump,0.8887432687558453,88.91772300012235,cpp,efficientnet_b0,0805974a51c945bab31c3062847bd20a,0.4506925046443939,Threshold preference was infeasible or unavailable; selected the highest-accuracy feasible profile.,3.7403720000384055,rule,50.0,2048.0,True,False,9fda59f5fd0df9879327,0,571,1
53.224519,0.0,476.921875,98.30409217534827,406,altar,0.3593995135728637,65.37041599995064,cpp,efficientnet_b0,a6df482937984eb8aec43503ce0ad4c1,0.4621069431304931,Threshold preference was infeasible or unavailable; selected the highest-accuracy feasible profile.,4.000256999916019,rule,50.0,2048.0,True,False,298fb3d15c1c56aa6a1b,0,497,0
6.021041,0.0,476.921875,99.2794979165392,217,English springer,0.5586676246212985,13.583722000021226,cpp,mobilenet_v3_small,aa9b4262083048f3b72c690255ddea25,0.3245898187160492,Complexity threshold selected its preferred feasible model.,3.4458920001725346,rule,50.0,2048.0,True,True,2f0b56bb43b367cf0737,0,217,1
5.775304,0.0,476.99609375,99.38791196421052,497,church,0.6786071250248797,11.847151999972994,cpp,mobilenet_v3_small,9a4c542f4e8d4998941ceefc4c211ba9,0.3160988688468933,Complexity threshold selected its preferred feasible model.,2.217204000089623,rule,50.0,2048.0,True,True,050c33a7d7f32fd92ac6,0,497,1
37.048634,0.0,477.25,99.22418436359966,482,cassette player,0.1105930690907843,44.40075499996965,cpp,efficientnet_b0,203d061dbb6246278df5645c1f5f3b62,0.4111779034137726,Threshold preference was infeasible or unavailable; selected the highest-accuracy feasible profile.,2.291239999976824,rule,50.0,2048.0,True,True,aca16af98b818790e01b,0,482,1
36.332247,0.0,477.40625,99.21351034103522,566,French horn,0.4612762795041328,42.630693999853975,cpp,efficientnet_b0,75cfe0570aee42088ae6268a9c92ecd7,0.4299238920211792,Threshold preference was infeasible or unavailable; selected the highest-accuracy feasible profile.,1.9897249999303317,rule,50.0,2048.0,True,True,a829012efaba7982ccf9,0,566,1
31.471879,0.0,477.53125,99.43764397216344,566,French horn,0.9783530126784424,37.69533699983185,cpp,efficientnet_b0,85b75aa607c74549930d2e97d9e4d47b,0.4309717416763305,Threshold preference was infeasible or unavailable; selected the highest-accuracy feasible profile.,2.0274139999401086,rule,50.0,2048.0,True,True,e164986e7efd9a941c8e,0,566,1
30.594137,0.0,477.6796875,99.49596010940093,848,tape player,0.2822932474528776,36.34652799996729,cpp,efficientnet_b0,8fc2fe053fd346adbe0fce1d2b8e7a79,0.4410563707351684,Threshold preference was infeasible or unavailable; selected the highest-accuracy feasible profile.,1.8456779998814452,rule,50.0,2048.0,True,True,441b74bb0600359a5ae1,0,482,0
5.043434,0.0,477.91796875,98.80013598402108,482,cassette player,0.247736669173771,10.539361000155624,cpp,mobilenet_v3_small,696975b8889b40a098594d1e20cd4a95,0.3488146364688873,Complexity threshold selected its preferred feasible model.,2.417324999896664,rule,50.0,2048.0,True,True,9663eccdcbe0b346d2fb,0,482,1
30.156495,0.0,477.91796875,99.43619542091268,571,gas pump,0.5939003303789452,35.42628200011677,cpp,efficientnet_b0,375ecf19008c48ff9afbdccdbdfd6b48,0.4463847279548645,Threshold preference was infeasible or unavailable; selected the highest-accuracy feasible profile.,1.816154999914943,rule,50.0,2048.0,True,True,17d5a963eb476a043cf3,0,571,1
4.951023,0.0,478.38671875,99.4211344642264,701,parachute,0.4462090784953996,10.44681300004413,cpp,mobilenet_v3_small,4474fd03a6cf496aa0c67973b3947b64,0.3529438376426697,Complexity threshold selected its preferred feasible model.,1.9335450001563004,rule,50.0,2048.0,True,True,a090cb4a0dea5c618439,0,701,1
5.886238,0.0,478.4453125,99.40059608967069,73,barn spider,0.4334660134851359,11.344603999987156,cpp,mobilenet_v3_small,7542c6d90d9e4bd6828729b799917fc4,0.3806670010089874,Complexity threshold selected its preferred feasible model.,1.8438399999922692,rule,50.0,2048.0,True,True,8e0f259737a8cf29adcd,0,701,0
5.102487,0.0,478.44921875,99.36977042769402,574,golf ball,0.9999996653090328,10.771312999850124,cpp,mobilenet_v3_small,6b3512364f424cee851877bdc147b1f5,0.3868842422962188,Complexity threshold selected its preferred feasible model.,2.0101059999433346,rule,50.0,2048.0,True,True,be5eaa3600e1cc67f394,0,574,1
30.029523,0.0,478.81640625,99.40946336235052,854,theater curtain,0.1758891116692324,36.654287999908775,cpp,efficientnet_b0,65eb1cb90b014fb1803cce65dfd4b682,0.4460175037384033,Threshold preference was infeasible or unavailable; selected the highest-accuracy feasible profile.,2.1669560001100763,rule,50.0,2048.0,True,True,c855206e6d49ba4dd808,0,701,0
28.257915,0.0,478.8359375,99.49182904040082,884,vault,0.3657516089780934,33.578856999838536,cpp,efficientnet_b0,f3ba82524d77420fa1c13462aeeb8134,0.4624062478542328,Threshold preference was infeasible or unavailable; selected the highest-accuracy feasible profile.,1.733705000106056,rule,50.0,2048.0,True,True,d4dcc887e7e10d2bf5fa,0,497,0
4.847339,0.0,479.1328125,99.55936455294696,497,church,0.7919017757483665,10.034599000164237,cpp,mobilenet_v3_small,6a55bdc5a54a4e3dbdbfcf02bdcdc76d,0.3911303281784057,Complexity threshold selected its preferred feasible model.,1.80941000007806,rule,50.0,2048.0,True,True,42416e86d762cb8caf7a,0,497,1
29.542423,0.0,479.14453125,99.49578691605772,574,golf ball,0.9275296557421668,35.063747000094736,cpp,efficientnet_b0,eac6f5fc6046470599629ad8ba4a9baf,0.4428637325763702,Threshold preference was infeasible or unavailable; selected the highest-accuracy feasible profile.,1.7585139999027888,rule,50.0,2048.0,True,True,4b548c57634f96cce13f,0,574,1
4.669227,0.0,479.27734375,99.30019025854725,232,Border collie,0.1046552488295859,9.818239999958678,cpp,mobilenet_v3_small,62d3c8ef22bf4dc38bbc500cf331e4d6,0.3964085876941681,Complexity threshold selected its preferred feasible model.,1.8808170000284008,rule,50.0,2048.0,True,True,2a328ad9ed0463dd8e40,0,217,0
29.189389,0.0,479.3984375,99.4862886880688,389,barracouta,0.4154086674844612,34.754733999989185,cpp,efficientnet_b0,177ee7cc8a84465b8578f8f87bd16075,0.4414932429790497,Threshold preference was infeasible or unavailable; selected the highest-accuracy feasible profile.,1.8433789998653085,rule,50.0,2048.0,True,True,672289c345c6b157c122,0,0,0
28.548273,0.0,479.74609375,99.50874857432008,491,chain saw,0.7879577220095718,34.63501400005953,cpp,efficientnet_b0,e21afaae527948a8a61f438d7eb6caad,0.4497123062610626,Threshold preference was infeasible or unavailable; selected the highest-accuracy feasible profile.,1.8554910000148084,rule,50.0,2048.0,True,True,0038ddc45cbe29596ba9,0,491,1
29.777723,0.0,479.78125,99.57901648410903,569,garbage truck,0.4797635971650731,35.06241800005228,cpp,efficientnet_b0,1e4d1d55e9db47af9e3a962da2ab45c1,0.420907199382782,Threshold preference was infeasible or unavailable; selected the highest-accuracy feasible profile.,1.682650000020658,rule,50.0,2048.0,True,True,c10444f8b888582761a4,0,569,1
5.208863,0.0,479.75,88.57164100676258,701,parachute,0.9991826182515902,15.628263000053266,cpp,mobilenet_v3_small,213ab79302324bc082b0b016ef53f4a2,0.3276153802871704,Complexity threshold selected its preferred feasible model.,6.796390000090469,rule,50.0,2048.0,True,True,b0bfa88a566c909ba480,0,701,1
5.127503,0.0,479.78125,99.34729426185145,574,golf ball,0.9897354315759668,11.118792999923244,cpp,mobilenet_v3_small,e323fe62e1c34968ae5fd53fee6aaa9c,0.3763380348682403,Complexity threshold selected its preferred feasible model.,2.340661000062028,rule,50.0,2048.0,True,True,b9dd47e849749a3e01ef,0,574,1
29.207193,0.0,479.78125,99.50689323455532,701,parachute,0.8802039689518798,39.07389100004366,cpp,efficientnet_b0,235f151b46604aea9c1a5593abe09e8a,0.4224415719509125,Threshold preference was infeasible or unavailable; selected the highest-accuracy feasible profile.,2.526302999967811,rule,50.0,2048.0,True,True,31d5325988db9f1c752b,0,701,1
27.736923,0.0,479.78125,99.60956524929226,0,tench,0.8876576835080553,33.3218289999877,cpp,efficientnet_b0,346a5f1651ad448eb227e6a7c7926478,0.4437167048454284,Threshold preference was infeasible or unavailable; selected the highest-accuracy feasible profile.,1.815783999973064,rule,50.0,2048.0,True,True,f5b6098226ef6b4d3008,0,0,1
33.382248,0.0,479.78125,99.42319303929035,571,gas pump,0.195241159287974,39.47299800006476,cpp,efficientnet_b0,0b535c2384bc49c5863612e8d0736b47,0.400130420923233,Threshold preference was infeasible or unavailable; selected the highest-accuracy feasible profile.,1.9639619999907156,rule,50.0,2048.0,True,True,66ea92408bb1d45e8a80,0,571,1
4.611708,0.0,479.78125,99.38950104996476,663,monastery,0.5503947837333284,9.6357249999528,cpp,mobilenet_v3_small,c9dee61136604cbbae6e376c20f8e642,0.3910107910633087,Complexity threshold selected its preferred feasible model.,1.950556999872788,rule,50.0,2048.0,True,True,ec65f302bff6f50bb8a2,0,497,0
29.528125,0.0,479.78125,99.56856967900188,571,gas pump,0.4267589699664483,35.20359900016956,cpp,efficientnet_b0,3c50a1dc127e45e792dde36f52b291de,0.4730862379074096,Threshold preference was infeasible or unavailable; selected the highest-accuracy feasible profile.,1.8827149999651736,rule,50.0,2048.0,True,True,0d1cfd3c9113ab92d8a9,0,571,1
5.71144,0.0,479.78125,99.43037644913908,707,pay-phone,0.2157933159083242,11.554122000006828,cpp,mobilenet_v3_small,6a7d4f8498ea4414a871d22fe4abd4c3,0.372204065322876,Complexity threshold selected its preferred feasible model.,2.168205999851125,rule,50.0,2048.0,True,True,971fa9f2047ef0b7580b,0,571,0
5.936406,0.0,479.78515625,99.57922585254656,400,academic gown,0.1963711158238826,11.506648000022324,cpp,mobilenet_v3_small,55f719bea2774cd39d6010f92d66f345,0.3379197418689728,Complexity threshold selected its preferred feasible model.,1.9939800001793628,rule,50.0,2048.0,True,True,a5cb5dce8fea0d78d48b,0,574,0
37.151332,0.0,479.78515625,99.5682086488964,571,gas pump,0.942856909524976,43.37233699993703,cpp,efficientnet_b0,d336f0a638cc4bd2809e6f29c30aa824,0.4299874007701874,Threshold preference was infeasible or unavailable; selected the highest-accuracy feasible profile.,2.0389759999943635,rule,50.0,2048.0,True,True,184cfe80bff425a554eb,0,571,1
5.803141,0.0,479.78515625,99.67499604068496,590,hand-held computer,0.4004814688046831,11.07094199983294,cpp,mobilenet_v3_small,aeb9334e4db542c8ac30bf9f1e5506c3,0.2990542650222778,Complexity threshold selected its preferred feasible model.,1.9039270000575923,rule,50.0,2048.0,True,True,b96089f5a0ee8958f842,0,482,0
5.480899,0.0,479.78515625,99.73595868159924,522,croquet ball,0.4393907913941756,12.09469800005536,cpp,mobilenet_v3_small,4a7f7ac024174af08da4dbd795bdcf79,0.3705009222030639,Complexity threshold selected its preferred feasible model.,2.16098099986084,rule,50.0,2048.0,True,True,5f27fa39b4d1da680538,0,574,0
34.038566,0.0,479.78515625,99.59804594150054,217,English springer,0.746417678188506,40.11179799999809,cpp,efficientnet_b0,63fd80344fdb43ce9e695e7fe0fa622e,0.4494682252407074,Threshold preference was infeasible or unavailable; selected the highest-accuracy feasible profile.,1.8749199998637776,rule,50.0,2048.0,True,True,3fcb8614fa0697512341,0,217,1
36.468232,0.0,479.78515625,99.61838711283522,0,tench,0.8186886922566283,42.5169080001524,cpp,efficientnet_b0,ff847644f39048edbd604e456433a72e,0.4279609024524688,Threshold preference was infeasible or unavailable; selected the highest-accuracy feasible profile.,1.915605000021969,rule,50.0,2048.0,True,True,39bb040fb53a1d176cae,0,0,1
49.696227,0.0,479.78515625,99.18974777798896,856,thresher,0.5454289032074301,56.2363159999677,cpp,efficientnet_b0,f6372d0689654ca796cd8abfdb7e05ae,0.4537008702754974,Threshold preference was infeasible or unavailable; selected the highest-accuracy feasible profile.,2.0247679999556567,rule,50.0,2048.0,True,False,5722417798e696c036a9,0,491,0
5.512439,0.0,479.78515625,99.39586989568498,701,parachute,0.9997642845125476,12.245209999946384,cpp,mobilenet_v3_small,57639265ce0d4862a1684bd29db944a4,0.3212895393371582,Complexity threshold selected its preferred feasible model.,2.646129000140718,rule,50.0,2048.0,True,True,b3b7d952751637282f6b,0,701,1
31.653332,0.0,479.78515625,99.44225803643072,569,garbage truck,0.7788971453226762,37.84187199994449,cpp,efficientnet_b0,3710a36af8c74c24815b22d5d744c0b3,0.4314498603343963,Threshold preference was infeasible or unavailable; selected the highest-accuracy feasible profile.,2.0662129998072487,rule,50.0,2048.0,True,True,759cbbc8629f7d2e495f,0,569,1
4.856408,0.0,479.78515625,99.5230373361766,569,garbage truck,0.9736842001502076,9.942707000163864,cpp,mobilenet_v3_small,1099ae67474c4ca1a788f52effa48cad,0.3436554074287414,Complexity threshold selected its preferred feasible model.,1.7539079999551177,rule,50.0,2048.0,True,True,0be2554779cb63aa7570,0,569,1
4.903824,0.0,479.78515625,99.30592026541709,574,golf ball,0.9997044662015924,9.941364999804136,cpp,mobilenet_v3_small,6c7e67158111435ab1690563d0080fed,0.197446122765541,Complexity threshold selected its preferred feasible model.,1.928018999933556,rule,50.0,2048.0,True,True,187e3af108481037ef18,0,574,1
29.055751,0.0,479.78515625,99.52259108049408,854,theater curtain,0.1758891116692324,34.67970400015474,cpp,efficientnet_b0,824553788a1a4ef0bc1443125c5315f8,0.4460175037384033,Threshold preference was infeasible or unavailable; selected the highest-accuracy feasible profile.,1.8159169999307776,rule,50.0,2048.0,True,True,c855206e6d49ba4dd808,1,701,0
4.787806,0.0,479.7890625,99.386533794929,663,monastery,0.43443191769851,10.202355000046737,cpp,mobilenet_v3_small,0f0bd58d143843d6b6ecc745c98f930e,0.3864231407642364,Complexity threshold selected its preferred feasible model.,1.9589300000006915,rule,50.0,2048.0,True,True,13e3bcc97110094b8448,1,497,0
29.015961,0.0,479.7890625,99.5396095438443,491,chain saw,0.917896832014066,34.90146200010713,cpp,efficientnet_b0,effb3c71e67a4dd58e6b7043b6b4d6ad,0.4529488980770111,Threshold preference was infeasible or unavailable; selected the highest-accuracy feasible profile.,1.9853899998452107,rule,50.0,2048.0,True,True,b683b233630b42dc4774,1,491,1
28.655627,0.0,479.7890625,99.54916721244412,867,trailer truck,0.1789518679310277,33.85534600010942,cpp,efficientnet_b0,99d8cd911935450c82d2da21e85aa838,0.4038387835025787,Threshold preference was infeasible or unavailable; selected the highest-accuracy feasible profile.,1.724238999941008,rule,50.0,2048.0,True,True,45bd4d0f4d7478b0cee3,1,569,0
4.737969,0.0,479.7890625,99.37079896827652,481,cassette,0.4872942850333939,9.317053999893687,cpp,mobilenet_v3_small,e4099320694d4fc499b23d62c64e1cea,0.2940942645072937,Complexity threshold selected its preferred feasible model.,1.7220340000676515,rule,50.0,2048.0,True,True,b46523267235e8ce5297,1,482,0
4.730681,0.0,479.79296875,99.46801436913854,569,garbage truck,0.6580952102416495,9.512287000006836,cpp,mobilenet_v3_small,ceb5fc254dce4183832935de1e4370d9,0.3871074020862579,Complexity threshold selected its preferred feasible model.,1.754951000066285,rule,50.0,2048.0,True,True,f04e6a8cd69749d35aab,1,569,1
5.401705,0.0,479.79296875,99.36844316179702,701,parachute,0.9694100204551596,11.636323999937304,cpp,mobilenet_v3_small,58e14cb3b3db4303aa0c4b0b8df23dd7,0.3760958909988403,Complexity threshold selected its preferred feasible model.,2.280197999880329,rule,50.0,2048.0,True,True,417536921c3e9bb251be,1,701,1
31.705592,0.0,479.79296875,99.34627722336975,566,French horn,0.6717550843116976,38.49919399999635,cpp,efficientnet_b0,6ea35c6f2f39479790dceee6863100c8,0.424345850944519,Threshold preference was infeasible or unavailable; selected the highest-accuracy feasible profile.,1.9747909998386604,rule,50.0,2048.0,True,True,5930368dd828c298772d,1,566,1
4.817591,0.0,479.79296875,99.51215538661386,844,switch,0.3237283886630832,10.852020999891463,cpp,mobilenet_v3_small,b276620b39b4474d9c11fd1906dad8eb,0.3388957381248474,Complexity threshold selected its preferred feasible model.,2.052181999943059,rule,50.0,2048.0,True,True,91bd6a57b11a9ffdc7f7,1,482,0
5.107032,0.0,479.79296875,99.29515060015648,663,monastery,0.5785628468160603,10.326745000156734,cpp,mobilenet_v3_small,44642dd5ccc3478fb841df64de6c7019,0.3537954688072204,Complexity threshold selected its preferred feasible model.,1.9092320001163896,rule,50.0,2048.0,True,True,44d0e6aade6060dd3a4c,1,497,0
31.081882,0.0,479.79296875,96.27133663815358,569,garbage truck,0.6317151828702227,36.75620099988919,cpp,efficientnet_b0,2a98f205f35c44deb1f7d4649291246e,0.4671176075935364,Threshold preference was infeasible or unavailable; selected the highest-accuracy feasible profile.,2.08103799991477,rule,50.0,2048.0,True,True,2eeed640e4c9f230923b,1,569,1
4.780431,0.0,479.79296875,97.21251387778652,701,parachute,0.9991826182515902,10.121019000052913,cpp,mobilenet_v3_small,f91ab022e2954353a6b66a0bb21a9eaf,0.3276153802871704,Complexity threshold selected its preferred feasible model.,1.863544000116235,rule,50.0,2048.0,True,True,b0bfa88a566c909ba480,1,701,1
5.035566,0.0,479.79296875,97.03165381768945,574,golf ball,0.994480320376245,9.818025999948077,cpp,mobilenet_v3_small,9b90b219bfef437d950cb1484e322c6f,0.2551495432853699,Complexity threshold selected its preferred feasible model.,1.8099549999988085,rule,50.0,2048.0,True,True,e1faca667619e6e13dea,1,574,1
4.972519,0.0,479.796875,97.12472036234084,482,cassette player,0.386667270163702,9.438595000119676,cpp,mobilenet_v3_small,44e956f20e5a4183842ee58270ba2712,0.3884414136409759,Complexity threshold selected its preferred feasible model.,1.688001000047734,rule,50.0,2048.0,True,True,ba3f10e49fa71222a167,1,482,1
33.799688,0.0,479.796875,96.46231470723744,571,gas pump,0.195241159287974,39.98436500000935,cpp,efficientnet_b0,f9ec3a57f1904eb8a3fdd175e3ffc73f,0.400130420923233,Threshold preference was infeasible or unavailable; selected the highest-accuracy feasible profile.,2.0175189999918075,rule,50.0,2048.0,True,True,66ea92408bb1d45e8a80,1,571,1
7.570059,0.0,479.796875,95.641809912657,856,thresher,0.7002647793086434,14.296140999931596,cpp,mobilenet_v3_small,b6c4fc53535f48eba4f00d5ff663dd0b,0.3491328060626983,Complexity threshold selected its preferred feasible model.,2.1053749999282445,rule,50.0,2048.0,True,True,92770e44f32b0fb3805b,1,569,0
13.172847,0.0,479.796875,95.65097006279994,482,cassette player,0.247736669173771,22.03075199986415,cpp,mobilenet_v3_small,5078a284fc3b415288806225556d50c0,0.3488146364688873,Complexity threshold selected its preferred feasible model.,2.9623319999245723,rule,50.0,2048.0,True,True,9663eccdcbe0b346d2fb,1,482,1
12.486108,0.0,479.796875,88.8662618435201,569,garbage truck,0.6968233599676954,27.89974899997105,cpp,mobilenet_v3_small,9f45a1038f9b4bad8c938d8759160b70,0.3575295507907867,Complexity threshold selected its preferred feasible model.,6.519218000221372,rule,50.0,2048.0,True,True,344dee6d7742b737b6b8,1,569,1
11.171574,0.0,479.796875,95.66448861950202,522,croquet ball,0.4393907913941756,24.97190999997656,cpp,mobilenet_v3_small,13e8e09f0e954858870c9507bdc1b5af,0.3705009222030639,Complexity threshold selected its preferred feasible model.,4.43902100005289,rule,50.0,2048.0,True,True,5f27fa39b4d1da680538,1,574,0
11.137864,0.0,479.80078125,94.5365808076774,232,Border collie,0.2272443551445507,22.96336699987478,cpp,mobilenet_v3_small,9dc50237e0134765958dfc4c0b9d74db,0.3303617537021637,Complexity threshold selected its preferred feasible model.,4.423467999913555,rule,50.0,2048.0,True,True,4b193d510c7badf1e9d7,1,217,0
12.615261,0.0,479.8046875,93.77814099375564,0,tench,0.9976274975683465,24.9769079998714,cpp,mobilenet_v3_small,a01e47540a3a4cf69a3d43137c41cb8a,0.3931851387023926,Complexity threshold selected its preferred feasible model.,4.723054000123739,rule,50.0,2048.0,True,True,7c84bae86fda676d4554,1,0,1
54.648959,0.0,479.8046875,94.05490566855306,571,gas pump,0.942856909524976,71.10945199997332,cpp,efficientnet_b0,3c3989c3c9fb4bc094ba0742a60c2254,0.4299874007701874,Threshold preference was infeasible or unavailable; selected the highest-accuracy feasible profile.,6.147119999923234,rule,50.0,2048.0,True,False,184cfe80bff425a554eb,1,571,1
34.096006,0.0,479.8046875,93.32837824939858,574,golf ball,0.9964756411667182,42.23944499995014,cpp,efficientnet_b0,2966e1c6e1cb49a7a8375fb9bf8a5fe6,0.4162020087242126,Threshold preference was infeasible or unavailable; selected the highest-accuracy feasible profile.,3.295572000070024,rule,50.0,2048.0,True,True,470a9f15033b9d2fc3d8,1,574,1
41.563588,0.0,479.8046875,98.9189057700845,571,gas pump,0.8887432687558453,51.5106810000816,cpp,efficientnet_b0,68388ef5d1fe4d1ca7c8b2a20f12eedb,0.4506925046443939,Threshold preference was infeasible or unavailable; selected the highest-accuracy feasible profile.,2.7819920001093124,rule,50.0,2048.0,True,False,9fda59f5fd0df9879327,1,571,1
32.952807,0.0,479.80859375,99.48083736262764,571,gas pump,0.5939003303789452,38.59638299991275,cpp,efficientnet_b0,73b3ff027250455a9d66a00e4f892f80,0.4463847279548645,Threshold preference was infeasible or unavailable; selected the highest-accuracy feasible profile.,2.0059720000062957,rule,50.0,2048.0,True,True,17d5a963eb476a043cf3,1,571,1
35.814303,0.0,479.80859375,99.44902517876804,569,garbage truck,0.8217065787644043,41.55326000000059,cpp,efficientnet_b0,66a4cb2ac74743b58eee79da755e7fb7,0.4476467370986938,Threshold preference was infeasible or unavailable; selected the highest-accuracy feasible profile.,1.892544999918755,rule,50.0,2048.0,True,True,b25a98271d50629a4f1d,1,569,1
32.094439,0.0,479.80859375,99.5256709548382,569,garbage truck,0.8322463203073522,38.033723999888025,cpp,efficientnet_b0,d1da4b1e390641b0bf97f68da10d8065,0.4392241835594177,Threshold preference was infeasible or unavailable; selected the highest-accuracy feasible profile.,2.088016000016069,rule,50.0,2048.0,True,True,5986b7616a1228b54cf8,1,569,1
4.671761,0.0,479.8125,99.53211414166692,701,parachute,0.9997642845125476,9.88681299986638,cpp,mobilenet_v3_small,2433c405215142259a7f3b8809c30c31,0.3212895393371582,Complexity threshold selected its preferred feasible model.,1.9961800001055965,rule,50.0,2048.0,True,True,b3b7d952751637282f6b,1,701,1
29.54808,0.0,479.8125,99.36135417348795,566,French horn,0.7124146199834032,34.80583299983664,cpp,efficientnet_b0,99c9e367498b4363aa6a725dedc49118,0.4509162604808807,Threshold preference was infeasible or unavailable; selected the highest-accuracy feasible profile.,1.8736189999799533,rule,50.0,2048.0,True,True,95a6d8332e65a953f807,1,566,1
30.19741,0.0,479.81640625,99.36571526483704,406,altar,0.3593995135728637,36.39737599996806,cpp,efficientnet_b0,80626269ed6149278ff69c56b4d59c42,0.4621069431304931,Threshold preference was infeasible or unavailable; selected the highest-accuracy feasible profile.,2.10981800000809,rule,50.0,2048.0,True,True,298fb3d15c1c56aa6a1b,1,497,0
31.771934,0.0,479.81640625,99.40493619133396,574,golf ball,0.9126453913048326,37.34960799988585,cpp,efficientnet_b0,26ae326df57e431e9b8ff0d6bb97f911,0.4572982490062713,Threshold preference was infeasible or unavailable; selected the highest-accuracy feasible profile.,1.8281889999798293,rule,50.0,2048.0,True,True,dfafa0b6ed6c5146f025,1,574,1
5.288589,0.0,479.81640625,99.39210478995469,491,chain saw,0.999675761532608,12.520579000010912,cpp,mobilenet_v3_small,6d4a3064abca40f8b9da45a72ba35dad,0.3987435698509216,Complexity threshold selected its preferred feasible model.,2.3515020000104414,rule,50.0,2048.0,True,True,822ecb098d1efd5cc425,1,491,1
34.790083,0.0,479.81640625,99.36735021371912,491,chain saw,0.1247455730893374,44.210873999873,cpp,efficientnet_b0,ff9d5a3f1b254539aa35be6189249971,0.4275709092617035,Threshold preference was infeasible or unavailable; selected the highest-accuracy feasible profile.,2.97250499988877,rule,50.0,2048.0,True,True,3de5f3a0109d307875a8,1,491,1
31.717362,0.0,479.8203125,99.4217814153993,491,chain saw,0.9844051469516164,37.843647000045166,cpp,efficientnet_b0,b373fbf826ba468ca33e5e2959882420,0.4566319286823272,Threshold preference was infeasible or unavailable; selected the highest-accuracy feasible profile.,2.100409000149739,rule,50.0,2048.0,True,True,6d7204950e9ea9baf7eb,1,491,1
30.52297,0.0,479.8203125,99.47783386770207,566,French horn,0.4612762795041328,36.63891400015018,cpp,efficientnet_b0,3c0862b736414dc59d915549a3a88f59,0.4299238920211792,Threshold preference was infeasible or unavailable; selected the highest-accuracy feasible profile.,2.0011149999845657,rule,50.0,2048.0,True,True,a829012efaba7982ccf9,1,566,1
34.937577,0.0,479.8203125,99.45059245555616,491,chain saw,0.9988411521740908,40.76955300001828,cpp,efficientnet_b0,0f1f016ed6934a94b7f9a830357f2eca,0.4069598615169525,Threshold preference was infeasible or unavailable; selected the highest-accuracy feasible profile.,1.9678359999488748,rule,50.0,2048.0,True,True,a9ccf20cebb67562b233,1,491,1
31.362122,0.0,479.82421875,99.39760697198004,848,tape player,0.2822932474528776,39.42226899994239,cpp,efficientnet_b0,466a1675a0e641159452ed5ff24e3bde,0.4410563707351684,Threshold preference was infeasible or unavailable; selected the highest-accuracy feasible profile.,2.6054889999613806,rule,50.0,2048.0,True,True,441b74bb0600359a5ae1,1,482,0
31.678568,0.0,479.82421875,99.50764227890387,491,chain saw,0.6909075334726479,37.45041299998775,cpp,efficientnet_b0,4cfb044c8abc4082ac9b6138ea8246c6,0.46164071559906,Threshold preference was infeasible or unavailable; selected the highest-accuracy feasible profile.,1.958591999937198,rule,50.0,2048.0,True,True,8a58d7d2fbec5278ad37,1,491,1
5.181713,0.0,479.82421875,99.5009723812425,569,garbage truck,0.9736842001502076,10.532884000213016,cpp,mobilenet_v3_small,95ee992d5ba04174a958045bebba4e86,0.3436554074287414,Complexity threshold selected its preferred feasible model.,1.9540670000424143,rule,50.0,2048.0,True,True,0be2554779cb63aa7570,1,569,1
4.812661,0.0,479.82421875,99.3950382143076,569,garbage truck,0.9928520384760782,10.597033000067311,cpp,mobilenet_v3_small,4a6ff965f2ef470ab5346d399c5e2b95,0.357228547334671,Complexity threshold selected its preferred feasible model.,2.0290279999244376,rule,50.0,2048.0,True,True,ce8529c8eee748f146d3,1,569,1
5.171425,0.0,479.828125,99.6533670814802,400,academic gown,0.1963711158238826,10.56391299994175,cpp,mobilenet_v3_small,3f68931d7ef3427d96e680ff867081b2,0.3379197418689728,Complexity threshold selected its preferred feasible model.,1.9064030000208727,rule,50.0,2048.0,True,True,a5cb5dce8fea0d78d48b,1,574,0
29.851565,0.0,479.90234375,99.47089536712544,566,French horn,0.6333695182713329,36.611661999813805,cpp,efficientnet_b0,cb488aafb9504842b050c4d515e1223e,0.4488692283630371,Threshold preference was infeasible or unavailable; selected the highest-accuracy feasible profile.,2.300307000041357,rule,50.0,2048.0,True,True,4820256bcd3e9dc760e4,1,566,1
4.874964,0.0,480.109375,99.6749934188804,701,parachute,0.9996197023251672,10.203177999983382,cpp,mobilenet_v3_small,958f6d08a0d949f3b1341d45c09a4118,0.2886195480823517,Complexity threshold selected its preferred feasible model.,1.816888999883304,rule,50.0,2048.0,True,True,1ce9829c757e18582436,1,701,1
34.927023,0.0,480.22265625,99.04541164194802,217,English springer,0.7939496839736429,40.80722300000161,cpp,efficientnet_b0,a130273bee5049d683d9cd8fc271e200,0.406385987997055,Threshold preference was infeasible or unavailable; selected the highest-accuracy feasible profile.,1.8905619999713963,rule,50.0,2048.0,True,True,6f7809e7f2cc44bd0073,1,217,1
30.082279,0.0,480.19140625,89.19237837186874,884,vault,0.3657516089780934,44.00178100013363,cpp,efficientnet_b0,8f109b6dfdfb4371b29535c9d56b9c7d,0.4624062478542328,Threshold preference was infeasible or unavailable; selected the highest-accuracy feasible profile.,9.726043000000573,rule,50.0,2048.0,True,True,d4dcc887e7e10d2bf5fa,1,497,0
4.979571,0.0,480.22265625,99.36966907282192,574,golf ball,0.9999996653090328,10.873811999999816,cpp,mobilenet_v3_small,4734597cd3ee441ba43e40b2a8af5f52,0.3868842422962188,Complexity threshold selected its preferred feasible model.,2.3624760001439427,rule,50.0,2048.0,True,True,be5eaa3600e1cc67f394,1,574,1
4.99653,0.0,480.22265625,99.4988910082863,701,parachute,0.9544760323646558,10.371596000140926,cpp,mobilenet_v3_small,beed4b12104f41e98ef71f2e81c437a6,0.2955735623836517,Complexity threshold selected its preferred feasible model.,1.9345980001617136,rule,50.0,2048.0,True,True,383867303b559ef23d2d,1,701,1
4.822626,0.0,480.22265625,99.49549248508193,574,golf ball,0.9997044662015924,9.68726900009642,cpp,mobilenet_v3_small,e075139133474a248bc3258c960a1ede,0.197446122765541,Complexity threshold selected its preferred feasible model.,1.8572419999145493,rule,50.0,2048.0,True,True,187e3af108481037ef18,1,574,1
28.566141,0.0,480.22265625,99.5243129331342,491,chain saw,0.7879577220095718,34.86136399988027,cpp,efficientnet_b0,4f3959c809c5403883a0db55f20b6fe9,0.4497123062610626,Threshold preference was infeasible or unavailable; selected the highest-accuracy feasible profile.,2.1372759999849222,rule,50.0,2048.0,True,True,0038ddc45cbe29596ba9,1,491,1
29.669013,0.0,480.22265625,99.53719204225246,0,tench,0.9430619659826834,35.133147000124154,cpp,efficientnet_b0,b2115567c8334730bad151ad87cc2d25,0.4287274479866028,Threshold preference was infeasible or unavailable; selected the highest-accuracy feasible profile.,1.778184999920995,rule,50.0,2048.0,True,True,a2ebfa36b363d02c435f,1,0,1
5.09775,0.0,480.22265625,99.62713596931964,73,barn spider,0.4334660134851359,10.230539000076533,cpp,mobilenet_v3_small,4e023d5720c246a895e055765d507b84,0.3806670010089874,Complexity threshold selected its preferred feasible model.,1.906873000052656,rule,50.0,2048.0,True,True,8e0f259737a8cf29adcd,1,701,0
29.359218,0.0,480.22265625,99.55537176146836,389,barracouta,0.4154086674844612,35.28340899993054,cpp,efficientnet_b0,cb7b00743a154ed8bdc135ba96820f73,0.4414932429790497,Threshold preference was infeasible or unavailable; selected the highest-accuracy feasible profile.,2.0409500000369007,rule,50.0,2048.0,True,True,672289c345c6b157c122,1,0,0
4.833636,0.0,480.22265625,99.56284760456266,491,chain saw,0.9971914082173996,9.319861999983914,cpp,mobilenet_v3_small,aecd5b84dba946b9a2f0491bd89b9d0f,0.2714930176734924,Complexity threshold selected its preferred feasible model.,1.6827920001105667,rule,50.0,2048.0,True,True,97909eccc6227b59cdbd,1,491,1
34.209572,0.0,480.22265625,99.05479633562844,482,cassette player,0.6922640445988737,39.94133899982444,cpp,efficientnet_b0,1ddf70cac5ab4817a5951b6c9ad63f3f,0.4222639501094818,Threshold preference was infeasible or unavailable; selected the highest-accuracy feasible profile.,1.9042460000946448,rule,50.0,2048.0,True,True,ead41664127f392d4b3a,1,482,1
5.061181,0.0,480.2265625,99.45649819520398,574,golf ball,0.8303300836410683,10.618179999937638,cpp,mobilenet_v3_small,cbef25cc6fb4412f89817c0d8a3389eb,0.2333433926105499,Complexity threshold selected its preferred feasible model.,2.0518220001122245,rule,50.0,2048.0,True,True,e95f8f97b7e36d6619df,1,574,1
29.796889,0.0,480.2265625,99.44656136259805,574,golf ball,0.9275296557421668,35.801258999981656,cpp,efficientnet_b0,8b79fc775a0a48f48c4b7a8608da5c0a,0.4428637325763702,Threshold preference was infeasible or unavailable; selected the highest-accuracy feasible profile.,2.080959000068105,rule,50.0,2048.0,True,True,4b548c57634f96cce13f,1,574,1
4.795088,0.0,480.2265625,99.49776216766368,707,pay-phone,0.2157933159083242,9.681469000042853,cpp,mobilenet_v3_small,3bf1ebcacc9f472889460fd1bc314aa7,0.372204065322876,Complexity threshold selected its preferred feasible model.,1.8253250000270784,rule,50.0,2048.0,True,True,971fa9f2047ef0b7580b,1,571,0
29.684178,0.0,480.2265625,99.5615371710218,663,monastery,0.4982104244054411,35.15007200007858,cpp,efficientnet_b0,af6b3f0ceab3464783c537525451ae55,0.4545212984085083,Threshold preference was infeasible or unavailable; selected the highest-accuracy feasible profile.,1.8298190000223256,rule,50.0,2048.0,True,True,2620f63214c6d4d53a2e,1,497,0
5.038926,0.0,480.2265625,99.60518587568596,569,garbage truck,0.5083698992920235,10.164530000110972,cpp,mobilenet_v3_small,14e55c4872774b158ed53dd6b8ba0526,0.3921989202499389,Complexity threshold selected its preferred feasible model.,1.8890750000082333,rule,50.0,2048.0,True,True,cd042851c41a91dcb39d,1,569,1
32.489342,0.0,480.2265625,99.36266116887258,217,English springer,0.7629828901601037,38.47325600008844,cpp,efficientnet_b0,9c327c0bdb4b46ba85a7559dba5a3e33,0.4473113119602203,Threshold preference was infeasible or unavailable; selected the highest-accuracy feasible profile.,1.955371000121886,rule,50.0,2048.0,True,True,560c8d4bfd14be3e6a8a,1,217,1
30.822168,0.0,480.2265625,99.43520213101434,218,Welsh springer spaniel,0.5426130064714991,37.748726000018,cpp,efficientnet_b0,55e36a79604c413cb0072e745f4dd067,0.4084501266479492,Threshold preference was infeasible or unavailable; selected the highest-accuracy feasible profile.,2.678068000022904,rule,50.0,2048.0,True,True,71d33942636767e8ed5a,1,217,0
5.00813,0.0,480.2265625,99.4026768155068,0,tench,0.9048288077752856,11.03355800000827,cpp,mobilenet_v3_small,22721c2e06cb46a4b56bf2fbbea0c71c,0.3548454642295837,Complexity threshold selected its preferred feasible model.,2.424804000156655,rule,50.0,2048.0,True,True,f6ff97e8bae06024f9d5,1,0,1
4.898671,0.0,480.2265625,99.59306074183758,574,golf ball,0.9568963740172376,10.177685999906316,cpp,mobilenet_v3_small,55087bb504e74b198a48d7157d8d7c81,0.2582268714904785,Complexity threshold selected its preferred feasible model.,2.0007780001378705,rule,50.0,2048.0,True,True,71e9baf5ea98ffedf5a8,1,574,1
5.045746,0.0,480.2265625,99.45809972703152,701,parachute,0.9546257468146624,10.935775999996622,cpp,mobilenet_v3_small,e27bca4e97564a0e9eb338b50a738183,0.325042724609375,Complexity threshold selected its preferred feasible model.,2.3535580000952905,rule,50.0,2048.0,True,True,30fb16826a0b77fbdaf0,1,701,1
32.957188,0.0,480.2265625,99.3506726061666,217,English springer,0.5669017489253196,39.09152799997173,cpp,efficientnet_b0,73e954563d7c41cd9a757e516db3e910,0.4542423486709595,Threshold preference was infeasible or unavailable; selected the highest-accuracy feasible profile.,2.0917760000429557,rule,50.0,2048.0,True,True,073d0199c1f24a40dc5b,1,217,1
5.180531,0.0,480.2265625,99.27262745310406,574,golf ball,0.9897354315759668,11.85046099999454,cpp,mobilenet_v3_small,c469d68b393642efb9e29075c652d6c3,0.3763380348682403,Complexity threshold selected its preferred feasible model.,2.7229480001551565,rule,50.0,2048.0,True,True,b9dd47e849749a3e01ef,1,574,1
5.136624,0.0,480.2265625,99.43330362030272,497,church,0.6786071250248797,10.506155000030049,cpp,mobilenet_v3_small,2e330aefa0ba40ffab8b83de373e015a,0.3160988688468933,Complexity threshold selected its preferred feasible model.,2.067130000114048,rule,50.0,2048.0,True,True,050c33a7d7f32fd92ac6,1,497,1
30.697936,0.0,480.2265625,99.4603589653054,856,thresher,0.5454289032074301,37.624269999923854,cpp,efficientnet_b0,151b2d1c81074e7f94fa19acab7f0b81,0.4537008702754974,Threshold preference was infeasible or unavailable; selected the highest-accuracy feasible profile.,2.3973070001375163,rule,50.0,2048.0,True,True,5722417798e696c036a9,1,491,0
29.112023,0.0,480.2265625,99.5301878962871,491,chain saw,0.9578171073806132,35.33966000009059,cpp,efficientnet_b0,6caa286a587d479d882f7a165e50a09c,0.4259228408336639,Threshold preference was infeasible or unavailable; selected the highest-accuracy feasible profile.,1.908026999899448,rule,50.0,2048.0,True,True,0b8b19a751055a1ec8a0,1,491,1
29.195999,0.0,480.2265625,99.46269876564013,848,tape player,0.5703010512636835,35.03770099996473,cpp,efficientnet_b0,1be87f3430624ecaaad74208027811ec,0.4451096653938293,Threshold preference was infeasible or unavailable; selected the highest-accuracy feasible profile.,2.0151379999333585,rule,50.0,2048.0,True,True,9b619751b75c8a6ad1a0,1,482,0
31.36129,0.0,480.2265625,99.40235934764264,701,parachute,0.8802039689518798,42.11410299990348,cpp,efficientnet_b0,456bb3c22adc4ba3acbaf034f5b14fa7,0.4224415719509125,Threshold preference was infeasible or unavailable; selected the highest-accuracy feasible profile.,2.698916000099416,rule,50.0,2048.0,True,True,31d5325988db9f1c752b,1,701,1
5.350057,0.0,480.2265625,99.5937172823443,590,hand-held computer,0.4004814688046831,10.914320999972915,cpp,mobilenet_v3_small,a49cd40cf54d4d10be727c90749f4ce9,0.2990542650222778,Complexity threshold selected its preferred feasible model.,2.1209949998137745,rule,50.0,2048.0,True,True,b96089f5a0ee8958f842,1,482,0
30.674293,0.0,480.2265625,99.52808777893549,217,English springer,0.746417678188506,36.39723500009495,cpp,efficientnet_b0,f6de8f0cf0624002acaaa4b17539724d,0.4494682252407074,Threshold preference was infeasible or unavailable; selected the highest-accuracy feasible profile.,1.83864799987532,rule,50.0,2048.0,True,True,3fcb8614fa0697512341,1,217,1
30.699799,0.0,480.2265625,99.56784673180312,0,tench,0.9001128155163778,36.57058999988294,cpp,efficientnet_b0,23c3b198b7d44c0aa914166c188b1a38,0.4051744937896728,Threshold preference was infeasible or unavailable; selected the highest-accuracy feasible profile.,1.856595999925048,rule,50.0,2048.0,True,True,f164d1a7b2bfad695ace,1,0,1
30.783957,0.0,480.2265625,99.54537756607908,0,tench,0.1672900765569945,36.7276199999651,cpp,efficientnet_b0,a68e3c3b5c374c4e93bb35570a97f840,0.4401855766773224,Threshold preference was infeasible or unavailable; selected the highest-accuracy feasible profile.,2.008152999906088,rule,50.0,2048.0,True,True,f53fbb95080335df2c2d,1,0,1
5.022514,0.0,480.2265625,99.47314739957734,701,parachute,0.4260599249409807,10.567282000010891,cpp,mobilenet_v3_small,7f322793feb64390a0269d333659ab2f,0.3612437844276428,Complexity threshold selected its preferred feasible model.,1.9771849999870028,rule,50.0,2048.0,True,True,68ae5f6b4dfe6c710ddc,1,701,1
4.803114,0.0,480.23046875,99.45676826179113,232,Border collie,0.1046552488295859,10.057218000156354,cpp,mobilenet_v3_small,9776b8f4d58e4c16a83b5611c0824bbb,0.3964085876941681,Complexity threshold selected its preferred feasible model.,2.021489000071597,rule,50.0,2048.0,True,True,2a328ad9ed0463dd8e40,1,217,0
31.019415,0.0,480.23046875,99.535735226746,566,French horn,0.9783530126784424,37.33688399984203,cpp,efficientnet_b0,94f67495682046829119a87be931a9a6,0.4309717416763305,Threshold preference was infeasible or unavailable; selected the highest-accuracy feasible profile.,2.2083740000198304,rule,50.0,2048.0,True,True,e164986e7efd9a941c8e,1,566,1
5.324765,0.0,480.23046875,99.54761974612364,227,kelpie,0.2578671865305892,10.670226999991428,cpp,mobilenet_v3_small,9e6d2063d5884e9bb66cbdd6196550e5,0.3631918728351593,Complexity threshold selected its preferred feasible model.,1.9914990000415853,rule,50.0,2048.0,True,True,edec038dc21e45a32a00,1,217,0
5.28182,0.0,480.23046875,99.44718023080216,217,English springer,0.7260319279122938,11.022218000107388,cpp,mobilenet_v3_small,175d111dab56494da07cd8f1f06276de,0.3863670527935028,Complexity threshold selected its preferred feasible model.,2.289130999997724,rule,50.0,2048.0,True,True,c502624fc7bb3bb7c430,1,217,1
32.705784,0.0,480.23046875,99.54377709772858,571,gas pump,0.9763392621274848,38.889981000011176,cpp,efficientnet_b0,5fdd09426a754141a7acc5f3f554d720,0.431299090385437,Threshold preference was infeasible or unavailable; selected the highest-accuracy feasible profile.,2.1585449999292905,rule,50.0,2048.0,True,True,cabe8ff46702c50e9274,1,571,1
32.496015,0.0,480.234375,99.45992097073206,569,garbage truck,0.7788971453226762,38.67785800002821,cpp,efficientnet_b0,18f1aed6cb044311810447f01acfac25,0.4314498603343963,Threshold preference was infeasible or unavailable; selected the highest-accuracy feasible profile.,2.070454999966387,rule,50.0,2048.0,True,True,759cbbc8629f7d2e495f,1,569,1
29.036731,0.0,480.234375,99.41974902646608,482,cassette player,0.1105930690907843,34.98658500006968,cpp,efficientnet_b0,bf4cf48c8f8146c39ed29e3c4cc858bc,0.4111779034137726,Threshold preference was infeasible or unavailable; selected the highest-accuracy feasible profile.,2.0511050001914555,rule,50.0,2048.0,True,True,aca16af98b818790e01b,1,482,1
31.688901,0.0,480.234375,99.44893067993608,571,gas pump,0.4267589699664483,37.44193200009249,cpp,efficientnet_b0,59714cda4b7343328644e57cf31c514a,0.4730862379074096,Threshold preference was infeasible or unavailable; selected the highest-accuracy feasible profile.,1.896606999935102,rule,50.0,2048.0,True,True,0d1cfd3c9113ab92d8a9,1,571,1
28.901506,0.0,480.234375,99.47286228591707,0,tench,0.8186886922566283,34.95196699986991,cpp,efficientnet_b0,67b73dcf1d4c4f9ab6fc0e147119ab66,0.4279609024524688,Threshold preference was infeasible or unavailable; selected the highest-accuracy feasible profile.,2.0625110000764835,rule,50.0,2048.0,True,True,39bb040fb53a1d176cae,1,0,1
30.714305,0.0,480.234375,99.45742642953586,497,church,0.391276078834487,36.38824500012561,cpp,efficientnet_b0,2c6be6218df64a58a2bd68ebb9caa94c,0.4536961615085602,Threshold preference was infeasible or unavailable; selected the highest-accuracy feasible profile.,1.7377950000536655,rule,50.0,2048.0,True,True,a0917b15d44486760f0e,1,497,1
30.013877,0.0,480.23828125,99.61571327266178,701,parachute,0.8397617775259114,35.71525899997141,cpp,efficientnet_b0,02ef116aa4b1489abe1cde441c4865f1,0.454125165939331,Threshold preference was infeasible or unavailable; selected the highest-accuracy feasible profile.,2.0205400001032103,rule,50.0,2048.0,True,True,ddb3b09917f249dbe143,1,701,1
29.409475,0.0,480.23828125,99.46574543297916,566,French horn,0.90110999011866,35.67737399998805,cpp,efficientnet_b0,dcc8a3e0ed2c440f8d61ae4d315c974b,0.4504099488258362,Threshold preference was infeasible or unavailable; selected the highest-accuracy feasible profile.,2.317139999831852,rule,50.0,2048.0,True,True,1fe86a7b0db415dc071c,1,566,1
28.397818,0.0,480.2421875,99.50262165599608,0,tench,0.8876576835080553,34.352521000073466,cpp,efficientnet_b0,38f8435f409341f5af01d90253947b72,0.4437167048454284,Threshold preference was infeasible or unavailable; selected the highest-accuracy feasible profile.,1.9377040000563284,rule,50.0,2048.0,True,True,f5b6098226ef6b4d3008,1,0,1
4.475258,0.0,480.2421875,99.27238694651756,491,chain saw,0.251669982959622,11.072780999938914,cpp,mobilenet_v3_small,b8956b3e6ba743769d0a417f990487b4,0.2589328289031982,Complexity threshold selected its preferred feasible model.,2.193021000039153,rule,50.0,2048.0,True,True,e969791171f72413723a,1,491,1
4.873234,0.0,480.2421875,99.19847274637291,217,English springer,0.5586676246212985,10.459032999960982,cpp,mobilenet_v3_small,6dd2238424614f60ad88a4f3bad5e212,0.3245898187160492,Complexity threshold selected its preferred feasible model.,2.2655289999420347,rule,50.0,2048.0,True,True,2f0b56bb43b367cf0737,1,217,1
4.821369,0.0,480.24609375,99.2719809233064,497,church,0.7919017757483665,10.498626000071454,cpp,mobilenet_v3_small,8b28a636d3354e9d937a8aee57483574,0.3911303281784057,Complexity threshold selected its preferred feasible model.,2.231999000059659,rule,50.0,2048.0,True,True,42416e86d762cb8caf7a,1,497,1
4.812853,0.0,480.25,99.38105303055286,0,tench,0.9975248440699528,10.440636000112136,cpp,mobilenet_v3_small,ff3ee2679a9b4fd3852dd73439774fa0,0.3809593915939331,Complexity threshold selected its preferred feasible model.,2.2749479999220057,rule,50.0,2048.0,True,True,7bf919583e8a809b8724,1,0,1
4.92132,0.0,480.25,98.74934905556876,569,garbage truck,0.5097801949650608,10.219798000207447,cpp,mobilenet_v3_small,541ce2f86fa94310a70afa9b81c2f7df,0.3714280426502228,Complexity threshold selected its preferred feasible model.,2.0696930000667635,rule,50.0,2048.0,True,True,1718763bdc51740a7d7a,1,569,1
28.917189,0.0,480.25,99.43851004363547,569,garbage truck,0.4797635971650731,35.343642000043474,cpp,efficientnet_b0,126ac77317cf457e9d6a86ab87e2b769,0.420907199382782,Threshold preference was infeasible or unavailable; selected the highest-accuracy feasible profile.,2.3734970000077737,rule,50.0,2048.0,True,True,c10444f8b888582761a4,1,569,1
5.185526,0.0,480.25,99.25010379229798,571,gas pump,0.9997290856284924,10.31142700003329,cpp,mobilenet_v3_small,f7e1e6bc824b4302b72433616fb1b9f4,0.3769330084323883,Complexity threshold selected its preferred feasible model.,1.9673779997901877,rule,50.0,2048.0,True,True,90e1209a31015bd22730,1,571,1
5.070757,0.0,480.25390625,99.46144263473887,749,quill,0.2781236584435557,10.13281099994856,cpp,mobilenet_v3_small,4b64c1874aad4443ab8ce294c9461f50,0.3981295228004455,Complexity threshold selected its preferred feasible model.,2.0955160000539763,rule,50.0,2048.0,True,True,fa8dca38dfc9570aba66,1,482,0
5.455149,0.0,480.2578125,99.04416469135316,663,monastery,0.5503947837333284,11.325381999995445,cpp,mobilenet_v3_small,f75620ffd1414b70b6220ffc25c73099,0.3910107910633087,Complexity threshold selected its preferred feasible model.,2.129876000026343,rule,50.0,2048.0,True,True,ec65f302bff6f50bb8a2,1,497,0
33.48268,0.0,480.2578125,99.33188747216808,663,monastery,0.1619940777596531,38.99268300006042,cpp,efficientnet_b0,e67936da87304314b4dd2f4388786352,0.4408412575721741,Threshold preference was infeasible or unavailable; selected the highest-accuracy feasible profile.,1.963773999932528,rule,50.0,2048.0,True,True,119e22c1bc53d94525dc,1,497,0
5.404639,0.0,480.2578125,99.40678087296796,701,parachute,0.4462090784953996,11.38162900019779,cpp,mobilenet_v3_small,1fc81536b8394160bdae2955e3872a9d,0.3529438376426697,Complexity threshold selected its preferred feasible model.,2.305486000068413,rule,50.0,2048.0,True,True,a090cb4a0dea5c618439,1,701,1
28.912898,0.0,480.26171875,99.46270685871228,574,golf ball,0.9275296557421668,34.55655499988097,cpp,efficientnet_b0,e7c17c1386644ba380b361423d7dd128,0.4428637325763702,Threshold preference was infeasible or unavailable; selected the highest-accuracy feasible profile.,1.8600729999889156,rule,50.0,2048.0,True,True,4b548c57634f96cce13f,2,574,1
29.487954,0.0,480.26171875,99.58237900161082,571,gas pump,0.8887432687558453,35.426618999963466,cpp,efficientnet_b0,f601dacef298489d874fa0dd9da0d390,0.4506925046443939,Threshold preference was infeasible or unavailable; selected the highest-accuracy feasible profile.,1.9827420001092837,rule,50.0,2048.0,True,True,9fda59f5fd0df9879327,2,571,1
31.535653,0.0,480.26171875,99.42771075696156,497,church,0.391276078834487,37.42058799980441,cpp,efficientnet_b0,59fbddb8f41b44178218cc3538c7bdfe,0.4536961615085602,Threshold preference was infeasible or unavailable; selected the highest-accuracy feasible profile.,1.9957719998728864,rule,50.0,2048.0,True,True,a0917b15d44486760f0e,2,497,1
5.167772,0.0,480.265625,99.6739230174443,227,kelpie,0.2578671865305892,10.604550999914863,cpp,mobilenet_v3_small,e1e33b66fc664ab99d439b0f5b3bb5fd,0.3631918728351593,Complexity threshold selected its preferred feasible model.,2.1223869998721057,rule,50.0,2048.0,True,True,edec038dc21e45a32a00,2,217,0
5.16712,0.0,480.265625,99.57612278888598,574,golf ball,0.9897354315759668,11.475729000039792,cpp,mobilenet_v3_small,a8d51344c0424dd3899df9cb01964f1c,0.3763380348682403,Complexity threshold selected its preferred feasible model.,2.669584999921426,rule,50.0,2048.0,True,True,b9dd47e849749a3e01ef,2,574,1
4.849562,0.0,480.265625,99.43702968022968,663,monastery,0.43443191769851,10.675695999907475,cpp,mobilenet_v3_small,65b70bd9c5cc4502845ae34492bcdc8d,0.3864231407642364,Complexity threshold selected its preferred feasible model.,2.196347999870341,rule,50.0,2048.0,True,True,13e3bcc97110094b8448,2,497,0
5.218213,0.0,480.234375,74.71334561066053,701,parachute,0.9694100204551596,20.60974900018664,cpp,mobilenet_v3_small,adc6fedf4a4043e388335a034fb0796f,0.3760958909988403,Complexity threshold selected its preferred feasible model.,11.189325000032111,rule,50.0,2048.0,True,True,417536921c3e9bb251be,2,701,1
5.202532,0.0,480.265625,99.37102942191872,232,Border collie,0.1046552488295859,12.322197999992568,cpp,mobilenet_v3_small,0809b3c1c3e74650968d6057e7e48c13,0.3964085876941681,Complexity threshold selected its preferred feasible model.,2.986844999895766,rule,50.0,2048.0,True,True,2a328ad9ed0463dd8e40,2,217,0
30.334459,0.0,480.265625,99.46875943978964,571,gas pump,0.4267589699664483,36.74550000005184,cpp,efficientnet_b0,66ddcade503649fc8cf77d5febb7a007,0.4730862379074096,Threshold preference was infeasible or unavailable; selected the highest-accuracy feasible profile.,2.309878000005483,rule,50.0,2048.0,True,True,0d1cfd3c9113ab92d8a9,2,571,1
29.448786,0.0,480.265625,99.57000278633096,217,English springer,0.7629828901601037,35.46697399997356,cpp,efficientnet_b0,2b7eb52a71354803bfcf2186a4caf8bd,0.4473113119602203,Threshold preference was infeasible or unavailable; selected the highest-accuracy feasible profile.,2.061860000139859,rule,50.0,2048.0,True,True,560c8d4bfd14be3e6a8a,2,217,1
29.403639,0.0,480.265625,99.63597868124133,566,French horn,0.90110999011866,35.255077999863715,cpp,efficientnet_b0,7402b578b97e4c178692d929970c607b,0.4504099488258362,Threshold preference was infeasible or unavailable; selected the highest-accuracy feasible profile.,2.0115830000122514,rule,50.0,2048.0,True,True,1fe86a7b0db415dc071c,2,566,1
30.948564,0.0,480.265625,99.52959140276796,571,gas pump,0.5939003303789452,36.863696999944295,cpp,efficientnet_b0,e9a858731cda459b9df0d7ff6532032a,0.4463847279548645,Threshold preference was infeasible or unavailable; selected the highest-accuracy feasible profile.,2.0813639998777944,rule,50.0,2048.0,True,True,17d5a963eb476a043cf3,2,571,1
30.270391,0.0,480.265625,99.47539109177988,701,parachute,0.8802039689518798,39.76505099990391,cpp,efficientnet_b0,c5b262688c4e470e9436dc80aba75b84,0.4224415719509125,Threshold preference was infeasible or unavailable; selected the highest-accuracy feasible profile.,2.492102999894996,rule,50.0,2048.0,True,True,31d5325988db9f1c752b,2,701,1
31.771683,0.0,480.265625,99.45075192724693,867,trailer truck,0.1789518679310277,38.15652900016176,cpp,efficientnet_b0,913988c5f4434c2fa294ca9a7c6a1b5d,0.4038387835025787,Threshold preference was infeasible or unavailable; selected the highest-accuracy feasible profile.,2.3611050000909017,rule,50.0,2048.0,True,True,45bd4d0f4d7478b0cee3,2,569,0
30.602904,0.0,480.265625,99.55807307857576,566,French horn,0.6333695182713329,36.67325800006438,cpp,efficientnet_b0,082aadb29e4c46acbe6f4302da6bacc7,0.4488692283630371,Threshold preference was infeasible or unavailable; selected the highest-accuracy feasible profile.,2.225695999868549,rule,50.0,2048.0,True,True,4820256bcd3e9dc760e4,2,566,1
5.043288,0.0,480.265625,99.60328400778997,701,parachute,0.9544760323646558,10.631282999838731,cpp,mobilenet_v3_small,9f18ff669a314d6aad82ac6510c842f6,0.2955735623836517,Complexity threshold selected its preferred feasible model.,2.0251309999821387,rule,50.0,2048.0,True,True,383867303b559ef23d2d,2,701,1
5.397343,0.0,480.265625,99.70720209130896,569,garbage truck,0.9736842001502076,11.314630000015311,cpp,mobilenet_v3_small,be47207884f84f2b844013210a619559,0.3436554074287414,Complexity threshold selected its preferred feasible model.,2.3059370000737545,rule,50.0,2048.0,True,True,0be2554779cb63aa7570,2,569,1
30.594795,0.0,480.265625,99.592384971164,491,chain saw,0.9844051469516164,36.662288999878,cpp,efficientnet_b0,2387037f84fa40468af0f8b259178231,0.4566319286823272,Threshold preference was infeasible or unavailable; selected the highest-accuracy feasible profile.,2.091924000069412,rule,50.0,2048.0,True,True,6d7204950e9ea9baf7eb,2,491,1
32.139012,0.0,480.265625,99.46291457185409,389,barracouta,0.4154086674844612,38.555319000124655,cpp,efficientnet_b0,d01c8dfc35b6476793dc81a80b4a130f,0.4414932429790497,Threshold preference was infeasible or unavailable; selected the highest-accuracy feasible profile.,1.993877999893812,rule,50.0,2048.0,True,True,672289c345c6b157c122,2,0,0
30.143376,0.0,480.265625,99.47114210907608,571,gas pump,0.9763392621274848,36.70192000004136,cpp,efficientnet_b0,ff33744cd3254a729bc90bfddf2428b6,0.431299090385437,Threshold preference was infeasible or unavailable; selected the highest-accuracy feasible profile.,2.3845949999667937,rule,50.0,2048.0,True,True,cabe8ff46702c50e9274,2,571,1
31.91909,0.0,480.265625,99.4476389282148,491,chain saw,0.1247455730893374,38.44387499998447,cpp,efficientnet_b0,c984613efa954fa580c85a9ad4ae96d8,0.4275709092617035,Threshold preference was infeasible or unavailable; selected the highest-accuracy feasible profile.,2.256686000009722,rule,50.0,2048.0,True,True,3de5f3a0109d307875a8,2,491,1
5.111344,0.0,480.265625,99.59076426728996,701,parachute,0.9997642845125476,10.781561000158035,cpp,mobilenet_v3_small,4f172022fe5b4e5097554d0f6b5a1036,0.3212895393371582,Complexity threshold selected its preferred feasible model.,2.162735999945653,rule,50.0,2048.0,True,True,b3b7d952751637282f6b,2,701,1
29.776198,0.0,480.265625,99.30349630355516,701,parachute,0.8397617775259114,35.437284999943586,cpp,efficientnet_b0,a310902f5bb14dc9beb16e76797858ee,0.454125165939331,Threshold preference was infeasible or unavailable; selected the highest-accuracy feasible profile.,1.9818549999399693,rule,50.0,2048.0,True,True,ddb3b09917f249dbe143,2,701,1
4.781277,0.0,480.265625,99.64772919844768,491,chain saw,0.251669982959622,12.08473699989554,cpp,mobilenet_v3_small,d3887f31b6e8423a94aaea29e79394b1,0.2589328289031982,Complexity threshold selected its preferred feasible model.,2.5258150001263857,rule,50.0,2048.0,True,True,e969791171f72413723a,2,491,1
29.006891,0.0,480.265625,99.5901102230747,406,altar,0.3593995135728637,35.229471000093326,cpp,efficientnet_b0,a1af2bc0915446a7afaac0cc7a2206d1,0.4621069431304931,Threshold preference was infeasible or unavailable; selected the highest-accuracy feasible profile.,2.182980000043244,rule,50.0,2048.0,True,True,298fb3d15c1c56aa6a1b,2,497,0
5.165194,0.0,480.265625,99.60210898866865,701,parachute,0.4260599249409807,11.07564599988109,cpp,mobilenet_v3_small,0a5b70471f754053af6c367836e15b15,0.3612437844276428,Complexity threshold selected its preferred feasible model.,2.3010859999885724,rule,50.0,2048.0,True,True,68ae5f6b4dfe6c710ddc,2,701,1
29.367731,0.0,480.265625,99.58221355743338,0,tench,0.1672900765569945,34.64904199995544,cpp,efficientnet_b0,5d1b51f9680c483e90d1ee1584a84581,0.4401855766773224,Threshold preference was infeasible or unavailable; selected the highest-accuracy feasible profile.,1.753589000145439,rule,50.0,2048.0,True,True,f53fbb95080335df2c2d,2,0,1
5.097839,0.0,480.265625,99.46930893055536,400,academic gown,0.1963711158238826,10.546814000008451,cpp,mobilenet_v3_small,c0ccd6b6b9aa4716b56ef33f8a3254fa,0.3379197418689728,Complexity threshold selected its preferred feasible model.,2.044102000127168,rule,50.0,2048.0,True,True,a5cb5dce8fea0d78d48b,2,574,0
5.287456,0.0,480.265625,99.51194980468014,663,monastery,0.5503947837333284,10.685990999945716,cpp,mobilenet_v3_small,45e00bdcd18b49b2a058ba1d0be1d75c,0.3910107910633087,Complexity threshold selected its preferred feasible model.,2.0632569999179395,rule,50.0,2048.0,True,True,ec65f302bff6f50bb8a2,2,497,0
29.852883,0.0,480.265625,99.4946490634737,491,chain saw,0.9988411521740908,35.80877900003543,cpp,efficientnet_b0,a28e910187574196bb285245bb924957,0.4069598615169525,Threshold preference was infeasible or unavailable; selected the highest-accuracy feasible profile.,1.982293000082791,rule,50.0,2048.0,True,True,a9ccf20cebb67562b233,2,491,1
30.145651,0.0,480.265625,99.54609527644546,569,garbage truck,0.8217065787644043,35.73547299993152,cpp,efficientnet_b0,6e33b4e6d91b4bbfb87722c635b1f22f,0.4476467370986938,Threshold preference was infeasible or unavailable; selected the highest-accuracy feasible profile.,1.8171209999309208,rule,50.0,2048.0,True,True,b25a98271d50629a4f1d,2,569,1
28.836986,0.0,480.265625,99.57489715607598,217,English springer,0.746417678188506,34.30369900002006,cpp,efficientnet_b0,2ba854dc0fee4729b3c887fe06cd715b,0.4494682252407074,Threshold preference was infeasible or unavailable; selected the highest-accuracy feasible profile.,1.8276270000114887,rule,50.0,2048.0,True,True,3fcb8614fa0697512341,2,217,1
4.81378,0.0,480.265625,99.51108830764775,232,Border collie,0.2272443551445507,10.037600000032398,cpp,mobilenet_v3_small,22b7125e92ab4af1ab788074808ab844,0.3303617537021637,Complexity threshold selected its preferred feasible model.,2.0433249999314285,rule,50.0,2048.0,True,True,4b193d510c7badf1e9d7,2,217,0
31.87808,0.0,480.265625,99.4391474796584,491,chain saw,0.917896832014066,38.38602699988769,cpp,efficientnet_b0,a35c96681ab740bf99217116264c0b07,0.4529488980770111,Threshold preference was infeasible or unavailable; selected the highest-accuracy feasible profile.,2.294941999934963,rule,50.0,2048.0,True,True,b683b233630b42dc4774,2,491,1
29.665811,0.0,480.26953125,99.5131852579517,854,theater curtain,0.1758891116692324,36.42515000001367,cpp,efficientnet_b0,8bcb27371ea14973852e7c53b994e439,0.4460175037384033,Threshold preference was infeasible or unavailable; selected the highest-accuracy feasible profile.,2.539635000175622,rule,50.0,2048.0,True,True,c855206e6d49ba4dd808,2,701,0
5.0061,0.0,480.26953125,99.4997229695078,497,church,0.6786071250248797,10.36165899995467,cpp,mobilenet_v3_small,afc4c91919b448edafe938b381ee67bf,0.3160988688468933,Complexity threshold selected its preferred feasible model.,2.0787140001630178,rule,50.0,2048.0,True,True,050c33a7d7f32fd92ac6,2,497,1
4.895827,0.0,480.26953125,99.37089334563994,0,tench,0.9048288077752856,10.319077000076504,cpp,mobilenet_v3_small,9a931102629847e5b28fd321385d9f1e,0.3548454642295837,Complexity threshold selected its preferred feasible model.,2.075625000088621,rule,50.0,2048.0,True,True,f6ff97e8bae06024f9d5,2,0,1
29.114129,0.0,480.26953125,99.49748732329203,217,English springer,0.7939496839736429,35.13781999981802,cpp,efficientnet_b0,acd6edb149424dbb88a0559057e00b89,0.406385987997055,Threshold preference was infeasible or unavailable; selected the highest-accuracy feasible profile.,2.006416000085665,rule,50.0,2048.0,True,True,6f7809e7f2cc44bd0073,2,217,1
4.780343,0.0,480.26953125,99.522614822711,701,parachute,0.9991826182515902,10.1930270000139,cpp,mobilenet_v3_small,e538ff9925ea4ba1bbf7a8a71e2f92eb,0.3276153802871704,Complexity threshold selected its preferred feasible model.,2.0420109999577107,rule,50.0,2048.0,True,True,b0bfa88a566c909ba480,2,701,1
4.909024,0.0,480.26953125,99.7066548573287,590,hand-held computer,0.4004814688046831,9.927214000072128,cpp,mobilenet_v3_small,47370200bfbe4c19aa7c4f506d8f9def,0.2990542650222778,Complexity threshold selected its preferred feasible model.,1.9140340000376452,rule,50.0,2048.0,True,True,b96089f5a0ee8958f842,2,482,0
4.993755,0.0,480.26953125,99.53992157586774,701,parachute,0.9996197023251672,10.724476000177674,cpp,mobilenet_v3_small,d32d340b3ad346b6a556b1a238637f13,0.2886195480823517,Complexity threshold selected its preferred feasible model.,2.168936999851212,rule,50.0,2048.0,True,True,1ce9829c757e18582436,2,701,1
29.89668,0.0,480.2734375,99.52000868034754,569,garbage truck,0.6317151828702227,35.61314399985349,cpp,efficientnet_b0,355e1bd0dad347e58581a4f39820c5f5,0.4671176075935364,Threshold preference was infeasible or unavailable; selected the highest-accuracy feasible profile.,2.1016990001498925,rule,50.0,2048.0,True,True,2eeed640e4c9f230923b,2,569,1
30.637391,0.0,480.28125,99.49766273505492,0,tench,0.9430619659826834,37.10554899998897,cpp,efficientnet_b0,6ff4b3d79b0b40c8ab9c50d712e59d51,0.4287274479866028,Threshold preference was infeasible or unavailable; selected the highest-accuracy feasible profile.,2.443168999889167,rule,50.0,2048.0,True,True,a2ebfa36b363d02c435f,2,0,1
30.63645,0.0,480.28125,99.56699252435868,217,English springer,0.5669017489253196,36.64024499994412,cpp,efficientnet_b0,11ae90d03e1d4f968a06481a69820ccd,0.4542423486709595,Threshold preference was infeasible or unavailable; selected the highest-accuracy feasible profile.,2.149723999991693,rule,50.0,2048.0,True,True,073d0199c1f24a40dc5b,2,217,1
29.542105,0.0,480.28125,99.48062506892892,569,garbage truck,0.4797635971650731,35.51403599999503,cpp,efficientnet_b0,fa07710ccf1d4bdda003564282a9ec58,0.420907199382782,Threshold preference was infeasible or unavailable; selected the highest-accuracy feasible profile.,1.9440949999989243,rule,50.0,2048.0,True,True,c10444f8b888582761a4,2,569,1
4.811314,0.0,480.28515625,99.36302541538193,569,garbage truck,0.5083698992920235,10.159902999930637,cpp,mobilenet_v3_small,ad25215e73594be5bccc2860b9f0a419,0.3921989202499389,Complexity threshold selected its preferred feasible model.,1.9825850001780052,rule,50.0,2048.0,True,True,cd042851c41a91dcb39d,2,569,1
5.106518,0.0,480.28515625,99.47735318116564,574,golf ball,0.8303300836410683,10.734974000115471,cpp,mobilenet_v3_small,31aaa869ad0b4606aeda47f171416d53,0.2333433926105499,Complexity threshold selected its preferred feasible model.,2.1688440001526037,rule,50.0,2048.0,True,True,e95f8f97b7e36d6619df,2,574,1
5.25723,0.0,480.28515625,99.46130921264948,574,golf ball,0.9999996653090328,10.959533999994164,cpp,mobilenet_v3_small,accf601567e146b39c0e57799e84e2f6,0.3868842422962188,Complexity threshold selected its preferred feasible model.,2.155282000103398,rule,50.0,2048.0,True,True,be5eaa3600e1cc67f394,2,574,1
30.090726,0.0,480.28515625,99.4489468113355,566,French horn,0.7124146199834032,36.14025000001675,cpp,efficientnet_b0,59bdfd162e364466b6ed74848fdbd618,0.4509162604808807,Threshold preference was infeasible or unavailable; selected the highest-accuracy feasible profile.,2.316975999974602,rule,50.0,2048.0,True,True,95a6d8332e65a953f807,2,566,1
4.896084,0.0,480.28515625,99.56085058124177,482,cassette player,0.247736669173771,9.87408800006051,cpp,mobilenet_v3_small,db075d0366f44502bbb014c56b2df4b7,0.3488146364688873,Complexity threshold selected its preferred feasible model.,1.9066339998516924,rule,50.0,2048.0,True,True,9663eccdcbe0b346d2fb,2,482,1
29.898024,0.0,480.2890625,99.51460028923358,569,garbage truck,0.8322463203073522,35.915966999937154,cpp,efficientnet_b0,d3bfb95ff74547c3aeebe643a7207a59,0.4392241835594177,Threshold preference was infeasible or unavailable; selected the highest-accuracy feasible profile.,2.152894999881028,rule,50.0,2048.0,True,True,5986b7616a1228b54cf8,2,569,1
6.224452,0.0,480.2890625,99.58674153251732,217,English springer,0.7260319279122938,11.90731799988498,cpp,mobilenet_v3_small,639704645f8d4c6ea26b3681316e4e14,0.3863670527935028,Complexity threshold selected its preferred feasible model.,2.0206889998917177,rule,50.0,2048.0,True,True,c502624fc7bb3bb7c430,2,217,1
5.23331,0.0,480.29296875,99.4410111619586,217,English springer,0.5586676246212985,10.811485999965951,cpp,mobilenet_v3_small,df67084f55b94eaca8fc6a1c253360a2,0.3245898187160492,Complexity threshold selected its preferred feasible model.,2.2255760000007285,rule,50.0,2048.0,True,True,2f0b56bb43b367cf0737,2,217,1
5.359074,0.0,480.29296875,99.46842328270222,481,cassette,0.4872942850333939,10.731846999988193,cpp,mobilenet_v3_small,f9a6b7d43b854ad18c3b5ceec7e9e2b8,0.2940942645072937,Complexity threshold selected its preferred feasible model.,2.1637300001202675,rule,50.0,2048.0,True,True,b46523267235e8ce5297,2,482,0
5.223525,0.0,480.29296875,99.5303037855234,569,garbage truck,0.9928520384760782,11.04564999991453,cpp,mobilenet_v3_small,9822742ec7494a1da705977e62b0b405,0.357228547334671,Complexity threshold selected its preferred feasible model.,2.1160710000458494,rule,50.0,2048.0,True,True,ce8529c8eee748f146d3,2,569,1
5.522057,0.0,480.29296875,99.48453819423308,663,monastery,0.5785628468160603,10.98199700004443,cpp,mobilenet_v3_small,522174a12b8947edaac44baad20d0668,0.3537954688072204,Complexity threshold selected its preferred feasible model.,1.9985510000424256,rule,50.0,2048.0,True,True,44d0e6aade6060dd3a4c,2,497,0
30.931189,0.0,480.29296875,99.45631520205508,574,golf ball,0.9126453913048326,37.08141199990678,cpp,efficientnet_b0,2de193c73542442dabf12d0ca847d89b,0.4572982490062713,Threshold preference was infeasible or unavailable; selected the highest-accuracy feasible profile.,2.216016999909698,rule,50.0,2048.0,True,True,dfafa0b6ed6c5146f025,2,574,1
5.008348,0.0,480.30078125,99.51767060990623,482,cassette player,0.386667270163702,10.011001000066244,cpp,mobilenet_v3_small,63271afa545f43c5a9cc1035a17adf39,0.3884414136409759,Complexity threshold selected its preferred feasible model.,2.0364489998883077,rule,50.0,2048.0,True,True,ba3f10e49fa71222a167,2,482,1
5.303226,0.0,480.3046875,99.57146984987892,701,parachute,0.9546257468146624,10.769604000188338,cpp,mobilenet_v3_small,f785faef9a864ac8a64ded9577b04193,0.325042724609375,Complexity threshold selected its preferred feasible model.,2.024574999950346,rule,50.0,2048.0,True,True,30fb16826a0b77fbdaf0,2,701,1
31.630725,0.0,480.3046875,99.51645960153384,566,French horn,0.6717550843116976,38.35026000001562,cpp,efficientnet_b0,bea88744ea4240c4a4e070d362f19330,0.424345850944519,Threshold preference was infeasible or unavailable; selected the highest-accuracy feasible profile.,2.4515879999853496,rule,50.0,2048.0,True,True,5930368dd828c298772d,2,566,1
5.370407,0.0,480.3046875,99.60283872071504,844,switch,0.3237283886630832,12.172384999985296,cpp,mobilenet_v3_small,21950fae829d4c929acb16d462b4e3ab,0.3388957381248474,Complexity threshold selected its preferred feasible model.,2.485454999941794,rule,50.0,2048.0,True,True,91bd6a57b11a9ffdc7f7,2,482,0
5.446489,0.0,480.3046875,99.55642258926773,574,golf ball,0.994480320376245,10.666233000165448,cpp,mobilenet_v3_small,646acf8ce3fb490fb2e21ac9fe7377b7,0.2551495432853699,Complexity threshold selected its preferred feasible model.,2.1535259998017864,rule,50.0,2048.0,True,True,e1faca667619e6e13dea,2,574,1
31.167587,0.0,480.3046875,99.5132918079788,848,tape player,0.5703010512636835,37.448517000029824,cpp,efficientnet_b0,2a61f9a1e3dc44398ed281dd747b0760,0.4451096653938293,Threshold preference was infeasible or unavailable; selected the highest-accuracy feasible profile.,2.1981180000238965,rule,50.0,2048.0,True,True,9b619751b75c8a6ad1a0,2,482,0
5.459501,0.0,480.3046875,99.51393443197914,707,pay-phone,0.2157933159083242,10.78167300011046,cpp,mobilenet_v3_small,611dfefa6e924a738187a3df1335ee70,0.372204065322876,Complexity threshold selected its preferred feasible model.,2.0208720000027824,rule,50.0,2048.0,True,True,971fa9f2047ef0b7580b,2,571,0
5.778586,0.0,480.30859375,99.37360199915328,73,barn spider,0.4334660134851359,11.724335000053545,cpp,mobilenet_v3_small,35386e3fdb8840c89c2dec849a5465fc,0.3806670010089874,Complexity threshold selected its preferred feasible model.,2.3551040001166257,rule,50.0,2048.0,True,True,8e0f259737a8cf29adcd,2,701,0
35.191688,0.0,480.453125,99.1157129193987,491,chain saw,0.9578171073806132,43.79969000001438,cpp,efficientnet_b0,1b1650f098134e2789f7f0940868e43f,0.4259228408336639,Threshold preference was infeasible or unavailable; selected the highest-accuracy feasible profile.,2.6669930000480235,rule,50.0,2048.0,True,True,0b8b19a751055a1ec8a0,2,491,1
5.132651,0.0,480.453125,99.3445193255023,0,tench,0.9975248440699528,10.59390499995061,cpp,mobilenet_v3_small,787f546dcd474c06bfe9e22ffe5615ca,0.3809593915939331,Complexity threshold selected its preferred feasible model.,2.1611059999031568,rule,50.0,2048.0,True,True,7bf919583e8a809b8724,2,0,1
5.563949,0.0,480.45703125,99.34813743197304,0,tench,0.9976274975683465,11.559951999970508,cpp,mobilenet_v3_small,4d3df26266aa4d5ba375815ff9b319b7,0.3931851387023926,Complexity threshold selected its preferred feasible model.,2.3928260000047885,rule,50.0,2048.0,True,True,7c84bae86fda676d4554,2,0,1
5.627313,0.0,480.45703125,99.60590080195422,749,quill,0.2781236584435557,11.285991000022475,cpp,mobilenet_v3_small,4ea8ae7dbe2c4d5e9bc56ffe113dded1,0.3981295228004455,Complexity threshold selected its preferred feasible model.,2.2708829999373847,rule,50.0,2048.0,True,True,fa8dca38dfc9570aba66,2,482,0
31.55077,0.0,480.65234375,99.54212996102554,569,garbage truck,0.7788971453226762,38.0732490000355,cpp,efficientnet_b0,172e875d32d246709b6e4363c4477a34,0.4314498603343963,Threshold preference was infeasible or unavailable; selected the highest-accuracy feasible profile.,2.3717199999282457,rule,50.0,2048.0,True,True,759cbbc8629f7d2e495f,2,569,1
30.987601,0.0,480.7421875,99.54385016605237,663,monastery,0.4982104244054411,37.503027999946426,cpp,efficientnet_b0,74ca3575fc91494584b2929310f45c46,0.4545212984085083,Threshold preference was infeasible or unavailable; selected the highest-accuracy feasible profile.,2.361508999911166,rule,50.0,2048.0,True,True,2620f63214c6d4d53a2e,2,497,0
5.361737,0.0,481.0078125,99.53171587489037,574,golf ball,0.9568963740172376,10.862635999956185,cpp,mobilenet_v3_small,22a11de3f88649ce8cbdc757ca4b7d7e,0.2582268714904785,Complexity threshold selected its preferred feasible model.,1.974705000066024,rule,50.0,2048.0,True,True,71e9baf5ea98ffedf5a8,2,574,1
30.730268,0.0,481.33984375,99.50139680432964,566,French horn,0.4612762795041328,37.61728800009223,cpp,efficientnet_b0,5f67b6239e3f440e993ab8c32a8c6d02,0.4299238920211792,Threshold preference was infeasible or unavailable; selected the highest-accuracy feasible profile.,2.3507900000367954,rule,50.0,2048.0,True,True,a829012efaba7982ccf9,2,566,1
30.318606,0.0,481.31640625,90.33092941227878,0,tench,0.9001128155163778,44.13400399994316,cpp,efficientnet_b0,4df05b8a186c4809a427d30e52f9434c,0.4051744937896728,Threshold preference was infeasible or unavailable; selected the highest-accuracy feasible profile.,9.53287399988767,rule,50.0,2048.0,True,True,f164d1a7b2bfad695ace,2,0,1
5.54842,0.0,481.34765625,99.30445726769194,491,chain saw,0.9971914082173996,12.026291999973182,cpp,mobilenet_v3_small,f42d4fbb35924a86a0e1df4b92d98cc1,0.2714930176734924,Complexity threshold selected its preferred feasible model.,2.815554999870073,rule,50.0,2048.0,True,True,97909eccc6227b59cdbd,2,491,1
4.90761,0.0,481.34765625,99.37919803950744,491,chain saw,0.999675761532608,12.591294000003472,cpp,mobilenet_v3_small,9788240ec5e1470f98cef8ddb901390a,0.3987435698509216,Complexity threshold selected its preferred feasible model.,2.7315560000715777,rule,50.0,2048.0,True,True,822ecb098d1efd5cc425,2,491,1
5.070616,0.0,481.34765625,99.37783116677554,569,garbage truck,0.6968233599676954,11.35993899993082,cpp,mobilenet_v3_small,b4b6bfdb6f1741a2ae759b4d1876f7c7,0.3575295507907867,Complexity threshold selected its preferred feasible model.,2.4478240000007645,rule,50.0,2048.0,True,True,344dee6d7742b737b6b8,2,569,1
5.194311,0.0,481.34765625,99.30921653731822,701,parachute,0.4462090784953996,11.048759000004791,cpp,mobilenet_v3_small,4aea78cc5feb4edca3c3d7262784e64a,0.3529438376426697,Complexity threshold selected its preferred feasible model.,2.237100999991526,rule,50.0,2048.0,True,True,a090cb4a0dea5c618439,2,701,1
29.104555,0.0,481.34765625,99.28183587828435,491,chain saw,0.7879577220095718,36.24867799999265,cpp,efficientnet_b0,85c9065e83db49edb796c5a8e2ba5916,0.4497123062610626,Threshold preference was infeasible or unavailable; selected the highest-accuracy feasible profile.,2.228768999884778,rule,50.0,2048.0,True,True,0038ddc45cbe29596ba9,2,491,1
4.981447,0.0,481.34765625,99.27131791686053,856,thresher,0.7002647793086434,10.399597000059655,cpp,mobilenet_v3_small,7512e87103374fc5ae17fab01566243f,0.3491328060626983,Complexity threshold selected its preferred feasible model.,2.0244759998604422,rule,50.0,2048.0,True,True,92770e44f32b0fb3805b,2,569,0
29.472524,0.0,481.34765625,99.18988089364969,566,French horn,0.9783530126784424,35.5373669999608,cpp,efficientnet_b0,ce6795ad994a415e9ba091424830f0b4,0.4309717416763305,Threshold preference was infeasible or unavailable; selected the highest-accuracy feasible profile.,2.0690890000878426,rule,50.0,2048.0,True,True,e164986e7efd9a941c8e,2,566,1
30.621437,0.0,481.34765625,99.33640690744495,571,gas pump,0.195241159287974,36.849389000053634,cpp,efficientnet_b0,86e1a57bec7b470e97dec94cb074ffb1,0.400130420923233,Threshold preference was infeasible or unavailable; selected the highest-accuracy feasible profile.,2.1753710000211868,rule,50.0,2048.0,True,True,66ea92408bb1d45e8a80,2,571,1
5.085948,0.0,481.34765625,99.41854964639224,522,croquet ball,0.4393907913941756,11.658777000093323,cpp,mobilenet_v3_small,4865b25a9ec24f559665c3c2f2a04660,0.3705009222030639,Complexity threshold selected its preferred feasible model.,2.3135450001063878,rule,50.0,2048.0,True,True,5f27fa39b4d1da680538,2,574,0
30.742383,0.0,481.34765625,99.49207639269358,0,tench,0.8186886922566283,36.98568000004343,cpp,efficientnet_b0,c1d8dc6109224bcbb4672d6eab258b53,0.4279609024524688,Threshold preference was infeasible or unavailable; selected the highest-accuracy feasible profile.,2.1746089998941898,rule,50.0,2048.0,True,True,39bb040fb53a1d176cae,2,0,1
32.107062,0.0,481.34765625,99.45308633577892,856,thresher,0.5454289032074301,38.235650999922655,cpp,efficientnet_b0,d2cdc89d069a4b31bde6bf85affa2dcb,0.4537008702754974,Threshold preference was infeasible or unavailable; selected the highest-accuracy feasible profile.,1.9491350001317187,rule,50.0,2048.0,True,True,5722417798e696c036a9,2,491,0
30.223934,0.0,481.34765625,99.54529603954764,574,golf ball,0.9964756411667182,37.39466000001812,cpp,efficientnet_b0,9a7b329015c64fb2b2921dd1e4e83b38,0.4162020087242126,Threshold preference was infeasible or unavailable; selected the highest-accuracy feasible profile.,2.6708150001013564,rule,50.0,2048.0,True,True,470a9f15033b9d2fc3d8,2,574,1
29.937134,0.0,481.34765625,99.47904132204546,491,chain saw,0.6909075334726479,35.94680500009417,cpp,efficientnet_b0,3bbb63298b604b4987b26fe429efb2bc,0.46164071559906,Threshold preference was infeasible or unavailable; selected the highest-accuracy feasible profile.,2.1920780000073137,rule,50.0,2048.0,True,True,8a58d7d2fbec5278ad37,2,491,1
32.609712,0.0,481.3515625,99.33370074286093,884,vault,0.3657516089780934,38.852211999937936,cpp,efficientnet_b0,af51331b5def424587f4b5169a943e76,0.4624062478542328,Threshold preference was infeasible or unavailable; selected the highest-accuracy feasible profile.,2.2042630000669305,rule,50.0,2048.0,True,True,d4dcc887e7e10d2bf5fa,2,497,0
5.590124,0.0,481.3515625,99.49957590534156,574,golf ball,0.9997044662015924,11.29701800005023,cpp,mobilenet_v3_small,1fd06e860dd0452da4021b8a164a9b66,0.197446122765541,Complexity threshold selected its preferred feasible model.,2.180495999937193,rule,50.0,2048.0,True,True,187e3af108481037ef18,2,574,1
31.296671,0.0,481.3515625,99.4331779115367,848,tape player,0.2822932474528776,38.893508999990445,cpp,efficientnet_b0,73f2b2d5738b40828763eed1e0ff4a0a,0.4410563707351684,Threshold preference was infeasible or unavailable; selected the highest-accuracy feasible profile.,2.7425079999829904,rule,50.0,2048.0,True,True,441b74bb0600359a5ae1,2,482,0
30.582307,0.0,481.3515625,99.15332766505016,663,monastery,0.1619940777596531,36.34723700020004,cpp,efficientnet_b0,80bb8b50ea69464d8ce8d925dbf5adee,0.4408412575721741,Threshold preference was infeasible or unavailable; selected the highest-accuracy feasible profile.,2.1511649999865767,rule,50.0,2048.0,True,True,119e22c1bc53d94525dc,2,497,0
28.991051,0.0,481.3515625,99.41093285778854,571,gas pump,0.942856909524976,35.26236399989102,cpp,efficientnet_b0,bb0d02b886814e5dbe45b8c8722bdec2,0.4299874007701874,Threshold preference was infeasible or unavailable; selected the highest-accuracy feasible profile.,2.2918019999451644,rule,50.0,2048.0,True,True,184cfe80bff425a554eb,2,571,1
29.231908,0.0,481.3515625,99.49593528107816,0,tench,0.8876576835080553,35.489291999965644,cpp,efficientnet_b0,d20004cb7cd64c8291259e3dd65f77b7,0.4437167048454284,Threshold preference was infeasible or unavailable; selected the highest-accuracy feasible profile.,2.0890369999051472,rule,50.0,2048.0,True,True,f5b6098226ef6b4d3008,2,0,1
4.7463,0.0,481.3515625,99.5929960202332,569,garbage truck,0.5097801949650608,9.85371199999463,cpp,mobilenet_v3_small,c49402f9f0cc40219677ab0299d04371,0.3714280426502228,Complexity threshold selected its preferred feasible model.,1.847056000087832,rule,50.0,2048.0,True,True,1718763bdc51740a7d7a,2,569,1
4.95288,0.0,481.3515625,99.3742769560546,497,church,0.7919017757483665,10.829232000105549,cpp,mobilenet_v3_small,6f336e36a4184923934fe66a8746f373,0.3911303281784057,Complexity threshold selected its preferred feasible model.,2.319438999847989,rule,50.0,2048.0,True,True,42416e86d762cb8caf7a,2,497,1
5.104676,0.0,481.3515625,99.3596511975491,569,garbage truck,0.6580952102416495,10.51833000019542,cpp,mobilenet_v3_small,7cc5404b24964ef98f71807462829759,0.3871074020862579,Complexity threshold selected its preferred feasible model.,2.0207180000397784,rule,50.0,2048.0,True,True,f04e6a8cd69749d35aab,2,569,1
31.337349,0.0,481.3515625,99.38123685515626,482,cassette player,0.6922640445988737,37.51500099997429,cpp,efficientnet_b0,36868a2eb4e648f8b7b5465452259252,0.4222639501094818,Threshold preference was infeasible or unavailable; selected the highest-accuracy feasible profile.,2.154673000177354,rule,50.0,2048.0,True,True,ead41664127f392d4b3a,2,482,1
5.071352,0.0,481.3515625,99.56902476720828,571,gas pump,0.9997290856284924,10.031899000068734,cpp,mobilenet_v3_small,2d496f33033a4cd0adbe9e50b3e4879c,0.3769330084323883,Complexity threshold selected its preferred feasible model.,1.9276890000128333,rule,50.0,2048.0,True,True,90e1209a31015bd22730,2,571,1
30.703254,0.0,481.3515625,99.33895472105635,218,Welsh springer spaniel,0.5426130064714991,36.94935999988047,cpp,efficientnet_b0,5ab092c601de4cfe8190cce1150e6e8b,0.4084501266479492,Threshold preference was infeasible or unavailable; selected the highest-accuracy feasible profile.,2.1580919999451,rule,50.0,2048.0,True,True,71d33942636767e8ed5a,2,217,0
31.508914,0.0,481.35546875,99.43517590757531,482,cassette player,0.1105930690907843,37.64216199988368,cpp,efficientnet_b0,aa74eedae3334f47a9489826543c5c37,0.4111779034137726,Threshold preference was infeasible or unavailable; selected the highest-accuracy feasible profile.,2.12851900005262,rule,50.0,2048.0,True,True,aca16af98b818790e01b,2,482,1
7.012383,0.0,472.84375,96.83087185770675,491,chain saw,0.251669982959622,17.911614000013287,cpp,mobilenet_v3_small,73f8848bc8314534b753dee6817caf0a,0.2589328289031982,Learned utility selected the highest-scoring feasible model.,3.364705999956641,learned,50.0,2048.0,True,True,e969791171f72413723a,0,491,1
7.028509,0.0,472.875,97.25357848788896,0,tench,0.9996678401020548,13.59554600003321,cpp,mobilenet_v3_small,bcb3ff1f7a3c4d229417caa41e357570,0.4051744937896728,Learned utility selected the highest-scoring feasible model.,2.189647000022888,learned,50.0,2048.0,True,True,f164d1a7b2bfad695ace,0,0,1
6.942613,0.0,472.875,98.17052669459216,663,monastery,0.5785628468160603,13.416702999847985,cpp,mobilenet_v3_small,4ea9ce49c77746e9b671a686ca656a18,0.3537954688072204,Learned utility selected the highest-scoring feasible model.,2.1754120000423427,learned,50.0,2048.0,True,True,44d0e6aade6060dd3a4c,0,497,0
10.09939,0.0,472.875,96.679998801285,675,moving van,0.5434645453746406,18.78643899999588,cpp,mobilenet_v3_small,1246bee47b7e475494ac2b5ea1f1af03,0.4476467370986938,Learned utility selected the highest-scoring feasible model.,3.4206059999633,learned,50.0,2048.0,True,True,b25a98271d50629a4f1d,0,569,0
6.337058,0.0,472.8828125,99.40525746825946,566,French horn,0.6595821624205583,12.483384999995906,cpp,mobilenet_v3_small,dca28ed7c4e34a7985e36b1a2ea55839,0.4488692283630371,Learned utility selected the highest-scoring feasible model.,2.1162949999506964,learned,50.0,2048.0,True,True,4820256bcd3e9dc760e4,0,566,1
6.886653,0.0,472.8828125,99.51328189377044,491,chain saw,0.5559572843536429,13.847234999957436,cpp,mobilenet_v3_small,55cfe11a3efe4f2387c6803941ac97e9,0.4529488980770111,Learned utility selected the highest-scoring feasible model.,2.5840660000540083,learned,50.0,2048.0,True,True,b683b233630b42dc4774,0,491,1
9.114206,0.0,472.8828125,99.19540321239012,232,Border collie,0.2272443551445507,17.122737999898163,cpp,mobilenet_v3_small,95b49c06af7741d4b88658de178c7bb9,0.3303617537021637,Learned utility selected the highest-scoring feasible model.,2.6370460000180174,learned,50.0,2048.0,True,True,4b193d510c7badf1e9d7,0,217,0
7.565122,0.0,472.9296875,99.27284393495638,482,cassette player,0.6060792280018127,15.192336999916732,cpp,mobilenet_v3_small,1aa9bdcbee2e4af38492530fb9bb4b8d,0.4222639501094818,Learned utility selected the highest-scoring feasible model.,2.7217530000598344,learned,50.0,2048.0,True,True,ead41664127f392d4b3a,0,482,1
6.82176,0.0,473.2890625,99.38573650414864,491,chain saw,0.9999988317844206,13.895176999994874,cpp,mobilenet_v3_small,680b4b2c3713475a8f6e6d5119ed9a1b,0.4069598615169525,Learned utility selected the highest-scoring feasible model.,2.4508230001174525,learned,50.0,2048.0,True,True,a9ccf20cebb67562b233,0,491,1
6.630091,0.0,473.6328125,97.52649578812915,739,potter's wheel,0.2081629327076862,13.654151000082493,cpp,mobilenet_v3_small,02ba340d03f94575bfda5ebd959ebd7c,0.4275709092617035,Learned utility selected the highest-scoring feasible model.,2.4756689999776427,learned,50.0,2048.0,True,True,3de5f3a0109d307875a8,0,491,0
7.467078,0.0,473.6328125,98.5805790992598,569,garbage truck,0.5083698992920235,14.853944999913438,cpp,mobilenet_v3_small,3686057f83a64d9c8a348406f6676cc1,0.3921989202499389,Learned utility selected the highest-scoring feasible model.,3.0020249998869986,learned,50.0,2048.0,True,True,cd042851c41a91dcb39d,0,569,1
14.431654,0.0,473.63671875,97.01033502998231,569,garbage truck,0.9988802628096758,21.646672999850125,cpp,mobilenet_v3_small,419e9363550c48d892fe6c9505d6c8a6,0.4392241835594177,Learned utility selected the highest-scoring feasible model.,2.3374219999823254,learned,50.0,2048.0,True,True,5986b7616a1228b54cf8,0,569,1
11.320131,0.0,473.63671875,94.7351491318669,482,cassette player,0.386667270163702,21.93896899984793,cpp,mobilenet_v3_small,82a92b2611d1496b9deb8e8a008e496c,0.3884414136409759,Learned utility selected the highest-scoring feasible model.,3.3690749999095715,learned,50.0,2048.0,True,True,ba3f10e49fa71222a167,0,482,1
11.405608,0.0,474.1171875,95.22718515041294,491,chain saw,0.980391565854831,25.299871000015628,cpp,mobilenet_v3_small,54e20848f50b45e7a78e4b56fcc528b4,0.4259228408336639,Learned utility selected the highest-scoring feasible model.,5.614269000034255,learned,50.0,2048.0,True,True,0b8b19a751055a1ec8a0,0,491,1
13.458702,0.0,474.12109375,95.16041336510128,701,parachute,0.9546257468146624,30.996076999826983,cpp,mobilenet_v3_small,7094536ec082487f85d60f8972cafa27,0.325042724609375,Learned utility selected the highest-scoring feasible model.,6.453073000102449,learned,50.0,2048.0,True,True,30fb16826a0b77fbdaf0,0,701,1
11.542858,0.0,474.125,98.9987411962332,701,parachute,0.9980184011598716,23.16723700005241,cpp,mobilenet_v3_small,441e3ce6158a4c6c931ac0a37f145f76,0.454125165939331,Learned utility selected the highest-scoring feasible model.,4.319268000017473,learned,50.0,2048.0,True,True,ddb3b09917f249dbe143,0,701,1
12.799438,0.0,474.4140625,86.69416693026525,491,chain saw,0.9997509188596484,31.416183999908757,cpp,mobilenet_v3_small,d17c4cc1045549fd851b812654f0f1b8,0.4566319286823272,Learned utility selected the highest-scoring feasible model.,7.445908999898165,learned,50.0,2048.0,True,True,6d7204950e9ea9baf7eb,0,491,1
11.187605,0.0,474.54296875,98.75737605125984,663,monastery,0.4560518812694235,25.16658399986227,cpp,mobilenet_v3_small,aec55409c48640eab13b7dc9f1bd3c8b,0.4536961615085602,Learned utility selected the highest-scoring feasible model.,4.885373999968579,learned,50.0,2048.0,True,True,a0917b15d44486760f0e,0,497,0
9.008628,0.0,474.66796875,94.71790416220026,0,tench,0.9048288077752856,19.897954000043683,cpp,mobilenet_v3_small,706309c663554ce6a065135e0ebfc051,0.3548454642295837,Learned utility selected the highest-scoring feasible model.,4.054087999975309,learned,50.0,2048.0,True,True,f6ff97e8bae06024f9d5,0,0,1
9.242304,0.0,474.87109375,98.2323066387074,856,thresher,0.7002647793086434,19.43425300009949,cpp,mobilenet_v3_small,387c5901c25f4d68a803ab5cecd4e770,0.3491328060626983,Learned utility selected the highest-scoring feasible model.,4.243627000050765,learned,50.0,2048.0,True,True,92770e44f32b0fb3805b,0,569,0
8.721848,0.0,475.0078125,98.48870183671444,663,monastery,0.464341906334016,18.73693799984721,cpp,mobilenet_v3_small,162dcc64a7e04c418138bd5a04e6654e,0.4545212984085083,Learned utility selected the highest-scoring feasible model.,3.2062499999483407,learned,50.0,2048.0,True,True,2620f63214c6d4d53a2e,0,497,0
10.619431,0.0,475.46875,96.03780268277512,569,garbage truck,0.6968233599676954,22.850124000115105,cpp,mobilenet_v3_small,5a8d4e27862146c09f832d73117322ea,0.3575295507907867,Learned utility selected the highest-scoring feasible model.,3.832840000086435,learned,50.0,2048.0,True,True,344dee6d7742b737b6b8,0,569,1
9.011773,0.0,475.46875,96.3522582196824,848,tape player,0.486917427749532,16.65457800004333,cpp,mobilenet_v3_small,732247d24677450187ee2864c67e9531,0.4451096653938293,Learned utility selected the highest-scoring feasible model.,2.6488070000141306,learned,50.0,2048.0,True,True,9b619751b75c8a6ad1a0,0,482,0
8.136795,0.0,475.5390625,97.5977161435936,217,English springer,0.7260319279122938,18.33530199996858,cpp,mobilenet_v3_small,cca2b91d6d8b42d982288ca6a6bb7e17,0.3863670527935028,Learned utility selected the highest-scoring feasible model.,3.5441580000679096,learned,50.0,2048.0,True,True,c502624fc7bb3bb7c430,0,217,1
14.756078,0.0,475.62109375,93.59774777660807,569,garbage truck,0.6580952102416495,29.32391500007725,cpp,mobilenet_v3_small,03c7b24526ca4819a022fa414dfa5e81,0.3871074020862579,Learned utility selected the highest-scoring feasible model.,4.847732000143878,learned,50.0,2048.0,True,True,f04e6a8cd69749d35aab,0,569,1
13.522071,0.0,475.63671875,95.10172954384002,566,French horn,0.9932583260971868,26.18742699996801,cpp,mobilenet_v3_small,3e954509c2a8456abc782e44564c0340,0.4509162604808807,Learned utility selected the highest-scoring feasible model.,4.30694300007417,learned,50.0,2048.0,True,True,95a6d8332e65a953f807,0,566,1
11.798177,0.0,476.17578125,95.34950653459435,701,parachute,0.9694100204551596,23.80390400003307,cpp,mobilenet_v3_small,87513cf7eab4448c8481b09da0a1ec69,0.3760958909988403,Learned utility selected the highest-scoring feasible model.,3.908042000148271,learned,50.0,2048.0,True,True,417536921c3e9bb251be,0,701,1
13.533356,0.0,476.1875,98.27620781191344,663,monastery,0.43443191769851,29.382021999936114,cpp,mobilenet_v3_small,6cbc82553cd643129995bf1490550545,0.3864231407642364,Learned utility selected the highest-scoring feasible model.,5.291225999826565,learned,50.0,2048.0,True,True,13e3bcc97110094b8448,0,497,0
10.863762,0.0,476.19140625,98.97082100252852,749,quill,0.2781236584435557,23.706468999989735,cpp,mobilenet_v3_small,17e7e31a588340b5aa4603a8fc3a5370,0.3981295228004455,Learned utility selected the highest-scoring feasible model.,4.540725000197199,learned,50.0,2048.0,True,True,fa8dca38dfc9570aba66,0,482,0
11.023443,0.0,476.33203125,95.91394326736471,668,mosque,0.4012105871484328,22.52653499999724,cpp,mobilenet_v3_small,702634909a4c4957ac14426228facd04,0.4408412575721741,Learned utility selected the highest-scoring feasible model.,4.236934999880759,learned,50.0,2048.0,True,True,119e22c1bc53d94525dc,0,497,0
18.053051,0.0,476.40625,98.74686294401516,481,cassette,0.4872942850333939,32.22289200016348,cpp,mobilenet_v3_small,b402ff5bb6674e9399b7c31ac8a72a92,0.2940942645072937,Learned utility selected the highest-scoring feasible model.,5.264444000204094,learned,50.0,2048.0,True,True,b46523267235e8ce5297,0,482,0
12.600913,0.0,476.80078125,98.02030891319002,0,tench,0.7647460872029334,27.734226000120543,cpp,mobilenet_v3_small,da349d541c7f41c0ac8cf7946fb399e8,0.4401855766773224,Learned utility selected the highest-scoring feasible model.,4.91418300020996,learned,50.0,2048.0,True,True,f53fbb95080335df2c2d,0,0,1
10.802055,0.0,476.953125,97.4961616520463,217,English springer,0.0878971902297676,24.167294999870137,cpp,mobilenet_v3_small,a081b4ef0dcc4185a5398024a70a2c27,0.4473113119602203,Learned utility selected the highest-scoring feasible model.,4.124120999904335,learned,50.0,2048.0,True,True,560c8d4bfd14be3e6a8a,0,217,1
19.286906,0.0,476.953125,98.26888709090436,569,garbage truck,0.6379212474982539,35.632049000014376,cpp,mobilenet_v3_small,e9a77f8f5ea345a5a0f6ba8a6551ced8,0.4038387835025787,Learned utility selected the highest-scoring feasible model.,5.544658999951935,learned,50.0,2048.0,True,True,45bd4d0f4d7478b0cee3,0,569,1
8.98118,0.0,477.32421875,98.8835253736006,701,parachute,0.4260599249409807,19.85410099996443,cpp,mobilenet_v3_small,cd17e88fb9b74ea5ab703a1fe8f6544e,0.3612437844276428,Learned utility selected the highest-scoring feasible model.,3.978682000024492,learned,50.0,2048.0,True,True,68ae5f6b4dfe6c710ddc,0,701,1
8.689223,0.0,477.38671875,98.87717242300184,217,English springer,0.9552077726096326,17.772897999975612,cpp,mobilenet_v3_small,d4b05983880c482c9ca27c58f56dd8fe,0.406385987997055,Learned utility selected the highest-scoring feasible model.,2.9027850000602484,learned,50.0,2048.0,True,True,6f7809e7f2cc44bd0073,0,217,1
8.688805,0.0,478.41796875,98.50425827923564,491,chain saw,0.999675761532608,22.30090900002324,cpp,mobilenet_v3_small,d24de63e26964d6eb6489f743b0e3e9b,0.3987435698509216,Learned utility selected the highest-scoring feasible model.,4.78746100020544,learned,50.0,2048.0,True,True,822ecb098d1efd5cc425,0,491,1
7.423446,0.0,478.421875,99.1104292709636,566,French horn,0.7359467944606322,16.34271400007492,cpp,mobilenet_v3_small,ea6ca9bb9fb7403fbd502937d41bf950,0.424345850944519,Learned utility selected the highest-scoring feasible model.,3.577698000071905,learned,50.0,2048.0,True,True,5930368dd828c298772d,0,566,1
7.486472,0.0,478.421875,99.35425650384174,574,golf ball,0.9568963740172376,14.952067000194802,cpp,mobilenet_v3_small,be1ac0d42d5d4c289b5d52f4a3200c0f,0.2582268714904785,Learned utility selected the highest-scoring feasible model.,2.674759000001359,learned,50.0,2048.0,True,True,71e9baf5ea98ffedf5a8,0,574,1
7.551618,0.0,478.42578125,99.40698761476617,571,gas pump,0.9996508005833028,14.889571000139767,cpp,mobilenet_v3_small,9e5e7572d2ed4620be093e64357c4cd9,0.431299090385437,Learned utility selected the highest-scoring feasible model.,2.518137999913961,learned,50.0,2048.0,True,True,cabe8ff46702c50e9274,0,571,1
8.874417,0.0,478.42578125,98.9072276677332,227,kelpie,0.2578671865305892,17.636519000006956,cpp,mobilenet_v3_small,a03ed1797db64f96acc142bc17c906b4,0.3631918728351593,Learned utility selected the highest-scoring feasible model.,2.769004999890967,learned,50.0,2048.0,True,True,edec038dc21e45a32a00,0,217,0
8.801834,0.0,478.578125,96.48025616684993,844,switch,0.3237283886630832,21.915145999855667,cpp,mobilenet_v3_small,b48818ac2c564a6e9498a2fd6494efaf,0.3388957381248474,Learned utility selected the highest-scoring feasible model.,3.6824229998728697,learned,50.0,2048.0,True,True,91bd6a57b11a9ffdc7f7,0,482,0
9.5484,0.0,478.578125,94.01593145747944,491,chain saw,0.9971914082173996,22.462226000016017,cpp,mobilenet_v3_small,a9cef194d93b4c8a8b47a14a2670ad6d,0.2714930176734924,Learned utility selected the highest-scoring feasible model.,6.668523999906029,learned,50.0,2048.0,True,True,97909eccc6227b59cdbd,0,491,1
8.525073,0.0,478.578125,99.0559857338484,566,French horn,0.9997432464525134,17.204400999844438,cpp,mobilenet_v3_small,eab2f169e5464cd2a63ba019826c0e70,0.4504099488258362,Learned utility selected the highest-scoring feasible model.,2.941248000070118,learned,50.0,2048.0,True,True,1fe86a7b0db415dc071c,0,566,1
11.220645,0.0,478.796875,94.42959609109202,195,Boston bull,0.2922176778312602,21.46964600001411,cpp,mobilenet_v3_small,5f4e9790571c4be0bf048763a1e04a36,0.4542423486709595,Learned utility selected the highest-scoring feasible model.,3.286957000000257,learned,50.0,2048.0,True,True,073d0199c1f24a40dc5b,0,217,0
8.712345,0.0,478.80078125,98.95482917827523,571,gas pump,0.9997290856284924,16.467356000021027,cpp,mobilenet_v3_small,2c09bed020ac46bdacdd319d3fbc0758,0.3769330084323883,Learned utility selected the highest-scoring feasible model.,2.828772000157187,learned,50.0,2048.0,True,True,90e1209a31015bd22730,0,571,1
10.746946,0.0,479.1484375,94.61842186367645,0,tench,0.9976274975683465,23.485582999910548,cpp,mobilenet_v3_small,faa4276d12fb48548c3a2be13ab27f7e,0.3931851387023926,Learned utility selected the highest-scoring feasible model.,5.513070999995762,learned,50.0,2048.0,True,True,7c84bae86fda676d4554,0,0,1
8.980784,0.0,479.2890625,99.24783734938804,0,tench,0.9999760854005414,17.575187999909758,cpp,mobilenet_v3_small,e6bebd44611447afac6f486877603f9f,0.4287274479866028,Learned utility selected the highest-scoring feasible model.,2.9438130000016827,learned,50.0,2048.0,True,True,a2ebfa36b363d02c435f,0,0,1
8.796353,0.0,479.2890625,96.21025899523636,574,golf ball,0.994480320376245,19.735754999828718,cpp,mobilenet_v3_small,a9d066b70048494e85592dee6f160d9e,0.2551495432853699,Learned utility selected the highest-scoring feasible model.,5.1024869999309885,learned,50.0,2048.0,True,True,e1faca667619e6e13dea,0,574,1
7.585738,0.0,479.7734375,99.44074866000231,701,parachute,0.9996197023251672,16.538359999913155,cpp,mobilenet_v3_small,dc6b9aeead3d4fd6970cfd900d2e9c31,0.2886195480823517,Learned utility selected the highest-scoring feasible model.,2.944134000017584,learned,50.0,2048.0,True,True,1ce9829c757e18582436,0,701,1
7.377074,0.0,479.7734375,99.19636119309924,701,parachute,0.9544760323646558,15.28149199998552,cpp,mobilenet_v3_small,275242cf39b542b7853194240e3016ac,0.2955735623836517,Learned utility selected the highest-scoring feasible model.,2.954821000002994,learned,50.0,2048.0,True,True,383867303b559ef23d2d,0,701,1
7.460076,0.0,479.7734375,99.18653583481468,569,garbage truck,0.5097801949650608,15.171411999972406,cpp,mobilenet_v3_small,a95372f3e54845fb82cf142224b1625f,0.3714280426502228,Learned utility selected the highest-scoring feasible model.,2.918684999940524,learned,50.0,2048.0,True,True,1718763bdc51740a7d7a,0,569,1
9.167635,0.0,479.84375,98.7587719825584,569,garbage truck,0.4962246448369193,18.845369000018763,cpp,mobilenet_v3_small,776bcfcb4700417ca539a4f2246f1395,0.4671176075935364,Learned utility selected the highest-scoring feasible model.,3.410979000136649,learned,50.0,2048.0,True,True,2eeed640e4c9f230923b,0,569,1
8.283677,0.0,480.30859375,98.5536917243176,574,golf ball,0.8303300836410683,20.188641999993703,cpp,mobilenet_v3_small,8e843668b9e2451fbb95346e2d290210,0.2333433926105499,Learned utility selected the highest-scoring feasible model.,4.917583999940689,learned,50.0,2048.0,True,True,e95f8f97b7e36d6619df,0,574,1
12.555581,0.0,480.45703125,94.87996096077028,574,golf ball,0.9413075580488498,25.2341240000078,cpp,mobilenet_v3_small,56a2a4f753b84bb3bbf6fcf22e9bc741,0.4162020087242126,Learned utility selected the highest-scoring feasible model.,4.2452100001355575,learned,50.0,2048.0,True,True,470a9f15033b9d2fc3d8,0,574,1
7.640773,0.0,480.5078125,99.16594568520064,0,tench,0.9975248440699528,15.406070999915755,cpp,mobilenet_v3_small,644731a8398946ea9f699af21459ea60,0.3809593915939331,Learned utility selected the highest-scoring feasible model.,2.7594429998316627,learned,50.0,2048.0,True,True,7bf919583e8a809b8724,0,0,1
7.65599,0.0,480.640625,99.4447000056779,217,English springer,0.5835511659436893,15.232306999905632,cpp,mobilenet_v3_small,d0a2fa8c646c4b8b8c319c67c8459e9e,0.4084501266479492,Learned utility selected the highest-scoring feasible model.,2.582828000186055,learned,50.0,2048.0,True,True,71d33942636767e8ed5a,0,217,1
6.842502,0.0,480.75390625,99.461612545485,574,golf ball,0.9969133444997234,13.775580999890735,cpp,mobilenet_v3_small,64b3dff6baa54e83a1b4adff2cf2fbe4,0.4572982490062713,Learned utility selected the highest-scoring feasible model.,2.4587969999174675,learned,50.0,2048.0,True,True,dfafa0b6ed6c5146f025,0,574,1
7.877206,0.0,480.85546875,99.16183654599642,491,chain saw,0.709344160626665,15.68214399981116,cpp,mobilenet_v3_small,7ae4bec172aa4e7faeabe5025a9c36d4,0.46164071559906,Learned utility selected the highest-scoring feasible model.,2.463444000113668,learned,50.0,2048.0,True,True,8a58d7d2fbec5278ad37,0,491,1
8.403225,0.0,481.45703125,99.19072531221364,569,garbage truck,0.9928520384760782,18.748146000007186,cpp,mobilenet_v3_small,b53dd2026f6743db90a9c3a90942f844,0.357228547334671,Learned utility selected the highest-scoring feasible model.,3.261443999917901,learned,50.0,2048.0,True,True,ce8529c8eee748f146d3,0,569,1
8.788011,0.0,481.45703125,99.36869413999466,571,gas pump,0.9406437023561692,16.877556000054028,cpp,mobilenet_v3_small,7b80d93bda5741ba978558f8c02b1020,0.4506925046443939,Learned utility selected the highest-scoring feasible model.,2.803672000027291,learned,50.0,2048.0,True,True,9fda59f5fd0df9879327,0,571,1
8.738557,0.0,481.4609375,99.46820257076,406,altar,0.3487917450787637,17.320693000101528,cpp,mobilenet_v3_small,4323d67d61fe40f5b55d6926baf84ba5,0.4621069431304931,Learned utility selected the highest-scoring feasible model.,2.999024000018835,learned,50.0,2048.0,True,True,298fb3d15c1c56aa6a1b,0,497,0
10.794347,0.0,481.43359375,83.35538697718444,217,English springer,0.5586676246212985,30.04492199988817,cpp,mobilenet_v3_small,d7e16d95ae534c0c80b46873989448b8,0.3245898187160492,Learned utility selected the highest-scoring feasible model.,13.536582999904567,learned,50.0,2048.0,True,True,2f0b56bb43b367cf0737,0,217,1
16.622085,0.0,481.46484375,97.8771071172876,497,church,0.6786071250248797,29.605261999904545,cpp,mobilenet_v3_small,695eac54b1d14c9d91317d2200ea8919,0.3160988688468933,Learned utility selected the highest-scoring feasible model.,4.131547000042701,learned,50.0,2048.0,True,True,050c33a7d7f32fd92ac6,0,497,1
8.51578,0.0,481.46484375,99.09592366018524,674,mousetrap,0.0965965452461388,17.21547100009957,cpp,mobilenet_v3_small,7f14066d8be340a8ba5441fc0d262336,0.4111779034137726,Learned utility selected the highest-scoring feasible model.,3.1269950000023528,learned,50.0,2048.0,True,True,aca16af98b818790e01b,0,482,0
10.303166,0.0,481.46484375,98.88393578135413,566,French horn,0.6730542706168385,22.601297999926828,cpp,mobilenet_v3_small,0877acf9beed4c69b860c7a74d3afc95,0.4299238920211792,Learned utility selected the highest-scoring feasible model.,4.356470999937301,learned,50.0,2048.0,True,True,a829012efaba7982ccf9,0,566,1
8.584636,0.0,481.46484375,96.08421097856557,566,French horn,0.9970273035380478,17.871494000019084,cpp,mobilenet_v3_small,a4fd0b4d4a0b402b9abed93142b77784,0.4309717416763305,Learned utility selected the highest-scoring feasible model.,3.2732679999298853,learned,50.0,2048.0,True,True,e164986e7efd9a941c8e,0,566,1
7.935544,0.0,481.46484375,99.1992290832848,713,photocopier,0.8444178158135708,15.994461999980558,cpp,mobilenet_v3_small,54aaca247f714f16924a42331ff46f7f,0.4410563707351684,Learned utility selected the highest-scoring feasible model.,2.818918000002668,learned,50.0,2048.0,True,True,441b74bb0600359a5ae1,0,482,0
7.557485,0.0,481.46484375,99.2705760702868,482,cassette player,0.247736669173771,15.365276000011365,cpp,mobilenet_v3_small,52ad134289864e71937a5133d5aca16b,0.3488146364688873,Learned utility selected the highest-scoring feasible model.,2.599123999971198,learned,50.0,2048.0,True,True,9663eccdcbe0b346d2fb,0,482,1
14.489901,0.0,481.46484375,98.85882759367188,571,gas pump,0.709198912733874,27.95248100005665,cpp,mobilenet_v3_small,5ea2b20d5b6942d6939caf7b9270dbdd,0.4463847279548645,Learned utility selected the highest-scoring feasible model.,4.260206000026301,learned,50.0,2048.0,True,True,17d5a963eb476a043cf3,0,571,1
7.312602,0.0,481.46484375,99.38974295438048,701,parachute,0.4462090784953996,15.14689600003294,cpp,mobilenet_v3_small,09dd0a7e24024484932d4e4255a0c40f,0.3529438376426697,Learned utility selected the highest-scoring feasible model.,2.790428000025713,learned,50.0,2048.0,True,True,a090cb4a0dea5c618439,0,701,1
7.462536,0.0,481.46484375,99.15264475142207,73,barn spider,0.4334660134851359,15.479104000178268,cpp,mobilenet_v3_small,21a3fd9ebc3349e8988c78c080a12563,0.3806670010089874,Learned utility selected the highest-scoring feasible model.,2.8366340000047785,learned,50.0,2048.0,True,True,8e0f259737a8cf29adcd,0,701,0
8.263539,0.0,481.46484375,99.1966766059794,574,golf ball,0.9999996653090328,15.916254999865489,cpp,mobilenet_v3_small,34fb7006e2f647f19c4fdb32da1d7ff2,0.3868842422962188,Learned utility selected the highest-scoring feasible model.,2.595542999870304,learned,50.0,2048.0,True,True,be5eaa3600e1cc67f394,0,574,1
8.954143,0.0,481.46875,98.35582573524168,476,carousel,0.2047949511478363,19.34764499992525,cpp,mobilenet_v3_small,b79a96fb091645178e81847e8cc6d75a,0.4460175037384033,Learned utility selected the highest-scoring feasible model.,4.531962000100975,learned,50.0,2048.0,True,True,c855206e6d49ba4dd808,0,701,0
7.911682,0.0,481.46875,98.83463431439336,884,vault,0.3555013024688301,16.433124999821302,cpp,mobilenet_v3_small,418baf10679c4609943ac44c94687093,0.4624062478542328,Learned utility selected the highest-scoring feasible model.,2.979691999826173,learned,50.0,2048.0,True,True,d4dcc887e7e10d2bf5fa,0,497,0
8.150319,0.0,481.46875,99.04985906185053,497,church,0.7919017757483665,18.703962000017786,cpp,mobilenet_v3_small,d4820580ddf0429b9cc034805d000a6e,0.3911303281784057,Learned utility selected the highest-scoring feasible model.,4.164571999808686,learned,50.0,2048.0,True,True,42416e86d762cb8caf7a,0,497,1
12.67814,0.0,481.46875,91.99763536049292,574,golf ball,0.9987844174862068,24.095002999956705,cpp,mobilenet_v3_small,5dbfae7cea254d5a9b06d24c27952c7c,0.4428637325763702,Learned utility selected the highest-scoring feasible model.,5.1134400000592,learned,50.0,2048.0,True,True,4b548c57634f96cce13f,0,574,1
7.698111,0.0,481.46875,99.23202258411766,232,Border collie,0.1046552488295859,15.821558999959962,cpp,mobilenet_v3_small,b0daf8dd908e40fb89f09cbb76437c9e,0.3964085876941681,Learned utility selected the highest-scoring feasible model.,2.986488999795256,learned,50.0,2048.0,True,True,2a328ad9ed0463dd8e40,0,217,0
8.367666,0.0,481.46875,99.32253313505464,0,tench,0.5121972551131087,16.452908000019306,cpp,mobilenet_v3_small,9892a1bc3f4d488b87e4e468272e48c8,0.4414932429790497,Learned utility selected the highest-scoring feasible model.,2.6533430000199587,learned,50.0,2048.0,True,True,672289c345c6b157c122,0,0,1
7.790599,0.0,481.46875,97.50559653205585,830,stretcher,0.5082401855591424,17.676571000038166,cpp,mobilenet_v3_small,3bbd10b5eb024bd59cead37e36eded57,0.4497123062610626,Learned utility selected the highest-scoring feasible model.,4.164294000020163,learned,50.0,2048.0,True,True,0038ddc45cbe29596ba9,0,491,0
10.325848,0.0,481.46875,98.66199129730254,675,moving van,0.6997966960014768,18.558250000069165,cpp,mobilenet_v3_small,a4f991e7e682429fa6986b3d4e962689,0.420907199382782,Learned utility selected the highest-scoring feasible model.,2.793544000041948,learned,50.0,2048.0,True,True,c10444f8b888582761a4,0,569,0
9.245719,0.0,481.46875,99.13273669132396,701,parachute,0.9991826182515902,18.678640999951316,cpp,mobilenet_v3_small,79a91946dbd441d58088f16a5d412a7f,0.3276153802871704,Learned utility selected the highest-scoring feasible model.,3.1990170000426588,learned,50.0,2048.0,True,True,b0bfa88a566c909ba480,0,701,1
8.874253,0.0,481.46875,99.25224631076438,574,golf ball,0.9897354315759668,17.543209999985265,cpp,mobilenet_v3_small,10b7bf9386d9427c955408f2b5a249a1,0.3763380348682403,Learned utility selected the highest-scoring feasible model.,2.972496999973373,learned,50.0,2048.0,True,True,b9dd47e849749a3e01ef,0,574,1
9.03026,0.0,481.46875,99.03822206112316,701,parachute,0.9153856828646042,23.22760699985338,cpp,mobilenet_v3_small,0b25ef791a4e4c91813abf3e1835433f,0.4224415719509125,Learned utility selected the highest-scoring feasible model.,4.438812000216785,learned,50.0,2048.0,True,True,31d5325988db9f1c752b,0,701,1
8.370704,0.0,481.46875,98.1368464592648,0,tench,0.9997778983859752,20.23853600007897,cpp,mobilenet_v3_small,d29f753a824f4636888192816561dc07,0.4437167048454284,Learned utility selected the highest-scoring feasible model.,4.734674000019368,learned,50.0,2048.0,True,True,f5b6098226ef6b4d3008,0,0,1
8.72573,0.0,481.46875,99.36075586074612,571,gas pump,0.2348529151239717,17.659762999983286,cpp,mobilenet_v3_small,49807ad5ffe4421b90eb93ccf55a5a5a,0.400130420923233,Learned utility selected the highest-scoring feasible model.,3.114616999937425,learned,50.0,2048.0,True,True,66ea92408bb1d45e8a80,0,571,1
9.5291,0.0,481.47265625,99.18092920807248,663,monastery,0.5503947837333284,19.034008000062386,cpp,mobilenet_v3_small,a30714106909415599abe559a5e8e65c,0.3910107910633087,Learned utility selected the highest-scoring feasible model.,3.3111830000507325,learned,50.0,2048.0,True,True,ec65f302bff6f50bb8a2,0,497,0
10.085243,0.0,481.47265625,97.7947667826984,621,lawn mower,0.3023785111436779,20.491030000130195,cpp,mobilenet_v3_small,ce93e624cd8847b298e68b2edd48263f,0.4730862379074096,Learned utility selected the highest-scoring feasible model.,3.74345699992773,learned,50.0,2048.0,True,True,0d1cfd3c9113ab92d8a9,0,571,0
11.074386,0.0,481.47265625,98.97208213727232,707,pay-phone,0.2157933159083242,22.877898000160712,cpp,mobilenet_v3_small,fe706ffc5b6a48f78ed2d69322066d9d,0.372204065322876,Learned utility selected the highest-scoring feasible model.,4.12952800002131,learned,50.0,2048.0,True,True,971fa9f2047ef0b7580b,0,571,0
11.899289,0.0,481.4765625,97.5841016279539,400,academic gown,0.1963711158238826,23.62938800001757,cpp,mobilenet_v3_small,4b0c734a7b5e4be0abc9aa99bd9d71fe,0.3379197418689728,Learned utility selected the highest-scoring feasible model.,3.965940999933082,learned,50.0,2048.0,True,True,a5cb5dce8fea0d78d48b,0,574,0
9.125487,0.0,481.4765625,99.22764195504186,571,gas pump,0.9695163198885124,17.60219900006632,cpp,mobilenet_v3_small,24dbfb62757c493d9c0ff198388fcacf,0.4299874007701874,Learned utility selected the highest-scoring feasible model.,2.9674059999251767,learned,50.0,2048.0,True,True,184cfe80bff425a554eb,0,571,1
8.816878,0.0,481.4765625,99.17582679043552,590,hand-held computer,0.4004814688046831,17.648960000087754,cpp,mobilenet_v3_small,a118d5a4e0344212a576d32022292588,0.2990542650222778,Learned utility selected the highest-scoring feasible model.,3.0405249999603257,learned,50.0,2048.0,True,True,b96089f5a0ee8958f842,0,482,0
9.927163,0.0,481.4765625,96.68628033209774,522,croquet ball,0.4393907913941756,22.54635500003133,cpp,mobilenet_v3_small,965888aad1c44e3a9331adb9f650959d,0.3705009222030639,Learned utility selected the highest-scoring feasible model.,4.634800000076211,learned,50.0,2048.0,True,True,5f27fa39b4d1da680538,0,574,0
9.358195,0.0,481.4765625,98.54610517868468,220,Sussex spaniel,0.2058296499984729,19.32216799991693,cpp,mobilenet_v3_small,fc634d9d4e3f4b6f9a9193b16faebb63,0.4494682252407074,Learned utility selected the highest-scoring feasible model.,3.569794999975784,learned,50.0,2048.0,True,True,3fcb8614fa0697512341,0,217,0
9.734407,0.0,481.4765625,97.3617593397974,116,chiton,0.419688258144664,21.34941700001036,cpp,mobilenet_v3_small,94ee2ab492c74bebb026c3431befb20c,0.4279609024524688,Learned utility selected the highest-scoring feasible model.,5.412439999872731,learned,50.0,2048.0,True,True,39bb040fb53a1d176cae,0,0,0
10.643054,0.0,481.4765625,98.54990538138736,491,chain saw,0.262145664616863,20.681547000094724,cpp,mobilenet_v3_small,a2bcc6d9bde0427e9999206a6d90b726,0.4537008702754974,Learned utility selected the highest-scoring feasible model.,3.306016999886197,learned,50.0,2048.0,True,True,5722417798e696c036a9,0,491,1
8.620506,0.0,481.4765625,98.76883501074394,701,parachute,0.9997642845125476,21.144200999970053,cpp,mobilenet_v3_small,a4dae01da777439fb26cffd3927a8036,0.3212895393371582,Learned utility selected the highest-scoring feasible model.,4.75062300006357,learned,50.0,2048.0,True,True,b3b7d952751637282f6b,0,701,1
8.185964,0.0,481.4765625,99.32621145457018,675,moving van,0.2235748584627742,16.425627999979042,cpp,mobilenet_v3_small,f4a5130c0dab48cbb90713a45ba53539,0.4314498603343963,Learned utility selected the highest-scoring feasible model.,3.042420999918249,learned,50.0,2048.0,True,True,759cbbc8629f7d2e495f,0,569,0
8.206882,0.0,481.48046875,99.29922071110656,569,garbage truck,0.9736842001502076,16.76376600016738,cpp,mobilenet_v3_small,9893f3ba08b4488d8704a090165b1fec,0.3436554074287414,Learned utility selected the highest-scoring feasible model.,2.9111070000453765,learned,50.0,2048.0,True,True,0be2554779cb63aa7570,0,569,1
8.509341,0.0,481.48046875,96.88224398383215,574,golf ball,0.9997044662015924,19.42862100008824,cpp,mobilenet_v3_small,b89d1139452741d38061170405af74c7,0.197446122765541,Learned utility selected the highest-scoring feasible model.,4.300918999888381,learned,50.0,2048.0,True,True,187e3af108481037ef18,0,574,1
8.088419,0.0,481.48828125,99.23227170523693,476,carousel,0.2047949511478363,17.096412999990207,cpp,mobilenet_v3_small,97ecc39ce96c47fca95b054d0d60e148,0.4460175037384033,Learned utility selected the highest-scoring feasible model.,3.1831629999032884,learned,50.0,2048.0,True,True,c855206e6d49ba4dd808,1,701,0
8.806019,0.0,481.48828125,99.28121696562144,663,monastery,0.43443191769851,17.435302999956548,cpp,mobilenet_v3_small,6478accc430b4fa99308fa8bdbbf3ca1,0.3864231407642364,Learned utility selected the highest-scoring feasible model.,3.006816999914008,learned,50.0,2048.0,True,True,13e3bcc97110094b8448,1,497,0
8.95064,0.0,481.48828125,99.3382803231664,491,chain saw,0.5559572843536429,18.150434999824935,cpp,mobilenet_v3_small,71792d0c29854ce4854c3e7d700d7490,0.4529488980770111,Learned utility selected the highest-scoring feasible model.,3.085614000156056,learned,50.0,2048.0,True,True,b683b233630b42dc4774,1,491,1
11.045886,0.0,481.48828125,94.47786903564467,569,garbage truck,0.6379212474982539,19.93159900007413,cpp,mobilenet_v3_small,6d879327dce74825bd046d1429f5b7c5,0.4038387835025787,Learned utility selected the highest-scoring feasible model.,3.27196099988214,learned,50.0,2048.0,True,True,45bd4d0f4d7478b0cee3,1,569,1
10.088994,0.0,481.48828125,97.1469666900738,481,cassette,0.4872942850333939,21.93290199988951,cpp,mobilenet_v3_small,e9e1d2ed13e74cf08acb7d8ff7814f69,0.2940942645072937,Learned utility selected the highest-scoring feasible model.,4.350251000005301,learned,50.0,2048.0,True,True,b46523267235e8ce5297,1,482,0
9.482431,0.0,481.48828125,98.736965753809,569,garbage truck,0.6580952102416495,20.685029000105715,cpp,mobilenet_v3_small,b88d8f85869b40b88c3d5af27af63e10,0.3871074020862579,Learned utility selected the highest-scoring feasible model.,5.02008500006923,learned,50.0,2048.0,True,True,f04e6a8cd69749d35aab,1,569,1
8.542904,0.0,481.48828125,99.11509204036128,701,parachute,0.9694100204551596,18.20211899985225,cpp,mobilenet_v3_small,93d23a2a02c640c7b33c0b9f0037814a,0.3760958909988403,Learned utility selected the highest-scoring feasible model.,3.527287999986584,learned,50.0,2048.0,True,True,417536921c3e9bb251be,1,701,1
8.999368,0.0,481.4921875,99.09735926093325,566,French horn,0.7359467944606322,17.697628000178156,cpp,mobilenet_v3_small,593ea47b04b94924a0f9918ecb4b2403,0.424345850944519,Learned utility selected the highest-scoring feasible model.,3.033982000033575,learned,50.0,2048.0,True,True,5930368dd828c298772d,1,566,1
8.76176,0.0,481.4921875,98.465188451246,844,switch,0.3237283886630832,19.09889200010184,cpp,mobilenet_v3_small,6529eac62aa74d9791e22dcd0bacac20,0.3388957381248474,Learned utility selected the highest-scoring feasible model.,3.2427610001377616,learned,50.0,2048.0,True,True,91bd6a57b11a9ffdc7f7,1,482,0
9.140842,0.0,481.49609375,97.27209994986411,663,monastery,0.5785628468160603,17.868140000018684,cpp,mobilenet_v3_small,a8a8fdd28b594cc0a206b3a32f244440,0.3537954688072204,Learned utility selected the highest-scoring feasible model.,3.000400000018999,learned,50.0,2048.0,True,True,44d0e6aade6060dd3a4c,1,497,0
8.548672,0.0,481.49609375,96.91735169733874,569,garbage truck,0.4962246448369193,16.850121999823386,cpp,mobilenet_v3_small,90e9d0c436d54a9aad2fe32047f52860,0.4671176075935364,Learned utility selected the highest-scoring feasible model.,3.0615739999575453,learned,50.0,2048.0,True,True,2eeed640e4c9f230923b,1,569,1
8.632254,0.0,481.49609375,97.38850898227076,701,parachute,0.9991826182515902,17.401782999968418,cpp,mobilenet_v3_small,0d1e271fef5348c3ab2f7b66523c8ff3,0.3276153802871704,Learned utility selected the highest-scoring feasible model.,3.140582000014547,learned,50.0,2048.0,True,True,b0bfa88a566c909ba480,1,701,1
9.795471,0.0,481.49609375,98.86787433115067,574,golf ball,0.994480320376245,17.846516999952655,cpp,mobilenet_v3_small,f19d8d7dc7af47acb361216f3ac33489,0.2551495432853699,Learned utility selected the highest-scoring feasible model.,2.8057150000222464,learned,50.0,2048.0,True,True,e1faca667619e6e13dea,1,574,1
9.521124,0.0,481.50390625,98.95948383800534,482,cassette player,0.386667270163702,18.91561200000069,cpp,mobilenet_v3_small,47925345919b4095ba1f2aff78289940,0.3884414136409759,Learned utility selected the highest-scoring feasible model.,3.247196999836888,learned,50.0,2048.0,True,True,ba3f10e49fa71222a167,1,482,1
10.507507,0.0,481.50390625,98.82092356853776,571,gas pump,0.2348529151239717,19.20163899990257,cpp,mobilenet_v3_small,cbcb9ab2d7c64e1d9649b4c9fccbc845,0.400130420923233,Learned utility selected the highest-scoring feasible model.,3.005028999950809,learned,50.0,2048.0,True,True,66ea92408bb1d45e8a80,1,571,1
8.868662,0.0,481.50390625,99.11109529331478,856,thresher,0.7002647793086434,18.68400499984091,cpp,mobilenet_v3_small,acd5cef4c72a404da52e88407aeb8db0,0.3491328060626983,Learned utility selected the highest-scoring feasible model.,4.256432999909521,learned,50.0,2048.0,True,True,92770e44f32b0fb3805b,1,569,0
9.030049,0.0,481.50390625,99.02927260822636,482,cassette player,0.247736669173771,17.77347600000212,cpp,mobilenet_v3_small,e1d0640396e64e9ab1afeba38a6163fe,0.3488146364688873,Learned utility selected the highest-scoring feasible model.,3.736429999889879,learned,50.0,2048.0,True,True,9663eccdcbe0b346d2fb,1,482,1
10.2943,0.0,481.55078125,99.21116652240818,569,garbage truck,0.6968233599676954,20.04656300005081,cpp,mobilenet_v3_small,e97ccae3e4a64cb1a6858dbb10dc6d2a,0.3575295507907867,Learned utility selected the highest-scoring feasible model.,3.2209729999976844,learned,50.0,2048.0,True,True,344dee6d7742b737b6b8,1,569,1
9.222884,0.0,481.5546875,99.02720625208924,522,croquet ball,0.4393907913941756,22.60057700004836,cpp,mobilenet_v3_small,0f69421fe3df4e8f9d653497086ba5a2,0.3705009222030639,Learned utility selected the highest-scoring feasible model.,5.087334000108967,learned,50.0,2048.0,True,True,5f27fa39b4d1da680538,1,574,0
8.800306,0.0,481.5546875,98.68400226511385,232,Border collie,0.2272443551445507,19.5477539998592,cpp,mobilenet_v3_small,939a1d07187c45839b097c6778794d18,0.3303617537021637,Learned utility selected the highest-scoring feasible model.,3.855529000020397,learned,50.0,2048.0,True,True,4b193d510c7badf1e9d7,1,217,0
9.337851,0.0,481.6015625,98.34796340252082,0,tench,0.9976274975683465,18.779245000132505,cpp,mobilenet_v3_small,3fe3c34097d44a7b81ae929f3435cbc0,0.3931851387023926,Learned utility selected the highest-scoring feasible model.,2.873685999929876,learned,50.0,2048.0,True,True,7c84bae86fda676d4554,1,0,1
7.442887,0.0,481.69140625,99.3217363044214,571,gas pump,0.9695163198885124,16.086073999986183,cpp,mobilenet_v3_small,96cb794f53cc4f29a8689d8ee251c6c5,0.4299874007701874,Learned utility selected the highest-scoring feasible model.,3.4368750000339787,learned,50.0,2048.0,True,True,184cfe80bff425a554eb,1,571,1
8.502806,0.0,482.21875,99.13971215989991,574,golf ball,0.9413075580488498,17.520880000120087,cpp,mobilenet_v3_small,d097ad45868942da907c1916266d37a4,0.4162020087242126,Learned utility selected the highest-scoring feasible model.,2.978413999926488,learned,50.0,2048.0,True,True,470a9f15033b9d2fc3d8,1,574,1
8.3112,0.0,482.21875,99.16921444117972,571,gas pump,0.9406437023561692,16.367881999940437,cpp,mobilenet_v3_small,b025cb3e6934492180edc0d6ca08ea0f,0.4506925046443939,Learned utility selected the highest-scoring feasible model.,2.8152159998171555,learned,50.0,2048.0,True,True,9fda59f5fd0df9879327,1,571,1
9.42969,0.0,482.21875,98.64660036870012,571,gas pump,0.709198912733874,17.192409000017506,cpp,mobilenet_v3_small,e3b299da0d14477a9f1b9db1e82b3439,0.4463847279548645,Learned utility selected the highest-scoring feasible model.,2.721014999906401,learned,50.0,2048.0,True,True,17d5a963eb476a043cf3,1,571,1
9.972052,0.0,482.1875,89.30634485362647,675,moving van,0.5434645453746406,26.68457100003252,cpp,mobilenet_v3_small,9ec47599004a43e8bc9ed07b4d5e29ff,0.4476467370986938,Learned utility selected the highest-scoring feasible model.,9.886316000120132,learned,50.0,2048.0,True,True,b25a98271d50629a4f1d,1,569,0
16.592652,0.0,482.21875,98.7798750283066,569,garbage truck,0.9988802628096758,29.15955399998893,cpp,mobilenet_v3_small,de263c6ee6a841acb6f6f54be5b2ee09,0.4392241835594177,Learned utility selected the highest-scoring feasible model.,4.200008999987404,learned,50.0,2048.0,True,True,5986b7616a1228b54cf8,1,569,1
8.430498,0.0,482.21875,99.23808877293123,701,parachute,0.9997642845125476,17.968759999803297,cpp,mobilenet_v3_small,76a8a36ba0144836be98c649e8d7e4a1,0.3212895393371582,Learned utility selected the highest-scoring feasible model.,3.5542030000215163,learned,50.0,2048.0,True,True,b3b7d952751637282f6b,1,701,1
8.519814,0.0,482.21875,98.99679290335123,566,French horn,0.9932583260971868,16.259255000022677,cpp,mobilenet_v3_small,535de444336f453892c0ad3fc9e20647,0.4509162604808807,Learned utility selected the highest-scoring feasible model.,2.8650270000980527,learned,50.0,2048.0,True,True,95a6d8332e65a953f807,1,566,1
8.565148,0.0,482.21875,99.20404625698052,406,altar,0.3487917450787637,17.303894999940894,cpp,mobilenet_v3_small,d127ed7194ca4b499aaf3427de4404d3,0.4621069431304931,Learned utility selected the highest-scoring feasible model.,3.147539000110555,learned,50.0,2048.0,True,True,298fb3d15c1c56aa6a1b,1,497,0
8.656661,0.0,482.21875,99.18180829473503,574,golf ball,0.9969133444997234,16.881495999996332,cpp,mobilenet_v3_small,16b5d47fdc15474e9e6fb2603fc06a7e,0.4572982490062713,Learned utility selected the highest-scoring feasible model.,3.013549000115745,learned,50.0,2048.0,True,True,dfafa0b6ed6c5146f025,1,574,1
7.800464,0.0,482.21875,99.36907045700973,491,chain saw,0.999675761532608,18.09076799986542,cpp,mobilenet_v3_small,289522fe17244d718ee8739d07392c36,0.3987435698509216,Learned utility selected the highest-scoring feasible model.,3.2212429998708103,learned,50.0,2048.0,True,True,822ecb098d1efd5cc425,1,491,1
8.578031,0.0,482.21875,98.87191017435612,739,potter's wheel,0.2081629327076862,19.555268999965847,cpp,mobilenet_v3_small,679a75f3077c418eaf75dd776d0728ad,0.4275709092617035,Learned utility selected the highest-scoring feasible model.,3.912871000011364,learned,50.0,2048.0,True,True,3de5f3a0109d307875a8,1,491,0
8.825897,0.0,482.21875,99.31605367588212,491,chain saw,0.9997509188596484,16.618848000007347,cpp,mobilenet_v3_small,a6d9b34e6a1840b3a67334f85934cccc,0.4566319286823272,Learned utility selected the highest-scoring feasible model.,2.7358410000033477,learned,50.0,2048.0,True,True,6d7204950e9ea9baf7eb,1,491,1
7.498525,0.0,482.21875,99.42775499581948,566,French horn,0.6730542706168385,15.236305999906108,cpp,mobilenet_v3_small,abd7f95882a1439aac131ef5fce521b3,0.4299238920211792,Learned utility selected the highest-scoring feasible model.,2.6480839999294403,learned,50.0,2048.0,True,True,a829012efaba7982ccf9,1,566,1
6.96703,0.0,482.21875,99.17213329508948,491,chain saw,0.9999988317844206,14.271137999912751,cpp,mobilenet_v3_small,6bb1dbdd386e4dcb8d5ac9be45ba5d39,0.4069598615169525,Learned utility selected the highest-scoring feasible model.,2.553633999923477,learned,50.0,2048.0,True,True,a9ccf20cebb67562b233,1,491,1
8.577528,0.0,482.21875,98.42206846744337,713,photocopier,0.8444178158135708,16.789385000038237,cpp,mobilenet_v3_small,0dd4f0b22cbe4c8c9c0998263f1548a5,0.4410563707351684,Learned utility selected the highest-scoring feasible model.,2.507390999880954,learned,50.0,2048.0,True,True,441b74bb0600359a5ae1,1,482,0
7.214964,0.0,482.21875,99.42602038627425,491,chain saw,0.709344160626665,14.47542699997939,cpp,mobilenet_v3_small,30d09c4848514aedbd69ec75f4a6d8de,0.46164071559906,Learned utility selected the highest-scoring feasible model.,2.6561289998880966,learned,50.0,2048.0,True,True,8a58d7d2fbec5278ad37,1,491,1
7.518932,0.0,482.22265625,99.3828907573526,569,garbage truck,0.9736842001502076,15.567422000003717,cpp,mobilenet_v3_small,e2f63cf30da44fb7907cae0f11640d8c,0.3436554074287414,Learned utility selected the highest-scoring feasible model.,2.7026509999359405,learned,50.0,2048.0,True,True,0be2554779cb63aa7570,1,569,1
7.49586,0.0,482.22265625,99.28863131757193,569,garbage truck,0.9928520384760782,15.76088499996331,cpp,mobilenet_v3_small,e67076135506435083ca6e06cdc5d275,0.357228547334671,Learned utility selected the highest-scoring feasible model.,2.7412490001097467,learned,50.0,2048.0,True,True,ce8529c8eee748f146d3,1,569,1
6.380579,0.0,482.22265625,97.0591859150568,400,academic gown,0.1963711158238826,13.342938000050708,cpp,mobilenet_v3_small,e028accf2fe04c6a99ddfe7110c402b6,0.3379197418689728,Learned utility selected the highest-scoring feasible model.,2.737895000109347,learned,50.0,2048.0,True,True,a5cb5dce8fea0d78d48b,1,574,0
6.034053,0.0,482.22265625,98.93852139016816,566,French horn,0.6595821624205583,11.963218000119014,cpp,mobilenet_v3_small,d4ea5db86fe64b90aae92ff2f3f47816,0.4488692283630371,Learned utility selected the highest-scoring feasible model.,2.145898999970086,learned,50.0,2048.0,True,True,4820256bcd3e9dc760e4,1,566,1
6.039372,0.0,482.22265625,96.82963632614602,701,parachute,0.9996197023251672,12.355080999896018,cpp,mobilenet_v3_small,44bb46a5c9d64752ab67d438385180bd,0.2886195480823517,Learned utility selected the highest-scoring feasible model.,2.24530299988146,learned,50.0,2048.0,True,True,1ce9829c757e18582436,1,701,1
6.178953,0.0,482.22265625,97.37691809764976,217,English springer,0.9552077726096326,12.366217000135292,cpp,mobilenet_v3_small,d5b12faa43b741c99c3a10804a8a7479,0.406385987997055,Learned utility selected the highest-scoring feasible model.,2.1149710000827326,learned,50.0,2048.0,True,True,6f7809e7f2cc44bd0073,1,217,1
6.092471,0.0,482.22265625,99.5139682075462,884,vault,0.3555013024688301,12.100443000008454,cpp,mobilenet_v3_small,cbd6335f0c9f4d6e87c3e06eb5b9c692,0.4624062478542328,Learned utility selected the highest-scoring feasible model.,2.0888450001166348,learned,50.0,2048.0,True,True,d4dcc887e7e10d2bf5fa,1,497,0
6.364315,0.0,482.22265625,99.37726666502344,574,golf ball,0.9999996653090328,12.65597900010107,cpp,mobilenet_v3_small,c2db3b70cb8f46139d303e5dbdf901e9,0.3868842422962188,Learned utility selected the highest-scoring feasible model.,2.2360269999808224,learned,50.0,2048.0,True,True,be5eaa3600e1cc67f394,1,574,1
7.650089,0.0,482.22265625,99.39472520977988,701,parachute,0.9544760323646558,14.745533999985128,cpp,mobilenet_v3_small,a91fb12d083943a0b26efa4106927b68,0.2955735623836517,Learned utility selected the highest-scoring feasible model.,2.446432999931858,learned,50.0,2048.0,True,True,383867303b559ef23d2d,1,701,1
9.58795,0.0,482.22265625,97.81869669543474,574,golf ball,0.9997044662015924,17.873992999966504,cpp,mobilenet_v3_small,ec286cb56ca341f3b4dca6aef54877b5,0.197446122765541,Learned utility selected the highest-scoring feasible model.,2.858971000023302,learned,50.0,2048.0,True,True,187e3af108481037ef18,1,574,1
7.912076,0.0,482.22265625,95.74289218109732,830,stretcher,0.5082401855591424,16.70681199993851,cpp,mobilenet_v3_small,03a73850fa6d4c46ab7ba4176ab2fdf3,0.4497123062610626,Learned utility selected the highest-scoring feasible model.,3.113061000021844,learned,50.0,2048.0,True,True,0038ddc45cbe29596ba9,1,491,0
6.959693,0.0,482.2265625,99.28378064097774,0,tench,0.9999760854005414,14.33192199988298,cpp,mobilenet_v3_small,5f0a650df7064035abfeac852d536c30,0.4287274479866028,Learned utility selected the highest-scoring feasible model.,2.696695999929944,learned,50.0,2048.0,True,True,a2ebfa36b363d02c435f,1,0,1
6.610791,0.0,482.23046875,99.17841050271554,73,barn spider,0.4334660134851359,14.09292599987566,cpp,mobilenet_v3_small,7d9fe066a48246838e19662ca2e9f129,0.3806670010089874,Learned utility selected the highest-scoring feasible model.,3.3174960001360887,learned,50.0,2048.0,True,True,8e0f259737a8cf29adcd,1,701,0
6.905193,0.0,482.23046875,99.24980349540184,0,tench,0.5121972551131087,14.37876599993615,cpp,mobilenet_v3_small,81a82a6e67cf47dab8696d374a1f7834,0.4414932429790497,Learned utility selected the highest-scoring feasible model.,2.46416599998156,learned,50.0,2048.0,True,True,672289c345c6b157c122,1,0,1
6.416057,0.0,482.23046875,99.21983000718254,491,chain saw,0.9971914082173996,12.353076999943369,cpp,mobilenet_v3_small,188b9ab1316f4c1f896fed1fe798b866,0.2714930176734924,Learned utility selected the highest-scoring feasible model.,2.130253000132143,learned,50.0,2048.0,True,True,97909eccc6227b59cdbd,1,491,1
6.409907,0.0,482.23046875,99.51874824758484,482,cassette player,0.6060792280018127,12.84816099996533,cpp,mobilenet_v3_small,aa80fc3a2ac244c0b343bf6e74c6c20e,0.4222639501094818,Learned utility selected the highest-scoring feasible model.,2.406585000017003,learned,50.0,2048.0,True,True,ead41664127f392d4b3a,1,482,1
6.379695,0.0,482.23046875,99.53965198254964,574,golf ball,0.8303300836410683,13.213046999908329,cpp,mobilenet_v3_small,2441929227fc4e1eb6c4a1804b1b776c,0.2333433926105499,Learned utility selected the highest-scoring feasible model.,2.3105579998627945,learned,50.0,2048.0,True,True,e95f8f97b7e36d6619df,1,574,1
6.383406,0.0,482.23046875,97.63891143525528,574,golf ball,0.9987844174862068,12.899262000019007,cpp,mobilenet_v3_small,5664fe0cb0294d93aa1cf5ef25f36403,0.4428637325763702,Learned utility selected the highest-scoring feasible model.,2.320605000022624,learned,50.0,2048.0,True,True,4b548c57634f96cce13f,1,574,1
6.78421,0.0,482.23046875,97.19360734564712,707,pay-phone,0.2157933159083242,13.668685999846277,cpp,mobilenet_v3_small,5f3035b3d022401b954a4df62b3bc3d3,0.372204065322876,Learned utility selected the highest-scoring feasible model.,2.4205370000345283,learned,50.0,2048.0,True,True,971fa9f2047ef0b7580b,1,571,0
6.800743,0.0,482.23046875,98.82831633317424,663,monastery,0.464341906334016,13.752176000025427,cpp,mobilenet_v3_small,73141388656748c4828034fc71fceb56,0.4545212984085083,Learned utility selected the highest-scoring feasible model.,2.46811300007721,learned,50.0,2048.0,True,True,2620f63214c6d4d53a2e,1,497,0
7.174768,0.0,482.23046875,97.7316903588498,569,garbage truck,0.5083698992920235,13.905023999996049,cpp,mobilenet_v3_small,df8bba4775184aca8855a428011bc405,0.3921989202499389,Learned utility selected the highest-scoring feasible model.,2.4596460000338998,learned,50.0,2048.0,True,True,cd042851c41a91dcb39d,1,569,1
7.343212,0.0,482.234375,97.58207087720872,217,English springer,0.0878971902297676,14.534296999954677,cpp,mobilenet_v3_small,dd7f344523db4e2b9cbfb725c551f527,0.4473113119602203,Learned utility selected the highest-scoring feasible model.,2.547230000118361,learned,50.0,2048.0,True,True,560c8d4bfd14be3e6a8a,1,217,1
11.90556,0.0,482.234375,95.83991140971143,217,English springer,0.5835511659436893,24.076819000129035,cpp,mobilenet_v3_small,a26c234c9d6f462cb7a21d14e920d268,0.4084501266479492,Learned utility selected the highest-scoring feasible model.,2.990416000102414,learned,50.0,2048.0,True,True,71d33942636767e8ed5a,1,217,1
11.725911,0.0,482.23828125,97.56545908845816,0,tench,0.9048288077752856,23.596112000177527,cpp,mobilenet_v3_small,be138f86ec4f49b19cba24044a1cf1db,0.3548454642295837,Learned utility selected the highest-scoring feasible model.,5.019657000048028,learned,50.0,2048.0,True,True,f6ff97e8bae06024f9d5,1,0,1
13.257806,0.0,482.23828125,91.39739558309016,574,golf ball,0.9568963740172376,28.3292579999852,cpp,mobilenet_v3_small,abb62631ed1c401ebd3a02afd5b3c93b,0.2582268714904785,Learned utility selected the highest-scoring feasible model.,5.464268999958222,learned,50.0,2048.0,True,True,71e9baf5ea98ffedf5a8,1,574,1
8.754944,0.0,482.23828125,92.75631899751284,701,parachute,0.9546257468146624,21.057374000065465,cpp,mobilenet_v3_small,f918796938f644dc90595a54373b90ce,0.325042724609375,Learned utility selected the highest-scoring feasible model.,5.600240000148915,learned,50.0,2048.0,True,True,30fb16826a0b77fbdaf0,1,701,1
16.979741,0.0,482.23828125,89.44454183008833,195,Boston bull,0.2922176778312602,31.290294999962494,cpp,mobilenet_v3_small,04b3d4886d2b4058b13c3e8252c221d7,0.4542423486709595,Learned utility selected the highest-scoring feasible model.,5.008172000088962,learned,50.0,2048.0,True,True,073d0199c1f24a40dc5b,1,217,0
13.674234,0.0,482.23828125,97.83207561275036,574,golf ball,0.9897354315759668,27.16621500007932,cpp,mobilenet_v3_small,631af8fd4075438b9010649ad7018e14,0.3763380348682403,Learned utility selected the highest-scoring feasible model.,4.719606999969983,learned,50.0,2048.0,True,True,b9dd47e849749a3e01ef,1,574,1
9.442844,0.0,482.2421875,98.75905568650973,497,church,0.6786071250248797,18.8786070000333,cpp,mobilenet_v3_small,5a72295496a74479b9e22eb494f92f41,0.3160988688468933,Learned utility selected the highest-scoring feasible model.,3.6167860000659857,learned,50.0,2048.0,True,True,050c33a7d7f32fd92ac6,1,497,1
9.821028,0.0,482.2421875,98.78752424717548,491,chain saw,0.262145664616863,20.36436599996705,cpp,mobilenet_v3_small,2860974476cd4269a71bb333bfb60413,0.4537008702754974,Learned utility selected the highest-scoring feasible model.,3.514638000069681,learned,50.0,2048.0,True,True,5722417798e696c036a9,1,491,1
6.911748,0.0,482.2421875,99.446399991237,491,chain saw,0.980391565854831,14.762282999981837,cpp,mobilenet_v3_small,7b398cb411e84792b2fff650de5b42e6,0.4259228408336639,Learned utility selected the highest-scoring feasible model.,2.887632000010853,learned,50.0,2048.0,True,True,0b8b19a751055a1ec8a0,1,491,1
7.519234,0.0,482.2421875,99.43359027278495,848,tape player,0.486917427749532,14.442371999848548,cpp,mobilenet_v3_small,db982bdbe9a142188dc0cafa4baa3ddf,0.4451096653938293,Learned utility selected the highest-scoring feasible model.,2.429489000178364,learned,50.0,2048.0,True,True,9b619751b75c8a6ad1a0,1,482,0
5.906649,0.0,482.2421875,99.484309976646,701,parachute,0.9153856828646042,15.449784999873373,cpp,mobilenet_v3_small,774e4733805a4e6da87659e01eaf3295,0.4224415719509125,Learned utility selected the highest-scoring feasible model.,2.9350489999160345,learned,50.0,2048.0,True,True,31d5325988db9f1c752b,1,701,1
5.955545,0.0,482.2421875,99.47896924234406,590,hand-held computer,0.4004814688046831,11.72925000014402,cpp,mobilenet_v3_small,fc98f3d3c1bb4945a65e03ad74ba9dd2,0.2990542650222778,Learned utility selected the highest-scoring feasible model.,2.1051700000498386,learned,50.0,2048.0,True,True,b96089f5a0ee8958f842,1,482,0
8.37363,0.0,482.2421875,98.59158550814472,220,Sussex spaniel,0.2058296499984729,16.724834999877203,cpp,mobilenet_v3_small,f77e21ef2c4e475bb86fdfa3ed63d98f,0.4494682252407074,Learned utility selected the highest-scoring feasible model.,3.239453999867692,learned,50.0,2048.0,True,True,3fcb8614fa0697512341,1,217,0
6.742567,0.0,482.24609375,98.25037765642574,0,tench,0.9996678401020548,13.301099000045724,cpp,mobilenet_v3_small,f1555a0d9e9549ba99eb2f101149cf31,0.4051744937896728,Learned utility selected the highest-scoring feasible model.,2.261129000089568,learned,50.0,2048.0,True,True,f164d1a7b2bfad695ace,1,0,1
7.033091,0.0,482.24609375,97.33628349998824,0,tench,0.7647460872029334,13.354273999993891,cpp,mobilenet_v3_small,4eb9cbc2b6444fa5913a25c41da34904,0.4401855766773224,Learned utility selected the highest-scoring feasible model.,2.196173999891471,learned,50.0,2048.0,True,True,f53fbb95080335df2c2d,1,0,1
7.177392,0.0,482.25390625,96.9154163520958,701,parachute,0.4260599249409807,14.51307699994686,cpp,mobilenet_v3_small,9e86c1c81b5945c7876e97ec820ab3f4,0.3612437844276428,Learned utility selected the highest-scoring feasible model.,2.6207230000636628,learned,50.0,2048.0,True,True,68ae5f6b4dfe6c710ddc,1,701,1
6.583103,0.0,482.2578125,95.97815859972197,232,Border collie,0.1046552488295859,14.01778300009937,cpp,mobilenet_v3_small,0a5da8c8ee3048f7af04d768504a56a4,0.3964085876941681,Learned utility selected the highest-scoring feasible model.,2.8101739999328856,learned,50.0,2048.0,True,True,2a328ad9ed0463dd8e40,1,217,0
6.366506,0.0,482.2578125,99.56212956823396,566,French horn,0.9970273035380478,12.989459000209536,cpp,mobilenet_v3_small,ab829bc9d10f4076903ecf4c1da627d7,0.4309717416763305,Learned utility selected the highest-scoring feasible model.,2.313774999947782,learned,50.0,2048.0,True,True,e164986e7efd9a941c8e,1,566,1
6.335369,0.0,482.2578125,99.42440392626712,227,kelpie,0.2578671865305892,12.653144000069004,cpp,mobilenet_v3_small,a507d8117aab4bbbaefd48558e5eec53,0.3631918728351593,Learned utility selected the highest-scoring feasible model.,2.186520999885033,learned,50.0,2048.0,True,True,edec038dc21e45a32a00,1,217,0
6.16596,0.0,482.2578125,99.50420689593768,217,English springer,0.7260319279122938,12.204485999973258,cpp,mobilenet_v3_small,cec124ed5ba3476f8c07670f9c9a07b6,0.3863670527935028,Learned utility selected the highest-scoring feasible model.,2.0909430002120644,learned,50.0,2048.0,True,True,c502624fc7bb3bb7c430,1,217,1
6.327476,0.0,482.2578125,99.48683027861128,571,gas pump,0.9996508005833028,12.3561460000019,cpp,mobilenet_v3_small,20b2098b8c3a4164abf0631aa55cb10b,0.431299090385437,Learned utility selected the highest-scoring feasible model.,2.1544919998177647,learned,50.0,2048.0,True,True,cabe8ff46702c50e9274,1,571,1
6.052271,0.0,482.26171875,97.50108526527912,675,moving van,0.2235748584627742,14.607021000074385,cpp,mobilenet_v3_small,c11f3018d9294cf7b56ec81ab1874ae4,0.4314498603343963,Learned utility selected the highest-scoring feasible model.,3.3882969999012857,learned,50.0,2048.0,True,True,759cbbc8629f7d2e495f,1,569,0
7.105784,0.0,482.26171875,99.33536808962204,674,mousetrap,0.0965965452461388,12.928659999943193,cpp,mobilenet_v3_small,f0cd31ef072e4b0786a4e05820a09e63,0.4111779034137726,Learned utility selected the highest-scoring feasible model.,1.9687109997903465,learned,50.0,2048.0,True,True,aca16af98b818790e01b,1,482,0
5.48256,0.0,482.26171875,99.60982501849855,621,lawn mower,0.3023785111436779,11.19574599988482,cpp,mobilenet_v3_small,003a0f326fd0408fa4032f5ed034c84a,0.4730862379074096,Learned utility selected the highest-scoring feasible model.,2.0388679999996384,learned,50.0,2048.0,True,True,0d1cfd3c9113ab92d8a9,1,571,0
5.331795,0.0,482.26953125,99.43217002183547,116,chiton,0.419688258144664,11.56578600011926,cpp,mobilenet_v3_small,7d78511f73994c079ea5209599022bc6,0.4279609024524688,Learned utility selected the highest-scoring feasible model.,2.3655299999063573,learned,50.0,2048.0,True,True,39bb040fb53a1d176cae,1,0,0
5.444469,0.0,482.26953125,99.6662067796556,663,monastery,0.4560518812694235,11.162899000055404,cpp,mobilenet_v3_small,10421a81e6904c6fb3f03bd28b0c0988,0.4536961615085602,Learned utility selected the highest-scoring feasible model.,2.057502000070599,learned,50.0,2048.0,True,True,a0917b15d44486760f0e,1,497,0
5.474256,0.0,482.296875,99.26740792699816,701,parachute,0.9980184011598716,11.125563999939914,cpp,mobilenet_v3_small,b8f336981aa2409aa0cb7c604bc0ce38,0.454125165939331,Learned utility selected the highest-scoring feasible model.,2.1588749998500134,learned,50.0,2048.0,True,True,ddb3b09917f249dbe143,1,701,1
5.196035,0.0,482.62109375,99.49760449869248,566,French horn,0.9997432464525134,10.95929400003115,cpp,mobilenet_v3_small,7261d6c43bf941ee89894bc081bd4704,0.4504099488258362,Learned utility selected the highest-scoring feasible model.,2.024918999950387,learned,50.0,2048.0,True,True,1fe86a7b0db415dc071c,1,566,1
5.142343,0.0,482.78125,99.54153653655858,0,tench,0.9997778983859752,10.910575000025348,cpp,mobilenet_v3_small,bf6021e0e91d407d8b348fa8dc67401f,0.4437167048454284,Learned utility selected the highest-scoring feasible model.,2.044492000095488,learned,50.0,2048.0,True,True,f5b6098226ef6b4d3008,1,0,1
5.371162,0.0,483.61328125,99.48377318221172,491,chain saw,0.251669982959622,12.680860000045868,cpp,mobilenet_v3_small,0e95686dfe33494faf5b508c01a7b342,0.2589328289031982,Learned utility selected the highest-scoring feasible model.,2.1836549999534327,learned,50.0,2048.0,True,True,e969791171f72413723a,1,491,1
5.35425,0.0,483.62109375,99.61672350960748,217,English springer,0.5586676246212985,10.800818999996409,cpp,mobilenet_v3_small,65d112324c8e41628518e7c14957e087,0.3245898187160492,Learned utility selected the highest-scoring feasible model.,2.0617709999442013,learned,50.0,2048.0,True,True,2f0b56bb43b367cf0737,1,217,1
5.389207,0.0,483.625,99.55978094094324,497,church,0.7919017757483665,11.002704000020458,cpp,mobilenet_v3_small,a1a89d63e3e94899b44e0f313d800f8c,0.3911303281784057,Learned utility selected the highest-scoring feasible model.,1.9523780001691196,learned,50.0,2048.0,True,True,42416e86d762cb8caf7a,1,497,1
5.478,0.0,483.59765625,86.31958713614935,0,tench,0.9975248440699528,16.43254500004332,cpp,mobilenet_v3_small,29966a41fbcb42bc9cf029d4a55d7f91,0.3809593915939331,Learned utility selected the highest-scoring feasible model.,7.288677999895299,learned,50.0,2048.0,True,True,7bf919583e8a809b8724,1,0,1
5.135743,0.0,483.62890625,99.40518592043225,569,garbage truck,0.5097801949650608,10.987634999992224,cpp,mobilenet_v3_small,a2370128ef54486ab5b81696034e1893,0.3714280426502228,Learned utility selected the highest-scoring feasible model.,2.349124999909691,learned,50.0,2048.0,True,True,1718763bdc51740a7d7a,1,569,1
5.476036,0.0,483.62890625,99.44587061861768,675,moving van,0.6997966960014768,10.89510900010282,cpp,mobilenet_v3_small,1039be3bcd2d4981a68156da6bd93bd0,0.420907199382782,Learned utility selected the highest-scoring feasible model.,1.9308299999920564,learned,50.0,2048.0,True,True,c10444f8b888582761a4,1,569,0
4.901812,0.0,483.62890625,99.768416546721,571,gas pump,0.9997290856284924,9.602153999821894,cpp,mobilenet_v3_small,b343b037bb1844168b804c5eedd58cff,0.3769330084323883,Learned utility selected the highest-scoring feasible model.,1.779515999942305,learned,50.0,2048.0,True,True,90e1209a31015bd22730,1,571,1
5.253911,0.0,483.62890625,99.55962830697956,749,quill,0.2781236584435557,10.186395000118864,cpp,mobilenet_v3_small,5fba830a7c03442bb3f81ec58369b241,0.3981295228004455,Learned utility selected the highest-scoring feasible model.,1.8197200001850435,learned,50.0,2048.0,True,True,fa8dca38dfc9570aba66,1,482,0
5.43867,0.0,483.62890625,99.55004937957256,663,monastery,0.5503947837333284,11.127220999924248,cpp,mobilenet_v3_small,c71960d2e3f7484cbc1a6d9dad8296a2,0.3910107910633087,Learned utility selected the highest-scoring feasible model.,2.111634000129925,learned,50.0,2048.0,True,True,ec65f302bff6f50bb8a2,1,497,0
5.170174,0.0,483.62890625,99.49256664559142,668,mosque,0.4012105871484328,10.446494999996505,cpp,mobilenet_v3_small,bce534fe5304470296eb6bba82f72d27,0.4408412575721741,Learned utility selected the highest-scoring feasible model.,1.966496000022744,learned,50.0,2048.0,True,True,119e22c1bc53d94525dc,1,497,0
5.471298,0.0,483.62890625,99.59142587057336,701,parachute,0.4462090784953996,11.17104499985544,cpp,mobilenet_v3_small,fd8165485368473ba588745c572fa6aa,0.3529438376426697,Learned utility selected the highest-scoring feasible model.,1.995700000179568,learned,50.0,2048.0,True,True,a090cb4a0dea5c618439,1,701,1
5.145989,0.0,483.62890625,99.50265279446116,574,golf ball,0.9987844174862068,10.53248099992743,cpp,mobilenet_v3_small,470a3ef86e6c4aa6a4d70e4f9e8cfd1d,0.4428637325763702,Learned utility selected the highest-scoring feasible model.,1.9080360000316432,learned,50.0,2048.0,True,True,4b548c57634f96cce13f,2,574,1
5.469048,0.0,483.62890625,99.37315531419264,571,gas pump,0.9406437023561692,11.101473999815424,cpp,mobilenet_v3_small,126d00e60c28420a8e92cfeb089acaac,0.4506925046443939,Learned utility selected the highest-scoring feasible model.,2.089605000037409,learned,50.0,2048.0,True,True,9fda59f5fd0df9879327,2,571,1
5.234279,0.0,483.62890625,99.61218751273748,663,monastery,0.4560518812694235,10.708009999916612,cpp,mobilenet_v3_small,7be7e22ee90c4168a1a279f8f6347cde,0.4536961615085602,Learned utility selected the highest-scoring feasible model.,2.040452000073856,learned,50.0,2048.0,True,True,a0917b15d44486760f0e,2,497,0
5.396758,0.0,483.62890625,99.51448534218768,227,kelpie,0.2578671865305892,10.811826000008296,cpp,mobilenet_v3_small,ae3726eaf090434198dee03f34ac0bf0,0.3631918728351593,Learned utility selected the highest-scoring feasible model.,1.947070000142048,learned,50.0,2048.0,True,True,edec038dc21e45a32a00,2,217,0
5.286393,0.0,483.62890625,98.11709744297004,574,golf ball,0.9897354315759668,11.005774000068412,cpp,mobilenet_v3_small,2d1b38e81c4043208ac3b071b9778c9d,0.3763380348682403,Learned utility selected the highest-scoring feasible model.,1.9109099998786403,learned,50.0,2048.0,True,True,b9dd47e849749a3e01ef,2,574,1
5.704663,0.0,483.62890625,97.35153220457252,663,monastery,0.43443191769851,11.64533700011816,cpp,mobilenet_v3_small,e9de7376f4c8414a921eab8017eaa64c,0.3864231407642364,Learned utility selected the highest-scoring feasible model.,2.2004170000400336,learned,50.0,2048.0,True,True,13e3bcc97110094b8448,2,497,0
5.478254,0.0,483.6328125,97.14649987723035,701,parachute,0.9694100204551596,11.801962000163256,cpp,mobilenet_v3_small,ae75b28244024d869c47e564bb7c01aa,0.3760958909988403,Learned utility selected the highest-scoring feasible model.,2.357910000000629,learned,50.0,2048.0,True,True,417536921c3e9bb251be,2,701,1
5.285823,0.0,483.6328125,98.17997749682056,232,Border collie,0.1046552488295859,11.217169000019569,cpp,mobilenet_v3_small,c434280bedc541d5a7aaac3234254a3d,0.3964085876941681,Learned utility selected the highest-scoring feasible model.,2.3428290000993,learned,50.0,2048.0,True,True,2a328ad9ed0463dd8e40,2,217,0
4.986609,0.0,483.6328125,98.6308357067646,621,lawn mower,0.3023785111436779,10.471204999930706,cpp,mobilenet_v3_small,088ec78b48d14c5cbe91d219a920187f,0.4730862379074096,Learned utility selected the highest-scoring feasible model.,1.9944839998515815,learned,50.0,2048.0,True,True,0d1cfd3c9113ab92d8a9,2,571,0
5.309891,0.0,483.6328125,99.46374766091036,217,English springer,0.0878971902297676,11.210394000045198,cpp,mobilenet_v3_small,789b3392e1a5449c8309bb31761e93fb,0.4473113119602203,Learned utility selected the highest-scoring feasible model.,1.954312999941976,learned,50.0,2048.0,True,True,560c8d4bfd14be3e6a8a,2,217,1
5.183572,0.0,483.6328125,99.36812056268704,566,French horn,0.9997432464525134,10.873434999894016,cpp,mobilenet_v3_small,9cc7086d12264f6a87f098bcef563500,0.4504099488258362,Learned utility selected the highest-scoring feasible model.,2.1400969999376684,learned,50.0,2048.0,True,True,1fe86a7b0db415dc071c,2,566,1
5.140435,0.0,483.6328125,99.19223647729343,571,gas pump,0.709198912733874,10.641357000167773,cpp,mobilenet_v3_small,82dd74e91ee042969d6bee95d2b2a463,0.4463847279548645,Learned utility selected the highest-scoring feasible model.,2.1881579998535017,learned,50.0,2048.0,True,True,17d5a963eb476a043cf3,2,571,1
5.181047,0.0,483.6328125,99.45799323604842,701,parachute,0.9153856828646042,13.70499499989819,cpp,mobilenet_v3_small,c3e55c14e0f5464ca0ee0b54bb03feff,0.4224415719509125,Learned utility selected the highest-scoring feasible model.,2.704895999841028,learned,50.0,2048.0,True,True,31d5325988db9f1c752b,2,701,1
5.164381,0.0,483.6328125,99.4154564429127,569,garbage truck,0.6379212474982539,10.879941999974108,cpp,mobilenet_v3_small,ce9b79e4502c46fbb570b7dbd7de648a,0.4038387835025787,Learned utility selected the highest-scoring feasible model.,2.17860800012204,learned,50.0,2048.0,True,True,45bd4d0f4d7478b0cee3,2,569,1
5.761333,0.0,483.6328125,99.6038009127403,566,French horn,0.6595821624205583,11.450303999936295,cpp,mobilenet_v3_small,c7a94f152aee4660b0fe504c75b2c59a,0.4488692283630371,Learned utility selected the highest-scoring feasible model.,1.9985039998573484,learned,50.0,2048.0,True,True,4820256bcd3e9dc760e4,2,566,1
5.215072,0.0,483.6328125,99.53989981375004,701,parachute,0.9544760323646558,11.042595000162692,cpp,mobilenet_v3_small,066efe5236de44218823c8f3534e7af8,0.2955735623836517,Learned utility selected the highest-scoring feasible model.,2.176241000142909,learned,50.0,2048.0,True,True,383867303b559ef23d2d,2,701,1
5.13327,0.0,483.6328125,99.42767335898245,569,garbage truck,0.9736842001502076,10.708045999990643,cpp,mobilenet_v3_small,bbcce1c23cea45c8847ce549cd359327,0.3436554074287414,Learned utility selected the highest-scoring feasible model.,1.9741619998967508,learned,50.0,2048.0,True,True,0be2554779cb63aa7570,2,569,1
4.974464,0.0,483.6328125,99.44472392136736,491,chain saw,0.9997509188596484,10.563393999973414,cpp,mobilenet_v3_small,81b62d4ce6294885a67d232a2a458dce,0.4566319286823272,Learned utility selected the highest-scoring feasible model.,2.152307000187648,learned,50.0,2048.0,True,True,6d7204950e9ea9baf7eb,2,491,1
5.528855,0.0,483.6328125,99.54539694670837,0,tench,0.5121972551131087,11.26147300010416,cpp,mobilenet_v3_small,fb3579b30afc4410bc5e47409b3095f9,0.4414932429790497,Learned utility selected the highest-scoring feasible model.,2.168291999851135,learned,50.0,2048.0,True,True,672289c345c6b157c122,2,0,1
5.211565,0.0,483.6328125,99.20841792516453,571,gas pump,0.9996508005833028,11.169403999929273,cpp,mobilenet_v3_small,a80187b2faea4ad2be2f71acfd6c2148,0.431299090385437,Learned utility selected the highest-scoring feasible model.,2.2271679999903427,learned,50.0,2048.0,True,True,cabe8ff46702c50e9274,2,571,1
5.412906,0.0,483.6328125,99.43779031061578,739,potter's wheel,0.2081629327076862,12.04781800015553,cpp,mobilenet_v3_small,10b6f8ee322a4d2f85407d3da0f9ec9f,0.4275709092617035,Learned utility selected the highest-scoring feasible model.,2.640017999965494,learned,50.0,2048.0,True,True,3de5f3a0109d307875a8,2,491,0
5.857114,0.0,483.6328125,99.59114995160262,701,parachute,0.9997642845125476,11.855936000074507,cpp,mobilenet_v3_small,0bd9bd8f80194505a10f499ca16a0f3b,0.3212895393371582,Learned utility selected the highest-scoring feasible model.,2.120511000157421,learned,50.0,2048.0,True,True,b3b7d952751637282f6b,2,701,1
5.53662,0.0,483.63671875,99.51755741640606,701,parachute,0.9980184011598716,11.918723999997384,cpp,mobilenet_v3_small,67609267f10b459287872ca0ce3c9bf3,0.454125165939331,Learned utility selected the highest-scoring feasible model.,2.58736199998566,learned,50.0,2048.0,True,True,ddb3b09917f249dbe143,2,701,1
5.450538,0.0,483.63671875,99.50850921541362,491,chain saw,0.251669982959622,13.398826999946325,cpp,mobilenet_v3_small,1ce668b64c4e411698c7c6ea23359326,0.2589328289031982,Learned utility selected the highest-scoring feasible model.,2.64651300017249,learned,50.0,2048.0,True,True,e969791171f72413723a,2,491,1
5.370502,0.0,483.63671875,99.49796361208077,406,altar,0.3487917450787637,11.5071339998849,cpp,mobilenet_v3_small,f09eba37470e45d9b96a25c8c5a2dcea,0.4621069431304931,Learned utility selected the highest-scoring feasible model.,2.423489999955564,learned,50.0,2048.0,True,True,298fb3d15c1c56aa6a1b,2,497,0
5.357933,0.0,483.63671875,99.45911902148774,701,parachute,0.4260599249409807,11.835321000035036,cpp,mobilenet_v3_small,224e150280874905a9c45fd8190c868b,0.3612437844276428,Learned utility selected the highest-scoring feasible model.,2.376311000034548,learned,50.0,2048.0,True,True,68ae5f6b4dfe6c710ddc,2,701,1
5.546483,0.0,483.63671875,99.38676767209566,0,tench,0.7647460872029334,11.569514000029812,cpp,mobilenet_v3_small,9273d75b93654b2d911a4a5d097523f2,0.4401855766773224,Learned utility selected the highest-scoring feasible model.,2.45542899983775,learned,50.0,2048.0,True,True,f53fbb95080335df2c2d,2,0,1
6.124545,0.0,483.63671875,99.08217973809496,400,academic gown,0.1963711158238826,12.513997000041854,cpp,mobilenet_v3_small,55bac943933b40a5a0ac5001beda277e,0.3379197418689728,Learned utility selected the highest-scoring feasible model.,2.280481000070722,learned,50.0,2048.0,True,True,a5cb5dce8fea0d78d48b,2,574,0
5.591824,0.0,483.63671875,99.64186845164292,663,monastery,0.5503947837333284,11.253685999918162,cpp,mobilenet_v3_small,840bbe772b2146d38f47abf8b6992373,0.3910107910633087,Learned utility selected the highest-scoring feasible model.,2.0364340000469383,learned,50.0,2048.0,True,True,ec65f302bff6f50bb8a2,2,497,0
5.557094,0.0,483.63671875,99.43712064077968,491,chain saw,0.9999988317844206,11.50441899994803,cpp,mobilenet_v3_small,cb4cc9b1830545458234dd6414599bcb,0.4069598615169525,Learned utility selected the highest-scoring feasible model.,2.117553000061889,learned,50.0,2048.0,True,True,a9ccf20cebb67562b233,2,491,1
5.834472,0.0,483.63671875,99.27318641283786,675,moving van,0.5434645453746406,12.28540600004635,cpp,mobilenet_v3_small,256b561e7a0240149ab6baeed32b3d70,0.4476467370986938,Learned utility selected the highest-scoring feasible model.,2.580079999916052,learned,50.0,2048.0,True,True,b25a98271d50629a4f1d,2,569,0
5.656281,0.0,483.640625,99.32651157506514,220,Sussex spaniel,0.2058296499984729,11.683496999921772,cpp,mobilenet_v3_small,dc3b5470bbe745148e30a146e534450c,0.4494682252407074,Learned utility selected the highest-scoring feasible model.,2.242719999912879,learned,50.0,2048.0,True,True,3fcb8614fa0697512341,2,217,0
5.649812,0.0,483.640625,99.3734344993856,232,Border collie,0.2272443551445507,11.896761000116385,cpp,mobilenet_v3_small,62d109d3236546018cddc9025a325dac,0.3303617537021637,Learned utility selected the highest-scoring feasible model.,2.5524489999497746,learned,50.0,2048.0,True,True,4b193d510c7badf1e9d7,2,217,0
5.883632,0.0,483.640625,99.43881953431624,491,chain saw,0.5559572843536429,12.513978000015411,cpp,mobilenet_v3_small,62a5c5c12e90442cb430beffb93287f0,0.4529488980770111,Learned utility selected the highest-scoring feasible model.,2.555142999881354,learned,50.0,2048.0,True,True,b683b233630b42dc4774,2,491,1
6.24925,0.0,483.640625,99.30937712064318,476,carousel,0.2047949511478363,13.287714999933089,cpp,mobilenet_v3_small,d87ea6cfabb64c64b6dfccd628cad6e6,0.4460175037384033,Learned utility selected the highest-scoring feasible model.,2.4192739999762125,learned,50.0,2048.0,True,True,c855206e6d49ba4dd808,2,701,0
5.520354,0.0,483.640625,99.27299382258325,497,church,0.6786071250248797,12.02438199993594,cpp,mobilenet_v3_small,07dd5f7821444c0caa86e4818da73b37,0.3160988688468933,Learned utility selected the highest-scoring feasible model.,2.5398790000963345,learned,50.0,2048.0,True,True,050c33a7d7f32fd92ac6,2,497,1
5.788827,0.0,483.64453125,99.46111188363604,0,tench,0.9048288077752856,12.18750199996066,cpp,mobilenet_v3_small,3ce2b7f57df945928e2ced72284a9e89,0.3548454642295837,Learned utility selected the highest-scoring feasible model.,2.5842610000381683,learned,50.0,2048.0,True,True,f6ff97e8bae06024f9d5,2,0,1
5.48289,0.0,483.64453125,99.50505539361284,217,English springer,0.9552077726096326,11.854862000063804,cpp,mobilenet_v3_small,8e260229fc9d47149559f5b7519ed0d2,0.406385987997055,Learned utility selected the highest-scoring feasible model.,2.447826000206988,learned,50.0,2048.0,True,True,6f7809e7f2cc44bd0073,2,217,1
5.73675,0.0,483.64453125,99.44711537741914,701,parachute,0.9991826182515902,11.95981900013976,cpp,mobilenet_v3_small,93a0f6856cee4e4dac836cfc84172819,0.3276153802871704,Learned utility selected the highest-scoring feasible model.,2.38973000000442,learned,50.0,2048.0,True,True,b0bfa88a566c909ba480,2,701,1
5.514822,0.0,483.64453125,99.50378705887978,590,hand-held computer,0.4004814688046831,11.258472999998048,cpp,mobilenet_v3_small,0910c5b7e5e7434ab53e54793f79773a,0.2990542650222778,Learned utility selected the highest-scoring feasible model.,2.166692999935549,learned,50.0,2048.0,True,True,b96089f5a0ee8958f842,2,482,0
5.496681,0.0,483.64453125,97.52068502872686,701,parachute,0.9996197023251672,11.839964000046166,cpp,mobilenet_v3_small,96cea760ff1b475c8fff6a94fd348280,0.2886195480823517,Learned utility selected the highest-scoring feasible model.,2.335457000071983,learned,50.0,2048.0,True,True,1ce9829c757e18582436,2,701,1
5.335756,0.0,483.64453125,98.7309550772482,569,garbage truck,0.4962246448369193,11.055637000026763,cpp,mobilenet_v3_small,153c7c3b9b3646a59f684253222e2344,0.4671176075935364,Learned utility selected the highest-scoring feasible model.,2.2764870000173687,learned,50.0,2048.0,True,True,2eeed640e4c9f230923b,2,569,1
5.624941,0.0,483.65234375,98.29637498532348,0,tench,0.9999760854005414,12.15020899985575,cpp,mobilenet_v3_small,d41e2d12d27e4f33ad228771b16b9092,0.4287274479866028,Learned utility selected the highest-scoring feasible model.,2.5998129999607045,learned,50.0,2048.0,True,True,a2ebfa36b363d02c435f,2,0,1
5.815069,0.0,483.65625,97.24485856402276,195,Boston bull,0.2922176778312602,12.352432999932716,cpp,mobilenet_v3_small,00fb75ecf82641358e4373e97f353e91,0.4542423486709595,Learned utility selected the highest-scoring feasible model.,2.550043999917761,learned,50.0,2048.0,True,True,073d0199c1f24a40dc5b,2,217,0
6.144564,0.0,483.65625,98.87700981239496,675,moving van,0.6997966960014768,12.661196999943058,cpp,mobilenet_v3_small,645fb36f9b644bd5a58d5d583d853312,0.420907199382782,Learned utility selected the highest-scoring feasible model.,2.459955999938757,learned,50.0,2048.0,True,True,c10444f8b888582761a4,2,569,0
5.993176,0.0,483.65625,98.2710593650976,569,garbage truck,0.5083698992920235,12.78482299994721,cpp,mobilenet_v3_small,df8483b94ea2445989e0bf0e8775596d,0.3921989202499389,Learned utility selected the highest-scoring feasible model.,2.42722899997716,learned,50.0,2048.0,True,True,cd042851c41a91dcb39d,2,569,1
5.866321,0.0,483.65625,98.05531452050948,574,golf ball,0.8303300836410683,12.817393999966953,cpp,mobilenet_v3_small,8448f683cbc74b63af1c881daf52df63,0.2333433926105499,Learned utility selected the highest-scoring feasible model.,2.568702999951711,learned,50.0,2048.0,True,True,e95f8f97b7e36d6619df,2,574,1
5.774509,0.0,483.65625,99.1818134419318,574,golf ball,0.9999996653090328,12.370895000003657,cpp,mobilenet_v3_small,f6de9bb88a84427e86e567e16d1f8f22,0.3868842422962188,Learned utility selected the highest-scoring feasible model.,2.5141940000139584,learned,50.0,2048.0,True,True,be5eaa3600e1cc67f394,2,574,1
5.558751,0.0,483.65625,99.45175490750977,566,French horn,0.9932583260971868,11.351310000009107,cpp,mobilenet_v3_small,8b8dc807919d4d14b7ded6e8a989f3e2,0.4509162604808807,Learned utility selected the highest-scoring feasible model.,2.345607999814092,learned,50.0,2048.0,True,True,95a6d8332e65a953f807,2,566,1
5.43331,0.0,483.65625,99.34800431942386,482,cassette player,0.247736669173771,11.007894999920609,cpp,mobilenet_v3_small,ca525754f9c44a48902eccd2f1d164fc,0.3488146364688873,Learned utility selected the highest-scoring feasible model.,2.174218000163819,learned,50.0,2048.0,True,True,9663eccdcbe0b346d2fb,2,482,1
5.605988,0.0,483.66015625,99.49845779806738,569,garbage truck,0.9988802628096758,11.645679999901404,cpp,mobilenet_v3_small,bd727539407d4139a067aded40eb325e,0.4392241835594177,Learned utility selected the highest-scoring feasible model.,2.2290299998530827,learned,50.0,2048.0,True,True,5986b7616a1228b54cf8,2,569,1
5.7253,0.0,483.66015625,99.55697735372432,217,English springer,0.7260319279122938,11.573449000024992,cpp,mobilenet_v3_small,c8dc65da265c44609665dc4236a86d2c,0.3863670527935028,Learned utility selected the highest-scoring feasible model.,2.186870999821622,learned,50.0,2048.0,True,True,c502624fc7bb3bb7c430,2,217,1
5.891175,0.0,483.66015625,99.38881192843068,217,English springer,0.5586676246212985,11.775917000022671,cpp,mobilenet_v3_small,3bee84dbd0744041ae56046c73d4c409,0.3245898187160492,Learned utility selected the highest-scoring feasible model.,2.27238499996929,learned,50.0,2048.0,True,True,2f0b56bb43b367cf0737,2,217,1
6.059239,0.0,483.66015625,99.47863934340512,481,cassette,0.4872942850333939,11.923415999945064,cpp,mobilenet_v3_small,5d58317620394edbb2abe695be4cfa65,0.2940942645072937,Learned utility selected the highest-scoring feasible model.,2.278249000028154,learned,50.0,2048.0,True,True,b46523267235e8ce5297,2,482,0
5.954474,0.0,483.66796875,99.38941442598986,569,garbage truck,0.9928520384760782,13.333430000102451,cpp,mobilenet_v3_small,583ad58e51554b2bb1081ab05b8dd48e,0.357228547334671,Learned utility selected the highest-scoring feasible model.,2.988953999874866,learned,50.0,2048.0,True,True,ce8529c8eee748f146d3,2,569,1
5.747887,0.0,483.63671875,83.67419183802859,663,monastery,0.5785628468160603,19.398273999968296,cpp,mobilenet_v3_small,37d6eafa89d9422187c8db5ab1cde720,0.3537954688072204,Learned utility selected the highest-scoring feasible model.,9.194953999895006,learned,50.0,2048.0,True,True,44d0e6aade6060dd3a4c,2,497,0
5.492003,0.0,483.66796875,99.32632714174926,574,golf ball,0.9969133444997234,11.901474000069356,cpp,mobilenet_v3_small,1d8bda26c2d84bdbbd7762f7680f8c05,0.4572982490062713,Learned utility selected the highest-scoring feasible model.,2.619200000026467,learned,50.0,2048.0,True,True,dfafa0b6ed6c5146f025,2,574,1
6.101361,0.0,483.66796875,99.2978997109696,482,cassette player,0.386667270163702,12.358206000044447,cpp,mobilenet_v3_small,9218e38ec21d406fbf7d1b5550e2544c,0.3884414136409759,Learned utility selected the highest-scoring feasible model.,2.565856000046552,learned,50.0,2048.0,True,True,ba3f10e49fa71222a167,2,482,1
5.309046,0.0,483.66796875,99.14874434142416,701,parachute,0.9546257468146624,12.049728999954825,cpp,mobilenet_v3_small,79a19f4c21db4ef9ab5f739f89a8d1d9,0.325042724609375,Learned utility selected the highest-scoring feasible model.,2.9824920000010025,learned,50.0,2048.0,True,True,30fb16826a0b77fbdaf0,2,701,1
5.401694,0.0,483.66796875,99.19668994135851,566,French horn,0.7359467944606322,11.06832900018162,cpp,mobilenet_v3_small,a58c8d9326f943aea4db69a7899418fc,0.424345850944519,Learned utility selected the highest-scoring feasible model.,2.122293999946123,learned,50.0,2048.0,True,True,5930368dd828c298772d,2,566,1
5.432401,0.0,483.66796875,99.4037776887738,844,switch,0.3237283886630832,12.926051000022198,cpp,mobilenet_v3_small,b2917ccee96647d7942a55cd3f400368,0.3388957381248474,Learned utility selected the highest-scoring feasible model.,2.6090940000358387,learned,50.0,2048.0,True,True,91bd6a57b11a9ffdc7f7,2,482,0
5.706201,0.0,483.66796875,99.25437940139828,574,golf ball,0.994480320376245,11.422163000133878,cpp,mobilenet_v3_small,1e0d3d91fc1c4cc9967b5e94bf21cabc,0.2551495432853699,Learned utility selected the highest-scoring feasible model.,2.085140000190222,learned,50.0,2048.0,True,True,e1faca667619e6e13dea,2,574,1
5.477176,0.0,483.66796875,99.1939014311064,848,tape player,0.486917427749532,12.017636999871684,cpp,mobilenet_v3_small,7f6fc78ced9d4e01b2596f3616dfeec1,0.4451096653938293,Learned utility selected the highest-scoring feasible model.,2.662943000132145,learned,50.0,2048.0,True,True,9b619751b75c8a6ad1a0,2,482,0
5.514406,0.0,483.66796875,99.31040090922436,707,pay-phone,0.2157933159083242,11.928669999861086,cpp,mobilenet_v3_small,7e7ef209e06845469dffa3669123e2c3,0.372204065322876,Learned utility selected the highest-scoring feasible model.,2.685660999986794,learned,50.0,2048.0,True,True,971fa9f2047ef0b7580b,2,571,0
5.451462,0.0,483.66796875,99.33057549952088,73,barn spider,0.4334660134851359,11.314196000057564,cpp,mobilenet_v3_small,c7d5ef016f4a434a912bced30821b2cb,0.3806670010089874,Learned utility selected the highest-scoring feasible model.,2.078858000004402,learned,50.0,2048.0,True,True,8e0f259737a8cf29adcd,2,701,0
5.848859,0.0,483.66796875,99.61654714856076,491,chain saw,0.980391565854831,12.292776000094818,cpp,mobilenet_v3_small,d6ececb161f84ebc8a8d6b918e891fc5,0.4259228408336639,Learned utility selected the highest-scoring feasible model.,2.460734999885972,learned,50.0,2048.0,True,True,0b8b19a751055a1ec8a0,2,491,1
6.187513,0.0,483.66796875,99.56482474245944,0,tench,0.9975248440699528,12.349736999794914,cpp,mobilenet_v3_small,ad1a0749d65c4de381fe92963f6c6580,0.3809593915939331,Learned utility selected the highest-scoring feasible model.,2.3237860000335786,learned,50.0,2048.0,True,True,7bf919583e8a809b8724,2,0,1
5.698679,0.0,483.66796875,99.39551845773724,0,tench,0.9976274975683465,12.175226999943334,cpp,mobilenet_v3_small,6ccba6ce38e34beca9688249292886bc,0.3931851387023926,Learned utility selected the highest-scoring feasible model.,2.5422460000754654,learned,50.0,2048.0,True,True,7c84bae86fda676d4554,2,0,1
5.65421,0.0,483.66796875,99.63987226796895,749,quill,0.2781236584435557,11.442328999919482,cpp,mobilenet_v3_small,26cee0c1fa8c47128bd4918f12efa197,0.3981295228004455,Learned utility selected the highest-scoring feasible model.,2.395468000031542,learned,50.0,2048.0,True,True,fa8dca38dfc9570aba66,2,482,0
7.026469,0.0,483.66796875,99.32712625778235,675,moving van,0.2235748584627742,13.67106399993645,cpp,mobilenet_v3_small,7f166ac6b99d402ea03e1b5b31e93fa4,0.4314498603343963,Learned utility selected the highest-scoring feasible model.,2.0625719998861314,learned,50.0,2048.0,True,True,759cbbc8629f7d2e495f,2,569,0
5.848608,0.0,483.66796875,99.59536985700798,663,monastery,0.464341906334016,12.052240999992136,cpp,mobilenet_v3_small,e8604b0e925249cb90ef6a2876c5dce0,0.4545212984085083,Learned utility selected the highest-scoring feasible model.,2.3394089998873824,learned,50.0,2048.0,True,True,2620f63214c6d4d53a2e,2,497,0
5.823274,0.0,483.66796875,99.52985276193225,574,golf ball,0.9568963740172376,12.285513000051653,cpp,mobilenet_v3_small,a780159b330841d6938892fbb7fc4fd9,0.2582268714904785,Learned utility selected the highest-scoring feasible model.,2.5449060001392354,learned,50.0,2048.0,True,True,71e9baf5ea98ffedf5a8,2,574,1
5.711479,0.0,483.66796875,99.57632736890932,566,French horn,0.6730542706168385,11.99912300012329,cpp,mobilenet_v3_small,caaff1977e0f4a06ad795351ac8c29b0,0.4299238920211792,Learned utility selected the highest-scoring feasible model.,2.3362969998288463,learned,50.0,2048.0,True,True,a829012efaba7982ccf9,2,566,1
5.700818,0.0,483.66796875,99.42635130392378,0,tench,0.9996678401020548,12.09764800000812,cpp,mobilenet_v3_small,45713cd6a28a402480c61ea413d3b579,0.4051744937896728,Learned utility selected the highest-scoring feasible model.,2.3921520000840246,learned,50.0,2048.0,True,True,f164d1a7b2bfad695ace,2,0,1
5.666744,0.0,483.66796875,99.43009923986229,491,chain saw,0.9971914082173996,11.710109000205192,cpp,mobilenet_v3_small,77a42d5b354143e0bebaf96c7e499383,0.2714930176734924,Learned utility selected the highest-scoring feasible model.,2.5069150001399976,learned,50.0,2048.0,True,True,97909eccc6227b59cdbd,2,491,1
6.847272,0.0,483.66796875,99.44640385857416,491,chain saw,0.999675761532608,15.11336399994434,cpp,mobilenet_v3_small,b04fee6ac98845408abdc2312f48160b,0.3987435698509216,Learned utility selected the highest-scoring feasible model.,2.7949469999839494,learned,50.0,2048.0,True,True,822ecb098d1efd5cc425,2,491,1
6.108956,0.0,483.66796875,99.61929905599658,569,garbage truck,0.6968233599676954,12.879925999868648,cpp,mobilenet_v3_small,5e3916cf64e849e5949f2e9d5c7ba404,0.3575295507907867,Learned utility selected the highest-scoring feasible model.,2.260308999893823,learned,50.0,2048.0,True,True,344dee6d7742b737b6b8,2,569,1
6.265906,0.0,483.66796875,99.44443349842643,701,parachute,0.4462090784953996,12.789467999937187,cpp,mobilenet_v3_small,305ab419bdd54fe1ac8f679ffe4caaca,0.3529438376426697,Learned utility selected the highest-scoring feasible model.,2.2872100000768114,learned,50.0,2048.0,True,True,a090cb4a0dea5c618439,2,701,1
7.140523,0.0,483.66796875,99.28457715397386,830,stretcher,0.5082401855591424,15.19674699989082,cpp,mobilenet_v3_small,73d6940f57d14d9a8dabe72d6c97b3c9,0.4497123062610626,Learned utility selected the highest-scoring feasible model.,2.747922000025937,learned,50.0,2048.0,True,True,0038ddc45cbe29596ba9,2,491,0
6.077445,0.0,483.66796875,99.47903393673572,856,thresher,0.7002647793086434,12.564734000079625,cpp,mobilenet_v3_small,823ca4800b2346be88f76851343cf113,0.3491328060626983,Learned utility selected the highest-scoring feasible model.,2.280393000091862,learned,50.0,2048.0,True,True,92770e44f32b0fb3805b,2,569,0
6.269959,0.0,483.66796875,99.4524525842678,566,French horn,0.9970273035380478,13.796795999951428,cpp,mobilenet_v3_small,2df84047f8124ccf90780071dbbf8aed,0.4309717416763305,Learned utility selected the highest-scoring feasible model.,3.245719999995345,learned,50.0,2048.0,True,True,e164986e7efd9a941c8e,2,566,1
5.714834,0.0,483.66796875,99.6263388325599,571,gas pump,0.2348529151239717,11.69535500002894,cpp,mobilenet_v3_small,9f3697862a8c462484b5dab65e14e071,0.400130420923233,Learned utility selected the highest-scoring feasible model.,2.1432159999221767,learned,50.0,2048.0,True,True,66ea92408bb1d45e8a80,2,571,1
5.519845,0.0,483.66796875,99.58772470063325,522,croquet ball,0.4393907913941756,12.37740900000972,cpp,mobilenet_v3_small,2322bf6b35b6478d94b4ead47dfec8b9,0.3705009222030639,Learned utility selected the highest-scoring feasible model.,2.237394000076165,learned,50.0,2048.0,True,True,5f27fa39b4d1da680538,2,574,0
5.956174,0.0,483.66796875,99.51438363927552,116,chiton,0.419688258144664,11.68515000017578,cpp,mobilenet_v3_small,f1ac4a761ccd4035851256edcc5db1b8,0.4279609024524688,Learned utility selected the highest-scoring feasible model.,2.0420359999206994,learned,50.0,2048.0,True,True,39bb040fb53a1d176cae,2,0,0
5.706277,0.0,483.67578125,99.47546186704676,491,chain saw,0.262145664616863,11.6777020000427,cpp,mobilenet_v3_small,214a2a97fac14543bc35a760db559161,0.4537008702754974,Learned utility selected the highest-scoring feasible model.,2.084695000121428,learned,50.0,2048.0,True,True,5722417798e696c036a9,2,491,1
6.759865,0.0,483.67578125,99.5789526223903,574,golf ball,0.9413075580488498,14.104351000014503,cpp,mobilenet_v3_small,44431b12669f45539d42820d43e0f14d,0.4162020087242126,Learned utility selected the highest-scoring feasible model.,2.8549310000016703,learned,50.0,2048.0,True,True,470a9f15033b9d2fc3d8,2,574,1
7.41909,0.0,483.67578125,98.62386992238535,491,chain saw,0.709344160626665,17.650438999908147,cpp,mobilenet_v3_small,d504415aa64d4150b52a6eb5b18b4e02,0.46164071559906,Learned utility selected the highest-scoring feasible model.,2.812049999874944,learned,50.0,2048.0,True,True,8a58d7d2fbec5278ad37,2,491,1
6.423333,0.0,483.67578125,99.0093732418465,884,vault,0.3555013024688301,12.995610999951168,cpp,mobilenet_v3_small,c81f6941fd7043ce9a491ea542914693,0.4624062478542328,Learned utility selected the highest-scoring feasible model.,2.4780219998774555,learned,50.0,2048.0,True,True,d4dcc887e7e10d2bf5fa,2,497,0
5.409796,0.0,483.67578125,98.83692346523472,574,golf ball,0.9997044662015924,12.411478999865722,cpp,mobilenet_v3_small,0438f2a81aa1480bbdccf5b47adc0ec0,0.197446122765541,Learned utility selected the highest-scoring feasible model.,3.054838000025484,learned,50.0,2048.0,True,True,187e3af108481037ef18,2,574,1
5.440076,0.0,483.67578125,99.41480809480728,713,photocopier,0.8444178158135708,11.535703000163268,cpp,mobilenet_v3_small,2f3a2760306d45b9a3b59f9a5fb70b13,0.4410563707351684,Learned utility selected the highest-scoring feasible model.,2.345832999935737,learned,50.0,2048.0,True,True,441b74bb0600359a5ae1,2,482,0
5.360322,0.0,483.67578125,99.56216680275332,668,mosque,0.4012105871484328,11.085956999977498,cpp,mobilenet_v3_small,cfeba602a3074cfc93220dbd65cee906,0.4408412575721741,Learned utility selected the highest-scoring feasible model.,2.1859260000383074,learned,50.0,2048.0,True,True,119e22c1bc53d94525dc,2,497,0
5.275179,0.0,483.6796875,99.38196935152352,571,gas pump,0.9695163198885124,11.169349000056172,cpp,mobilenet_v3_small,336c8c431b6e49a298efd0bd95033009,0.4299874007701874,Learned utility selected the highest-scoring feasible model.,2.341091000062079,learned,50.0,2048.0,True,True,184cfe80bff425a554eb,2,571,1
5.370434,0.0,483.6796875,99.3731936607574,0,tench,0.9997778983859752,11.447873999941294,cpp,mobilenet_v3_small,542ee6eb53f54b69bcf19a574a580044,0.4437167048454284,Learned utility selected the highest-scoring feasible model.,2.29016799994497,learned,50.0,2048.0,True,True,f5b6098226ef6b4d3008,2,0,1
5.36484,0.0,483.6796875,99.36000719715324,569,garbage truck,0.5097801949650608,11.179657000184308,cpp,mobilenet_v3_small,d59fa1651ec24193b8e03af4f00a8324,0.3714280426502228,Learned utility selected the highest-scoring feasible model.,2.226088000043092,learned,50.0,2048.0,True,True,1718763bdc51740a7d7a,2,569,1
5.219125,0.0,483.6796875,99.30539581088412,497,church,0.7919017757483665,11.050609999983864,cpp,mobilenet_v3_small,ff7542dbeb97490482d0c33dc6ab6614,0.3911303281784057,Learned utility selected the highest-scoring feasible model.,2.0248470000296948,learned,50.0,2048.0,True,True,42416e86d762cb8caf7a,2,497,1
5.35809,0.0,483.6796875,99.3350072688988,569,garbage truck,0.6580952102416495,11.255311000013537,cpp,mobilenet_v3_small,aca95769c8fb4236a0af29614ad9592e,0.3871074020862579,Learned utility selected the highest-scoring feasible model.,2.189231999864205,learned,50.0,2048.0,True,True,f04e6a8cd69749d35aab,2,569,1
6.756879,0.0,483.68359375,99.43320432271474,482,cassette player,0.6060792280018127,13.314850999904593,cpp,mobilenet_v3_small,9315adb0136b476abeb1c37c44bf7d7b,0.4222639501094818,Learned utility selected the highest-scoring feasible model.,2.3593939999955182,learned,50.0,2048.0,True,True,ead41664127f392d4b3a,2,482,1
5.648915,0.0,483.68359375,99.330203477913,571,gas pump,0.9997290856284924,11.808212999994794,cpp,mobilenet_v3_small,31d8032c99c749efbaf130fcc7f923e9,0.3769330084323883,Learned utility selected the highest-scoring feasible model.,2.611661999935677,learned,50.0,2048.0,True,True,90e1209a31015bd22730,2,571,1
5.812275,0.0,483.68359375,99.4461064380441,217,English springer,0.5835511659436893,12.19151200007218,cpp,mobilenet_v3_small,2977971f0a684050b36921d60c1e1576,0.4084501266479492,Learned utility selected the highest-scoring feasible model.,2.4637159999656437,learned,50.0,2048.0,True,True,71d33942636767e8ed5a,2,217,1
5.346437,0.0,483.6875,99.10861470385846,674,mousetrap,0.0965965452461388,11.226794999856793,cpp,mobilenet_v3_small,b7c31334a1ad4cb583694d681e3b7b17,0.4111779034137726,Learned utility selected the highest-scoring feasible model.,2.193431000023338,learned,50.0,2048.0,True,True,aca16af98b818790e01b,2,482,0
